event,mw_catalog,magnitude_group,magnitude_group_label,final_station_count,final_mw_pred_median,final_error,final_abs_error,first_within_0p15_observation_sec,first_within_0p15_release_sec,stable_within_0p15_observation_sec,stable_within_0p15_release_sec,stable_accuracy_right_censored,stable_accuracy_censor_observation_sec,stable_accuracy_censor_release_sec,stable_within_0p15_of_final_observation_sec,stable_within_0p15_of_final_release_sec
Parkfield2004,5.96999979019165,mw_lt_7,Mw < 7.0,2,5.922362804412842,-0.047636985778808594,0.047636985778808594,20.0,25.0,100.0,105.0,False,,,100.0,105.0
Napa2014,6.019999980926514,mw_lt_7,Mw < 7.0,3,6.175254821777344,0.15525484085083008,0.15525484085083008,20.0,25.0,,,True,200.0,205.0,200.0,205.0
Lefkada2015,6.5,mw_lt_7,Mw < 7.0,1,5.935489654541016,-0.5645103454589844,0.5645103454589844,,,,,True,200.0,205.0,180.0,185.0
Eureka2014,6.800000190734863,mw_lt_7,Mw < 7.0,1,6.897702693939209,0.0977025032043457,0.0977025032043457,120.0,125.0,200.0,205.0,False,,,80.0,85.0
Aegean2014,6.900000095367432,mw_lt_7,Mw < 7.0,1,6.756337642669678,-0.1436624526977539,0.1436624526977539,60.0,65.0,60.0,65.0,False,,,200.0,205.0
Kilauea2018,6.900000095367432,mw_lt_7,Mw < 7.0,2,6.964858531951904,0.06485843658447266,0.06485843658447266,200.0,205.0,200.0,205.0,False,,,180.0,185.0
Kumamoto2016,7.0,mw_7_to_lt_8,7.0 <= Mw < 8.0,24,7.027714729309082,0.02771472930908203,0.02771472930908203,40.0,45.0,80.0,85.0,False,,,80.0,85.0
Anchorage2018,7.099999904632568,mw_7_to_lt_8,7.0 <= Mw < 8.0,1,7.36749267578125,0.26749277114868164,0.26749277114868164,40.0,45.0,,,True,200.0,205.0,40.0,45.0
Miyagi2011B,7.099999904632568,mw_7_to_lt_8,7.0 <= Mw < 8.0,7,7.2014923095703125,0.10149240493774414,0.10149240493774414,20.0,25.0,200.0,205.0,False,,,200.0,205.0
Ridgecrest2019,7.099999904632568,mw_7_to_lt_8,7.0 <= Mw < 8.0,15,7.083926200866699,-0.01607370376586914,0.01607370376586914,20.0,25.0,20.0,25.0,False,,,20.0,25.0
ElMayor2010,7.199999809265137,mw_7_to_lt_8,7.0 <= Mw < 8.0,13,7.1232452392578125,-0.07675457000732422,0.07675457000732422,40.0,45.0,40.0,45.0,False,,,40.0,45.0
Miyagi2011A,7.300000190734863,mw_7_to_lt_8,7.0 <= Mw < 8.0,13,7.241808891296387,-0.05819129943847656,0.05819129943847656,80.0,85.0,80.0,85.0,False,,,60.0,65.0
Noto2024,7.5,mw_7_to_lt_8,7.0 <= Mw < 8.0,56,7.538020610809326,0.03802061080932617,0.03802061080932617,140.0,145.0,140.0,145.0,False,,,140.0,145.0
Melinka2016,7.599999904632568,mw_7_to_lt_8,7.0 <= Mw < 8.0,1,7.696258544921875,0.09625864028930664,0.09625864028930664,160.0,165.0,160.0,165.0,False,,,120.0,125.0
Nicoya2012,7.599999904632568,mw_7_to_lt_8,7.0 <= Mw < 8.0,1,7.194178581237793,-0.4058213233947754,0.4058213233947754,40.0,45.0,,,True,200.0,205.0,160.0,165.0
SandPoint2020,7.599999904632568,mw_7_to_lt_8,7.0 <= Mw < 8.0,1,7.816514492034912,0.21651458740234375,0.21651458740234375,,,,,True,200.0,205.0,120.0,125.0
Ecuador2016,7.800000190734863,mw_7_to_lt_8,7.0 <= Mw < 8.0,3,7.9907379150390625,0.19073772430419922,0.19073772430419922,40.0,45.0,,,True,200.0,205.0,40.0,45.0
Kaikoura2016,7.800000190734863,mw_7_to_lt_8,7.0 <= Mw < 8.0,4,8.019790410995483,0.21979022026062012,0.21979022026062012,140.0,145.0,,,True,200.0,205.0,140.0,145.0
Mentawai2010,7.800000190734863,mw_7_to_lt_8,7.0 <= Mw < 8.0,1,7.779576778411865,-0.020423412322998047,0.020423412322998047,60.0,65.0,180.0,185.0,False,,,180.0,185.0
Nepal2015,7.800000190734863,mw_7_to_lt_8,7.0 <= Mw < 8.0,1,7.742308616638184,-0.05769157409667969,0.05769157409667969,140.0,145.0,140.0,145.0,False,,,140.0,145.0
Simeonof2020,7.800000190734863,mw_7_to_lt_8,7.0 <= Mw < 8.0,3,7.974776268005371,0.1747760772705078,0.1747760772705078,180.0,185.0,,,True,200.0,205.0,140.0,145.0
Ibaraki2011,7.900000095367432,mw_7_to_lt_8,7.0 <= Mw < 8.0,76,7.934218168258667,0.03421807289123535,0.03421807289123535,120.0,125.0,120.0,125.0,False,,,120.0,125.0
RatIslands2014,7.900000095367432,mw_7_to_lt_8,7.0 <= Mw < 8.0,1,7.695836544036865,-0.2041635513305664,0.2041635513305664,80.0,85.0,,,True,200.0,205.0,180.0,185.0
Tokachi2003,8.15999984741211,mw_ge_8,Mw >= 8.0,34,8.178587436676025,0.018587589263916016,0.018587589263916016,120.0,125.0,120.0,125.0,False,,,120.0,125.0
Chignic2021,8.199999809265137,mw_ge_8,Mw >= 8.0,6,8.080399513244629,-0.11960029602050781,0.11960029602050781,180.0,185.0,180.0,185.0,False,,,160.0,165.0
Iquique2014,8.199999809265137,mw_ge_8,Mw >= 8.0,3,8.09937572479248,-0.10062408447265625,0.10062408447265625,80.0,85.0,80.0,85.0,False,,,80.0,85.0
Tehuantepec2017,8.199999809265137,mw_ge_8,Mw >= 8.0,1,7.945397853851318,-0.25460195541381836,0.25460195541381836,,,,,True,200.0,205.0,80.0,85.0
Illapel2015,8.300000190734863,mw_ge_8,Mw >= 8.0,4,8.083324909210205,-0.2166752815246582,0.2166752815246582,,,,,True,200.0,205.0,160.0,165.0
Maule2010,8.800000190734863,mw_ge_8,Mw >= 8.0,3,8.893668174743652,0.09366798400878906,0.09366798400878906,200.0,205.0,200.0,205.0,False,,,200.0,205.0
Tohoku2011,9.100000381469727,mw_ge_8,Mw >= 8.0,103,9.135103225708008,0.03510284423828125,0.03510284423828125,180.0,185.0,180.0,185.0,False,,,180.0,185.0
