split,event,station,observation_horizon_sec,release_time_sec,mw_catalog,pgd_3d_m,p_arrived,plateau_confidence,revision_mw,proposal_assimilation_mw,phase73_mw_pred,phase73_error_mw,phase73_abs_error_mw,phase39_mw_pred,phase39_error_mw,phase39_abs_error_mw,crowell_mw_pred,crowell_error_mw,crowell_abs_error_mw,melgar_mw_pred,melgar_error_mw,melgar_abs_error_mw,ruhl_mw_pred,ruhl_error_mw,ruhl_abs_error_mw
external_development_validation,Iquique 2014 M7.7,AEDA,200,206.0,7.7,0.4053284227848053,True,0.9453498721122742,0.0009197130566462874,-0.000354798452463001,7.577968597412109,-0.1220314025878908,0.1220314025878908,7.564909934997559,-0.13509006500244158,0.13509006500244158,7.166010856628418,-0.5339891433715822,0.5339891433715822,7.313217639923096,-0.3867823600769045,0.3867823600769045,7.113498687744141,-0.5865013122558596,0.5865013122558596
external_development_validation,Iquique 2014 M7.7,COLC,200,206.0,7.7,0.09239575266838074,True,0.9272896647453308,0.0005288160173222423,-0.002165498211979866,8.029032707214355,0.3290327072143553,0.3290327072143553,7.950099945068359,0.2500999450683592,0.2500999450683592,7.73253870010376,0.03253870010375959,0.03253870010375959,7.521371364593506,-0.17862863540649432,0.17862863540649432,7.365112781524658,-0.334887218475342,0.334887218475342
external_development_validation,Iquique 2014 M7.7,IQQE,200,206.0,7.7,0.3349616229534149,True,0.9726183414459229,1.5581545085296966e-05,-0.0026545647997409105,7.401193141937256,-0.2988068580627443,0.2988068580627443,7.232278347015381,-0.4677216529846193,0.4677216529846193,7.281831741333008,-0.41816825866699237,0.41816825866699237,7.384654998779297,-0.3153450012207033,0.3153450012207033,7.193761825561523,-0.5062381744384767,0.5062381744384767
external_development_validation,Iquique 2014 M7.7,MNMI,200,206.0,7.7,0.07839368283748627,True,0.9379487037658691,0.0001945673575391993,-0.003443787107244134,7.761842250823975,0.06184225082397443,0.06184225082397443,7.598934173583984,-0.1010658264160158,0.1010658264160158,7.477519989013672,-0.2224800109863283,0.2224800109863283,7.264004707336426,-0.4359952926635744,0.4359952926635744,7.08234167098999,-0.6176583290100099,0.6176583290100099
external_development_validation,Iquique 2014 M7.7,PB01,200,206.0,7.7,0.11933114379644394,True,0.9536464214324951,0.00041626367601566017,-0.0020126723684370518,7.613622188568115,-0.08637781143188494,0.08637781143188494,7.524771690368652,-0.17522830963134783,0.17522830963134783,7.353636741638184,-0.3463632583618166,0.3463632583618166,7.24589729309082,-0.45410270690917987,0.45410270690917987,7.056114673614502,-0.6438853263854982,0.6438853263854982
external_development_validation,Iquique 2014 M7.7,PB02,200,206.0,7.7,0.05704735219478607,True,0.9580311179161072,0.0009063408942893147,-0.0010610357858240604,7.291184902191162,-0.40881509780883807,0.40881509780883807,7.249269008636475,-0.45073099136352557,0.45073099136352557,6.978664398193359,-0.7213356018066408,0.7213356018066408,6.7625346183776855,-0.9374653816223146,0.9374653816223146,6.535857200622559,-1.1641427993774416,1.1641427993774416
external_development_validation,Iquique 2014 M7.7,PB08,200,206.0,7.7,0.23292359709739685,True,0.9254298806190491,0.0004973068716935813,-0.002177783288061619,8.034402847290039,0.3344028472900389,0.3344028472900389,7.955069541931152,0.25506954193115217,0.25506954193115217,7.779987335205078,0.07998733520507795,0.07998733520507795,7.762898921966553,0.06289892196655256,0.06289892196655256,7.615950107574463,-0.08404989242553729,0.08404989242553729
external_development_validation,Iquique 2014 M7.7,PB11,200,206.0,7.7,0.17695438861846924,True,0.9638639688491821,0.00017224065959453583,-0.002600322710350156,7.685512542724609,-0.014487457275390803,0.014487457275390803,7.552300930023193,-0.14769906997680682,0.14769906997680682,7.5609636306762695,-0.13903636932373065,0.13903636932373065,7.511127948760986,-0.18887205123901385,0.18887205123901385,7.342195987701416,-0.35780401229858416,0.35780401229858416
external_development_validation,Iquique 2014 M7.7,PCHA,200,206.0,7.7,0.20628972351551056,True,0.9534999132156372,0.0002678004384506494,-0.0023971854243427515,7.821681976318359,0.1216819763183592,0.1216819763183592,7.713082790374756,0.013082790374755682,0.013082790374755682,7.674795627593994,-0.025204372406006037,0.025204372406006037,7.644059658050537,-0.05594034194946307,0.05594034194946307,7.4864912033081055,-0.2135087966918947,0.2135087966918947
external_development_validation,Iquique 2014 M7.7,PSGA,200,206.0,7.7,0.07627079635858536,True,0.9576199650764465,0.0005660898750647902,-0.0016157133504748344,7.415949821472168,-0.2840501785278322,0.2840501785278322,7.346486568450928,-0.35351343154907244,0.35351343154907244,7.158964157104492,-0.541035842895508,0.541035842895508,6.981087684631348,-0.7189123153686525,0.7189123153686525,6.771467685699463,-0.9285323143005373,0.9285323143005373
external_development_validation,Iquique 2014 M7.7,UTAR,200,206.0,7.7,0.05732607841491699,True,0.9686025977134705,-0.0001037419933709316,-0.0029819372575730085,7.294924736022949,-0.40507526397705096,0.40507526397705096,7.084345817565918,-0.6156541824340822,0.6156541824340822,7.495863914489746,-0.20413608551025408,0.20413608551025408,7.209351062774658,-0.490648937225342,0.490648937225342,7.026753902435303,-0.6732460975646974,0.6732460975646974
external_development_validation,Kodiak 2018 M7.9,AB07.GNSS,200,206.0,7.9,0.03905561938881874,True,0.9758172035217285,0.0017849612049758434,0.005655713379383087,8.174665451049805,0.27466545104980433,0.27466545104980433,8.657370567321777,0.757370567321777,0.757370567321777,8.182540893554688,0.28254089355468714,0.28254089355468714,7.692320346832275,-0.20767965316772496,0.20767965316772496,7.576276779174805,-0.32372322082519567,0.32372322082519567
external_development_validation,Kodiak 2018 M7.9,AB13.GNSS,200,206.0,7.9,0.05396634712815285,True,0.9655864238739014,0.0012208917178213596,0.001753697986714542,8.155466079711914,0.2554660797119137,0.2554660797119137,8.220806121826172,0.3208061218261715,0.3208061218261715,8.163764953613281,0.2637649536132809,0.2637649536132809,7.7598490715026855,-0.1401509284973148,0.1401509284973148,7.6446967124938965,-0.25530328750610387,0.25530328750610387
external_development_validation,Kodiak 2018 M7.9,AB14.GNSS,200,206.0,7.9,0.025042956694960594,True,0.9655421376228333,-0.00010157519864151254,-0.003623519092798233,8.030695915222168,0.1306959152221676,0.1306959152221676,7.736385345458984,-0.16361465454101598,0.16361465454101598,7.9326934814453125,0.032693481445312145,0.032693481445312145,7.370093822479248,-0.5299061775207523,0.5299061775207523,7.221805572509766,-0.6781944274902347,0.6781944274902347
external_development_validation,Kodiak 2018 M7.9,AB22.GNSS,200,206.0,7.9,0.05515981838107109,True,0.9663745760917664,0.0003353888459969312,-0.004197749774903059,8.078437805175781,0.1784378051757809,0.1784378051757809,7.85595703125,-0.044042968750000355,0.044042968750000355,8.119667053222656,0.2196670532226559,0.2196670532226559,7.72841215133667,-0.17158784866333043,0.17158784866333043,7.608574867248535,-0.2914251327514652,0.2914251327514652
external_development_validation,Kodiak 2018 M7.9,AB28.GNSS,200,206.0,7.9,0.0551840104162693,True,0.9776591062545776,-0.000815928797237575,-0.002491718390956521,8.08368968963623,0.1836896896362301,0.1836896896362301,7.034493923187256,-0.8655060768127445,0.8655060768127445,8.346671104431152,0.446671104431152,0.446671104431152,7.918242454528809,0.01824245452880824,0.01824245452880824,7.824033737182617,-0.07596626281738317,0.07596626281738317
external_development_validation,Kodiak 2018 M7.9,AB35.GNSS,200,206.0,7.9,0.046512581408023834,True,0.947499692440033,0.001006894395686686,-0.0002175207919208333,8.249018669128418,0.3490186691284176,0.3490186691284176,8.241344451904297,0.3413444519042965,0.3413444519042965,8.126775741577148,0.22677574157714808,0.22677574157714808,7.691247463226318,-0.208752536773682,0.208752536773682,7.570692539215088,-0.32930746078491246,0.32930746078491246
external_development_validation,Kodiak 2018 M7.9,AB42.GNSS,200,206.0,7.9,0.03475992754101753,True,0.9712987542152405,3.314223067718558e-05,-0.0028760170098394156,8.054221153259277,0.154221153259277,0.154221153259277,7.844532012939453,-0.05546798706054723,0.05546798706054723,8.127045631408691,0.22704563140869105,0.22704563140869105,7.616011142730713,-0.28398885726928746,0.28398885726928746,7.492579936981201,-0.4074200630187992,0.4074200630187992
external_development_validation,Kodiak 2018 M7.9,AB43.GNSS,200,206.0,7.9,0.03612251952290535,True,0.9721716642379761,-0.000820801651570946,-0.0029428107663989067,8.111276626586914,0.2112766265869137,0.2112766265869137,7.148581504821777,-0.751418495178223,0.751418495178223,8.237533569335938,0.33753356933593714,0.33753356933593714,7.717007637023926,-0.18299236297607457,0.18299236297607457,7.606364727020264,-0.2936352729797367,0.2936352729797367
external_development_validation,Kodiak 2018 M7.9,AC02.GNSS,200,206.0,7.9,0.08669339120388031,True,0.9652427434921265,0.0004083819512743503,-0.0010202726116403937,7.89914083480835,-0.0008591651916507459,0.0008591651916507459,7.853265285491943,-0.046734714508056996,0.046734714508056996,7.924311637878418,0.024311637878417613,0.024311637878417613,7.671944618225098,-0.2280553817749027,0.2280553817749027,7.534637451171875,-0.36536254882812536,0.36536254882812536
external_development_validation,Kodiak 2018 M7.9,AC03.GNSS,200,206.0,7.9,0.07764328271150589,True,0.968164324760437,0.0007806025096215308,-0.0008809013525024056,8.007307052612305,0.10730705261230433,0.10730705261230433,7.9726715087890625,0.07267150878906214,0.07267150878906214,8.125057220458984,0.22505722045898402,0.22505722045898402,7.817139625549316,-0.08286037445068395,0.08286037445068395,7.700483798980713,-0.19951620101928746,0.19951620101928746
external_development_validation,Kodiak 2018 M7.9,AC06.GNSS,200,206.0,7.9,0.0704963356256485,True,0.977135181427002,0.0001741862070048228,-0.0028538312762975693,7.775557518005371,-0.12444248199462926,0.12444248199462926,7.617328643798828,-0.28267135620117223,0.28267135620117223,8.04757308959961,0.14757308959960902,0.14757308959960902,7.727996826171875,-0.17200317382812536,0.17200317382812536,7.6022562980651855,-0.2977437019348148,0.2977437019348148
external_development_validation,Kodiak 2018 M7.9,AC08.GNSS,200,206.0,7.9,0.07124289870262146,True,0.9621078968048096,0.000432671484304592,-0.0013726166216656566,8.02686595916748,0.1268659591674801,0.1268659591674801,7.967754364013672,0.06775436401367152,0.06775436401367152,8.035348892211914,0.1353488922119137,0.1353488922119137,7.720168113708496,-0.17983188629150426,0.17983188629150426,7.593194007873535,-0.3068059921264652,0.3068059921264652
external_development_validation,Kodiak 2018 M7.9,AC09.GNSS,200,206.0,7.9,0.05589919164776802,True,0.9310579895973206,0.0006747323204763234,-0.002744087250903249,8.244315147399902,0.344315147399902,0.344315147399902,8.145381927490234,0.24538192749023402,0.24538192749023402,8.075101852416992,0.17510185241699183,0.17510185241699183,7.694332122802734,-0.20566787719726598,0.20566787719726598,7.569741725921631,-0.3302582740783695,0.3302582740783695
external_development_validation,Kodiak 2018 M7.9,AC11.GNSS,200,206.0,7.9,0.048328157514333725,True,0.9763354659080505,-0.00042423733975738287,-0.003275665221735835,7.995950222015381,0.0959502220153805,0.0959502220153805,7.469326019287109,-0.430673980712891,0.430673980712891,8.204461097717285,0.3044610977172848,0.3044610977172848,7.765710353851318,-0.134289646148682,0.134289646148682,7.65414571762085,-0.24585428237915075,0.24585428237915075
external_development_validation,Kodiak 2018 M7.9,AC12.GNSS,200,206.0,7.9,0.045688457787036896,True,0.9671092629432678,0.002020946703851223,0.006593001075088978,8.123565673828125,0.22356567382812464,0.22356567382812464,8.626676559448242,0.7266765594482418,0.7266765594482418,8.206890106201172,0.3068901062011715,0.3068901062011715,7.7532639503479,-0.14673604965209996,0.14673604965209996,7.641462802886963,-0.25853719711303746,0.25853719711303746
external_development_validation,Kodiak 2018 M7.9,AC13.GNSS,200,206.0,7.9,0.09430961310863495,True,0.9432909488677979,0.0008505096193403006,0.0008235292043536901,8.007120132446289,0.10712013244628871,0.10712013244628871,8.03671646118164,0.13671646118164027,0.13671646118164027,8.129234313964844,0.2292343139648434,0.2292343139648434,7.867321968078613,-0.032678031921387074,0.032678031921387074,7.752363681793213,-0.14763631820678746,0.14763631820678746
external_development_validation,Kodiak 2018 M7.9,AC14.GNSS,200,206.0,7.9,0.05687526986002922,True,0.9706853032112122,-1.2849853874286055e-06,-0.004016395192593336,8.013128280639648,0.11312828063964808,0.11312828063964808,7.736625671386719,-0.1633743286132816,0.1633743286132816,8.135658264160156,0.2356582641601559,0.2356582641601559,7.74949312210083,-0.15050687789917028,0.15050687789917028,7.631669044494629,-0.26833095550537145,0.26833095550537145
external_development_validation,Kodiak 2018 M7.9,AC15.GNSS,200,206.0,7.9,0.07309623807668686,True,0.9844576716423035,-0.0003997754247393459,-0.0031253460329025984,7.730947017669678,-0.16905298233032262,0.16905298233032262,7.303138732910156,-0.5968612670898441,0.5968612670898441,8.184525489807129,0.28452548980712855,0.28452548980712855,7.852848052978516,-0.04715194702148473,0.04715194702148473,7.742334365844727,-0.1576656341552738,0.1576656341552738
external_development_validation,Kodiak 2018 M7.9,AC17.GNSS,200,206.0,7.9,0.06412243098020554,True,0.9731419086456299,0.0005630497471429408,-0.0020903635304421186,7.956437587738037,0.056437587738036754,0.056437587738036754,7.862438201904297,-0.03756179809570348,0.03756179809570348,8.205459594726562,0.30545959472656214,0.30545959472656214,7.838103771209717,-0.06189622879028356,0.06189622879028356,7.728974342346191,-0.17102565765380895,0.17102565765380895
external_development_validation,Kodiak 2018 M7.9,AC18.GNSS,200,206.0,7.9,0.08625265955924988,True,0.9680026769638062,0.0004836175648961216,-0.0008383988752029836,7.893157005310059,-0.0068429946899417615,0.0068429946899417615,7.856815338134766,-0.04318466186523473,0.04318466186523473,8.02853012084961,0.12853012084960902,0.12853012084960902,7.7600202560424805,-0.1399797439575199,0.1399797439575199,7.633639335632324,-0.26636066436767614,0.26636066436767614
external_development_validation,Kodiak 2018 M7.9,AC19.GNSS,200,206.0,7.9,0.034601569175720215,True,0.9747921824455261,-0.0008416004711762071,-0.0026557680685073137,8.213400840759277,0.313400840759277,0.313400840759277,7.108009338378906,-0.7919906616210941,0.7919906616210941,8.186644554138184,0.28664455413818324,0.28664455413818324,7.663793087005615,-0.23620691299438512,0.23620691299438512,7.546950817108154,-0.35304918289184606,0.35304918289184606
external_development_validation,Kodiak 2018 M7.9,AC20.GNSS,200,206.0,7.9,0.05242297425866127,True,0.9756590723991394,0.001425782684236765,0.003978865221142769,7.995566368103027,0.09556636810302699,0.09556636810302699,8.175409317016602,0.2754093170166012,0.2754093170166012,8.104228019714355,0.2042280197143551,0.2042280197143551,7.702710151672363,-0.19728984832763707,0.19728984832763707,7.580747604370117,-0.31925239562988317,0.31925239562988317
external_development_validation,Kodiak 2018 M7.9,AC21.GNSS,200,206.0,7.9,0.04166131466627121,True,0.9668318629264832,0.0013528892304748297,0.0012510312953963876,8.145411491394043,0.2454114913940426,0.2454114913940426,8.190780639648438,0.29078063964843714,0.29078063964843714,8.096368789672852,0.1963687896728512,0.1963687896728512,7.637762546539307,-0.2622374534606937,0.2622374534606937,7.512819290161133,-0.38718070983886754,0.38718070983886754
external_development_validation,Kodiak 2018 M7.9,AC23.GNSS,200,206.0,7.9,0.0856269970536232,True,0.970881998538971,0.0005431339959613979,-0.0027010415215045214,8.086730003356934,0.18673000335693324,0.18673000335693324,7.965249538421631,0.0652495384216305,0.0652495384216305,8.272571563720703,0.37257156372070277,0.37257156372070277,7.966221809387207,0.06622180938720668,0.06622180938720668,7.866621017456055,-0.03337898254394567,0.03337898254394567
external_development_validation,Kodiak 2018 M7.9,AC24.GNSS,200,206.0,7.9,0.039565831422805786,True,0.9712725281715393,0.000744417542591691,-0.0015534339472651482,7.885429382324219,-0.014570617675781605,0.014570617675781605,7.815694332122803,-0.08430566787719762,0.08430566787719762,7.9566650390625,0.056665039062499645,0.056665039062499645,7.508548736572266,-0.39145126342773473,0.39145126342773473,7.368053913116455,-0.5319460868835453,0.5319460868835453
external_development_validation,Kodiak 2018 M7.9,AC26.GNSS,200,206.0,7.9,0.0511833019554615,True,0.9773573279380798,-0.00022769834322389215,-0.003260755678638816,7.682481288909912,-0.21751871109008825,0.21751871109008825,7.366168022155762,-0.5338319778442386,0.5338319778442386,7.819761753082275,-0.08023824691772496,0.08023824691772496,7.457754135131836,-0.4422458648681644,0.4422458648681644,7.305558681488037,-0.5944413185119632,0.5944413185119632
external_development_validation,Kodiak 2018 M7.9,AC27.GNSS,200,206.0,7.9,0.06716512888669968,True,0.9715774655342102,0.00022368445934262127,-0.0018864193698391318,7.925101280212402,0.02510128021240199,0.02510128021240199,7.829701900482178,-0.07029809951782262,0.07029809951782262,8.092053413391113,0.19205341339111293,0.19205341339111293,7.7538957595825195,-0.14610424041748082,0.14610424041748082,7.632603645324707,-0.2673963546752933,0.2673963546752933
external_development_validation,Kodiak 2018 M7.9,AC28.GNSS,200,206.0,7.9,0.039825860410928726,True,0.9724408984184265,0.002094758441671729,0.006363857537508011,8.084720611572266,0.18472061157226527,0.18472061157226527,8.704509735107422,0.8045097351074215,0.8045097351074215,8.167254447937012,0.26725444793701136,0.26725444793701136,7.684796333312988,-0.21520366668701207,0.21520366668701207,7.5672407150268555,-0.3327592849731449,0.3327592849731449
external_development_validation,Kodiak 2018 M7.9,AC29.GNSS,200,206.0,7.9,0.058864470571279526,True,0.9162424802780151,0.0009806578746065497,-0.0004637853417079896,8.212225914001465,0.3122259140014645,0.3122259140014645,8.197574615478516,0.29757461547851527,0.29757461547851527,7.937675952911377,0.0376759529113766,0.0376759529113766,7.591237545013428,-0.3087624549865726,0.3087624549865726,7.452426910400391,-0.44757308959960973,0.44757308959960973
external_development_validation,Kodiak 2018 M7.9,AC32.GNSS,200,206.0,7.9,0.05743567273020744,True,0.9784691333770752,0.0004387395456433296,0.0003301966062281281,7.984596252441406,0.0845962524414059,0.0845962524414059,8.001913070678711,0.10191307067871058,0.10191307067871058,8.244376182556152,0.344376182556152,0.344376182556152,7.843064785003662,-0.056935214996338246,0.056935214996338246,7.7374587059021,-0.16254129409790075,0.16254129409790075
external_development_validation,Kodiak 2018 M7.9,AC33.GNSS,200,206.0,7.9,0.04348316043615341,True,0.9740610718727112,-0.0005953590152785182,-0.003109048819169402,8.286287307739258,0.38628730773925746,0.38628730773925746,7.549249172210693,-0.350750827789307,0.350750827789307,8.275518417358398,0.3755184173583981,0.3755184173583981,7.797247886657715,-0.10275211334228551,0.10275211334228551,7.692770004272461,-0.20722999572753942,0.20722999572753942
external_development_validation,Kodiak 2018 M7.9,AC34.GNSS,200,206.0,7.9,0.09601523727178574,True,0.9507699608802795,0.0010648526949808002,0.0013219746761023998,7.956012725830078,0.05601272583007777,0.05601272583007777,8.004222869873047,0.10422286987304652,0.10422286987304652,7.871358871459961,-0.028641128540039418,0.028641128540039418,7.649984359741211,-0.2500156402587894,0.2500156402587894,7.507891654968262,-0.39210834503173864,0.39210834503173864
external_development_validation,Kodiak 2018 M7.9,AC35.GNSS,200,206.0,7.9,0.07981949299573898,True,0.9498023390769958,0.0007182349218055606,0.0003228577261324972,7.750765800476074,-0.14923419952392614,0.14923419952392614,7.763092041015625,-0.13690795898437536,0.13690795898437536,8.021260261535645,0.12126026153564418,0.12126026153564418,7.735421657562256,-0.1645783424377445,0.1645783424377445,7.607748031616211,-0.2922519683837894,0.2922519683837894
external_development_validation,Kodiak 2018 M7.9,AC36.GNSS,200,206.0,7.9,0.07354699075222015,True,0.9752864837646484,0.0014157537370920181,0.005167584866285324,7.995730400085449,0.09573040008544886,0.09573040008544886,8.278608322143555,0.37860832214355433,0.37860832214355433,8.27900218963623,0.3790021896362301,0.3790021896362301,7.934204578399658,0.03420457839965785,0.03420457839965785,7.834352016448975,-0.06564798355102575,0.06564798355102575
external_development_validation,Kodiak 2018 M7.9,AC37.GNSS,200,206.0,7.9,0.05660632625222206,True,0.9746332764625549,0.0008238074369728565,0.0018884099554270506,7.977895259857178,0.07789525985717738,0.07789525985717738,8.06174087524414,0.16174087524414027,0.16174087524414027,8.16566276550293,0.26566276550292933,0.26566276550292933,7.773468494415283,-0.12653150558471715,0.12653150558471715,7.658923625946045,-0.24107637405395543,0.24107637405395543
external_development_validation,Kodiak 2018 M7.9,AC38.GNSS,200,206.0,7.9,0.07768614590167999,True,0.9752359986305237,-1.0245222256344277e-05,-0.0027198262978345156,7.7572340965271,-0.14276590347290075,0.14276590347290075,7.579115867614746,-0.32088413238525426,0.32088413238525426,7.861048221588135,-0.03895177841186559,0.03895177841186559,7.592136383056641,-0.30786361694335973,0.30786361694335973,7.447554111480713,-0.45244588851928746,0.45244588851928746
external_development_validation,Kodiak 2018 M7.9,AC40.GNSS,200,206.0,7.9,0.06784089654684067,True,0.9579890966415405,0.00023026858980301768,-0.0037801580037921667,8.228861808776855,0.3288618087768551,0.3288618087768551,8.037469863891602,0.1374698638916012,0.1374698638916012,8.288168907165527,0.388168907165527,0.388168907165527,7.921779632568359,0.02177963256835902,0.02177963256835902,7.822408676147461,-0.07759132385253942,0.07759132385253942
external_development_validation,Kodiak 2018 M7.9,AC43.GNSS,200,206.0,7.9,0.074022576212883,True,0.9467554092407227,0.0005928410682827234,-0.001121075008995831,8.034841537475586,0.13484153747558558,0.13484153747558558,7.992215633392334,0.09221563339233363,0.09221563339233363,7.99649715423584,0.09649715423583949,0.09649715423583949,7.696335315704346,-0.20366468429565465,0.20366468429565465,7.565500736236572,-0.3344992637634281,0.3344992637634281
external_development_validation,Kodiak 2018 M7.9,AC44.GNSS,200,206.0,7.9,0.05587298795580864,True,0.9786995053291321,0.00024085206678137183,-0.0009386669844388962,8.013564109802246,0.11356410980224574,0.11356410980224574,7.961627006530762,0.061627006530761363,0.061627006530761363,8.186264991760254,0.28626499176025355,0.28626499176025355,7.787445068359375,-0.11255493164062536,0.11255493164062536,7.675086498260498,-0.2249135017395023,0.2249135017395023
external_development_validation,Kodiak 2018 M7.9,AC45.GNSS,200,206.0,7.9,0.11751826107501984,True,0.954608142375946,0.0005575458635576069,-0.00036881212145090103,8.055944442749023,0.15594444274902308,0.15594444274902308,8.041345596313477,0.1413455963134762,0.1413455963134762,8.03787612915039,0.13787612915039027,0.13787612915039027,7.840108871459961,-0.05989112854003942,0.05989112854003942,7.716541767120361,-0.18345823287963903,0.18345823287963903
external_development_validation,Kodiak 2018 M7.9,AC46.GNSS,200,206.0,7.9,0.05720265954732895,True,0.9766802787780762,-0.00037867072387598455,-0.003446662798523903,8.040597915649414,0.1405979156494137,0.1405979156494137,7.546910762786865,-0.3530892372131351,0.3530892372131351,8.327037811279297,0.4270378112792965,0.4270378112792965,7.911110877990723,0.011110877990722301,0.011110877990722301,7.81491756439209,-0.08508243560791051,0.08508243560791051
external_development_validation,Kodiak 2018 M7.9,AC47.GNSS,200,206.0,7.9,0.08335525542497635,True,0.9499216675758362,0.0011717058951035142,0.0012026240583509207,8.096353530883789,0.1963535308837887,0.1963535308837887,8.138469696044922,0.23846969604492152,0.23846969604492152,8.242835998535156,0.3428359985351559,0.3428359985351559,7.93441104888916,0.0344110488891598,0.0344110488891598,7.831286907196045,-0.06871309280395543,0.06871309280395543
external_development_validation,Kodiak 2018 M7.9,AC48.GNSS,200,206.0,7.9,0.06198001652956009,True,0.972547173500061,-0.0005149011849425733,-0.0034249448217451572,8.015997886657715,0.11599788665771449,0.11599788665771449,7.44901180267334,-0.4509881973266605,0.4509881973266605,8.151727676391602,0.2517276763916012,0.2517276763916012,7.784430027008057,-0.11556997299194371,0.11556997299194371,7.669065952301025,-0.23093404769897496,0.23093404769897496
external_development_validation,Kodiak 2018 M7.9,AC51.GNSS,200,206.0,7.9,0.059749748557806015,True,0.9789394736289978,-0.0001886511454358697,-0.00321351015008986,7.9460768699646,0.046076869964599254,0.046076869964599254,7.632895469665527,-0.267104530334473,0.267104530334473,8.284008979797363,0.3840089797973629,0.3840089797973629,7.886255264282227,-0.013744735717773793,0.013744735717773793,7.785464286804199,-0.11453571319580114,0.11453571319580114
external_development_validation,Kodiak 2018 M7.9,AC52.GNSS,200,206.0,7.9,0.0462329275906086,True,0.9585827589035034,-7.190647738752887e-05,-0.004594258964061737,8.133827209472656,0.2338272094726559,0.2338272094726559,7.802976131439209,-0.09702386856079137,0.09702386856079137,8.033490180969238,0.13349018096923793,0.13349018096923793,7.611942768096924,-0.2880572319030765,0.2880572319030765,7.481170654296875,-0.41882934570312536,0.41882934570312536
external_development_validation,Kodiak 2018 M7.9,AC53.GNSS,200,206.0,7.9,0.05848495662212372,True,0.981574296951294,-0.0006716870702803135,-0.002722732722759247,8.03290843963623,0.1329084396362301,0.1329084396362301,7.223346710205078,-0.6766532897949222,0.6766532897949222,8.291463851928711,0.3914638519287106,0.3914638519287106,7.887053966522217,-0.012946033477783558,0.012946033477783558,7.786947727203369,-0.11305227279663121,0.11305227279663121
external_development_validation,Kodiak 2018 M7.9,AC59.GNSS,200,206.0,7.9,0.06395085901021957,True,0.9680769443511963,7.02735414961353e-05,-0.002837947104126215,7.948036193847656,0.048036193847655895,0.048036193847655895,7.79086446762085,-0.10913553237915075,0.10913553237915075,8.081221580505371,0.18122158050537074,0.18122158050537074,7.732728481292725,-0.16727151870727575,0.16727151870727575,7.609886646270752,-0.2901133537292484,0.2901133537292484
external_development_validation,Kodiak 2018 M7.9,AC64.GNSS,200,206.0,7.9,0.034414976835250854,True,0.9747004508972168,-0.0007855310686863959,-0.0026141463313251734,8.267616271972656,0.3676162719726559,0.3676162719726559,7.162220001220703,-0.7377799987792972,0.7377799987792972,8.215094566345215,0.3150945663452145,0.3150945663452145,7.685703754425049,-0.21429624557495153,0.21429624557495153,7.572007179260254,-0.32799282073974645,0.32799282073974645
external_development_validation,Kodiak 2018 M7.9,AC67.GNSS,200,206.0,7.9,0.10678279399871826,True,0.9677345752716064,0.0007716483669355512,0.00057415064657107,7.937399864196777,0.03739986419677699,0.03739986419677699,7.960651397705078,0.06065139770507777,0.06065139770507777,7.904767036437988,0.004767036437987926,0.004767036437987926,7.703102111816406,-0.1968978881835941,0.1968978881835941,7.56508207321167,-0.33491792678833043,0.33491792678833043
external_development_validation,Kodiak 2018 M7.9,AC75.GNSS,200,206.0,7.9,0.032030779868364334,True,0.968930721282959,-0.0006124965730123222,-0.004029078409075737,8.268157005310059,0.36815700531005824,0.36815700531005824,7.696746826171875,-0.20325317382812536,0.20325317382812536,8.16145133972168,0.26145133972167933,0.26145133972167933,7.622603893280029,-0.27739610671997106,0.27739610671997106,7.502097129821777,-0.397902870178223,0.397902870178223
external_development_validation,Kodiak 2018 M7.9,AC77.GNSS,200,206.0,7.9,0.0300238486379385,True,0.9679057002067566,-0.0005640980671159923,-0.0039690397679805756,8.173900604248047,0.2739006042480465,0.2739006042480465,7.591983795166016,-0.30801620483398473,0.30801620483398473,8.123285293579102,0.2232852935791012,0.2232852935791012,7.574104309082031,-0.3258956909179691,0.3258956909179691,7.448620319366455,-0.4513796806335453,0.4513796806335453
external_development_validation,Kodiak 2018 M7.9,AC79.GNSS,200,206.0,7.9,0.060891032218933105,True,0.937757670879364,0.0003953510313294828,-0.00232481537386775,8.038932800292969,0.1389328002929684,0.1389328002929684,7.947137355804443,0.047137355804443004,0.047137355804443004,8.025928497314453,0.12592849731445277,0.12592849731445277,7.6740312576293945,-0.22596874237060582,0.22596874237060582,7.544841766357422,-0.3551582336425785,0.3551582336425785
external_development_validation,Kodiak 2018 M7.9,AC80.GNSS,200,206.0,7.9,0.055238332599401474,True,0.978313684463501,-0.0006723974365741014,-0.0029853684827685356,8.362308502197266,0.46230850219726527,0.46230850219726527,7.498422145843506,-0.4015778541564945,0.4015778541564945,8.368274688720703,0.46827468872070277,0.46827468872070277,7.936487197875977,0.03648719787597621,0.03648719787597621,7.8447980880737305,-0.055201911926269887,0.055201911926269887
external_development_validation,Kodiak 2018 M7.9,ATW2.GNSS,200,206.0,7.9,0.050820089876651764,True,0.9807468056678772,-0.00039174247649498284,-0.0031654275953769684,7.93469762802124,0.03469762802123988,0.03469762802123988,7.44772481918335,-0.45227518081665075,0.45227518081665075,8.195329666137695,0.29532966613769496,0.29532966613769496,7.770971298217773,-0.12902870178222692,0.12902870178222692,7.658824443817139,-0.24117555618286168,0.24117555618286168
external_development_validation,Kodiak 2018 M7.9,AV01.GNSS,200,206.0,7.9,0.07340996712446213,True,0.9841851592063904,-0.00034172029700130224,-0.0034864682238548994,8.005817413330078,0.10581741333007777,0.10581741333007777,7.594245910644531,-0.3057540893554691,0.3057540893554691,8.105647087097168,0.2056470870971676,0.2056470870971676,7.787073135375977,-0.11292686462402379,0.11292686462402379,7.667909145355225,-0.23209085464477575,0.23209085464477575
external_development_validation,Kodiak 2018 M7.9,AV02.GNSS,200,206.0,7.9,0.07595745474100113,True,0.9687496423721313,0.0007606522412970662,0.0007655930821783841,7.912728786468506,0.012728786468505504,0.012728786468505504,7.943532466888428,0.04353246688842738,0.04353246688842738,8.115478515625,0.21547851562499964,0.21547851562499964,7.803689479827881,-0.0963105201721195,0.0963105201721195,7.685836315155029,-0.21416368484497106,0.21416368484497106
external_development_validation,Kodiak 2018 M7.9,AV04.GNSS,200,206.0,7.9,0.08009076118469238,True,0.9620648622512817,0.0005926784942857921,-0.0011636484414339066,8.347938537597656,0.4479385375976559,0.4479385375976559,8.30143928527832,0.40143928527831996,0.40143928527831996,8.145929336547852,0.2459293365478512,0.2459293365478512,7.842386245727539,-0.05761375427246129,0.05761375427246129,7.728227615356445,-0.17177238464355504,0.17177238464355504
external_development_validation,Kodiak 2018 M7.9,AV11.GNSS,200,206.0,7.9,0.07591845095157623,True,0.958580732345581,0.0008169922512024641,0.00034458862501196563,7.9947614669799805,0.09476146697998011,0.09476146697998011,8.007810592651367,0.10781059265136683,0.10781059265136683,8.116950035095215,0.2169500350952145,0.2169500350952145,7.804814338684082,-0.09518566131591832,0.09518566131591832,7.687118053436279,-0.21288194656372106,0.21288194656372106
external_development_validation,Kodiak 2018 M7.9,AV16.GNSS,200,206.0,7.9,0.07400824129581451,True,0.9663861989974976,0.00051445746794343,-0.0015326753491535783,7.974052429199219,0.0740524291992184,0.0740524291992184,7.9089674949646,0.008967494964599254,0.008967494964599254,8.118236541748047,0.21823654174804652,0.21823654174804652,7.799721717834473,-0.1002782821655277,0.1002782821655277,7.681988716125488,-0.21801128387451207,0.21801128387451207
external_development_validation,Kodiak 2018 M7.9,AV17.GNSS,200,206.0,7.9,0.06770949810743332,True,0.9636159539222717,0.00039789185393601656,-0.003153421450406313,8.093009948730469,0.1930099487304684,0.1930099487304684,7.949371337890625,0.049371337890624645,0.049371337890624645,8.074664115905762,0.17466411590576136,0.17466411590576136,7.741156101226807,-0.15884389877319371,0.15884389877319371,7.618038177490234,-0.281961822509766,0.281961822509766
external_development_validation,Kodiak 2018 M7.9,AV18.GNSS,200,206.0,7.9,0.07526472955942154,True,0.9840483665466309,0.0003112425620201975,-0.001243674661964178,7.9744391441345215,0.07443914413452113,0.07443914413452113,7.911865234375,0.011865234374999645,0.011865234374999645,8.119369506835938,0.21936950683593714,0.21936950683593714,7.8047709465026855,-0.09522905349731481,0.09522905349731481,7.687279224395752,-0.2127207756042484,0.2127207756042484
external_development_validation,Kodiak 2018 M7.9,AV20.GNSS,200,206.0,7.9,0.07315454632043839,True,0.9475449323654175,0.000759977730922401,-0.0014499322278425097,8.12753677368164,0.22753677368164027,0.22753677368164027,8.07453441619873,0.1745344161987301,0.1745344161987301,8.100278854370117,0.20027885437011683,0.20027885437011683,7.781673431396484,-0.11832656860351598,0.11832656860351598,7.661900043487549,-0.23809995651245153,0.23809995651245153
external_development_validation,Kodiak 2018 M7.9,EYAC.GNSS,200,206.0,7.9,0.05446748062968254,True,0.9733121395111084,-0.0002477462403476238,-0.003860221477225423,8.02253246307373,0.12253246307373011,0.12253246307373011,7.654086112976074,-0.24591388702392614,0.24591388702392614,8.11551570892334,0.2155157089233395,0.2155157089233395,7.721767902374268,-0.17823209762573278,0.17823209762573278,7.6013689041137695,-0.2986310958862308,0.2986310958862308
external_development_validation,Kodiak 2018 M7.9,SELD.GNSS,200,206.0,7.9,0.08126726746559143,True,0.9664794206619263,0.000377259828383103,-0.0013342146994546056,7.871939659118652,-0.02806034088134801,0.02806034088134801,7.813016414642334,-0.08698358535766637,0.08698358535766637,8.077394485473633,0.17739448547363246,0.17739448547363246,7.787569522857666,-0.11243047714233434,0.11243047714233434,7.66603946685791,-0.2339605331420902,0.2339605331420902
external_development_validation,Luding 2022 M6.6,SCDA,200,206.0,6.6,0.02492523565888405,True,0.9597421288490295,0.001874801004305482,0.00534862419590354,7.082546234130859,0.48254623413085973,0.48254623413085973,7.34561824798584,0.7456182479858402,0.7456182479858402,6.963006973266602,0.3630069732666019,0.3630069732666019,6.565669059753418,-0.034330940246581676,0.034330940246581676,6.3283467292785645,-0.2716532707214352,0.2716532707214352
external_development_validation,Luding 2022 M6.6,SCJL,200,206.0,6.6,0.01923273131251335,True,0.938833475112915,0.0013967907289043069,0.002114260336384177,6.8028082847595215,0.20280828475952184,0.20280828475952184,6.882270812988281,0.2822708129882816,0.2822708129882816,6.5242390632629395,-0.07576093673706019,0.07576093673706019,6.137430667877197,-0.4625693321228024,0.4625693321228024,5.865112781524658,-0.7348872184753414,0.7348872184753414
external_development_validation,Luding 2022 M6.6,SCMB,200,206.0,6.6,0.02047109603881836,True,0.9113628268241882,0.0009741896064952016,-0.002389878500252962,7.384245872497559,0.784245872497559,0.784245872497559,7.302092552185059,0.702092552185059,0.702092552185059,6.794106960296631,0.19410696029663121,0.19410696029663121,6.378427505493164,-0.22157249450683558,0.22157249450683558,6.125640392303467,-0.47435960769653285,0.47435960769653285
external_development_validation,Luding 2022 M6.6,SCXD,200,206.0,6.6,0.029213422909379005,True,0.940621018409729,0.0013617054792121053,0.002677308628335595,7.0112457275390625,0.41124572753906286,0.41124572753906286,7.114428520202637,0.5144285202026371,0.5144285202026371,6.9355340003967285,0.33553400039672887,0.33553400039672887,6.5788187980651855,-0.021181201934814098,0.021181201934814098,6.341420650482178,-0.2585793495178219,0.2585793495178219
external_development_validation,Luding 2022 M6.6,SCXJ,200,206.0,6.6,0.01243261806666851,True,0.9385270476341248,0.002143086865544319,0.003914609085768461,6.867506980895996,0.26750698089599645,0.26750698089599645,7.00787353515625,0.40787353515625036,0.40787353515625036,6.548843860626221,-0.05115613937377894,0.05115613937377894,6.058393478393555,-0.541606521606445,0.541606521606445,5.78079080581665,-0.8192091941833493,0.8192091941833493
external_development_validation,Luding 2022 M6.6,SCYX,200,206.0,6.6,0.03477747365832329,True,0.9336961507797241,0.0008862356771714985,0.0009247451089322567,6.986746788024902,0.3867467880249027,0.3867467880249027,7.022457122802734,0.42245712280273473,0.42245712280273473,6.840856075286865,0.2408560752868656,0.2408560752868656,6.537045955657959,-0.06295404434204066,0.06295404434204066,6.294609069824219,-0.3053909301757809,0.3053909301757809
external_development_validation,Mandalay 2025 M7.7,SCPZ,200,206.0,7.7,0.019823268055915833,True,0.9714261293411255,-0.0006732811452820897,-0.002863897942006588,8.074312210083008,0.37431221008300763,0.37431221008300763,7.106133937835693,-0.5938660621643068,0.5938660621643068,7.9180684089660645,0.21806840896606428,0.21806840896606428,7.2954277992248535,-0.40457220077514666,0.40457220077514666,7.142436981201172,-0.5575630187988283,0.5575630187988283
external_development_validation,Mandalay 2025 M7.7,XIAG,200,206.0,7.7,0.02855824865400791,True,0.9789811968803406,-0.0002815653569996357,-0.0036896008532494307,7.86801290512085,0.16801290512084943,0.16801290512084943,7.397298336029053,-0.30270166397094744,0.30270166397094744,7.880387306213379,0.18038730621337873,0.18038730621337873,7.361758708953857,-0.33824129104614276,0.33824129104614276,7.209630489349365,-0.49036951065063494,0.49036951065063494
external_development_validation,Mandalay 2025 M7.7,YNGM,200,206.0,7.7,0.08296658098697662,True,0.9700055718421936,0.00012495435657911003,-0.0024566880892962217,7.962459564208984,0.2624595642089842,0.2624595642089842,7.836215019226074,0.13621501922607404,0.13621501922607404,8.051088333129883,0.35108833312988263,0.35108833312988263,7.770076274871826,0.070076274871826,0.070076274871826,7.645852088928223,-0.05414791107177752,0.05414791107177752
external_development_validation,Mandalay 2025 M7.7,YNJD,200,206.0,7.7,0.03571999818086624,True,0.9825159907341003,-0.0003511310205794871,-0.0033796580974012613,7.8489532470703125,0.14895324707031232,0.14895324707031232,7.369163513183594,-0.3308364868164064,0.3308364868164064,7.9577741622924805,0.2577741622924803,0.2577741622924803,7.483383655548096,-0.21661634445190447,0.21661634445190447,7.341930389404297,-0.3580696105957033,0.3580696105957033
external_development_validation,Mandalay 2025 M7.7,YNLA,200,206.0,7.7,0.05826084315776825,True,0.9781683087348938,-0.00017389458662364632,-0.004020781256258488,7.853438377380371,0.15343837738037092,0.15343837738037092,7.537899017333984,-0.1621009826660158,0.1621009826660158,7.935789585113525,0.2357895851135252,0.2357895851135252,7.58713960647583,-0.1128603935241701,0.1128603935241701,7.448045253753662,-0.25195474624633807,0.25195474624633807
external_development_validation,Mandalay 2025 M7.7,YNLC,200,206.0,7.7,0.09483875334262848,True,0.9558045268058777,0.0018467804184183478,0.006526666693389416,8.366464614868164,0.6664646148681639,0.6664646148681639,8.707377433776855,1.0073774337768553,1.0073774337768553,8.25977897644043,0.5597789764404295,0.5597789764404295,7.980155944824219,0.2801559448242186,0.2801559448242186,7.879714012145996,0.17971401214599592,0.17971401214599592
external_development_validation,Mandalay 2025 M7.7,YNRL,200,206.0,7.7,0.10667970776557922,True,0.9473719000816345,0.00013805892376694828,-0.0030705451499670744,8.005853652954102,0.3058536529541014,0.3058536529541014,7.861396789550781,0.16139678955078107,0.16139678955078107,7.942559719085693,0.24255971908569318,0.24255971908569318,7.735552787780762,0.03555278778076154,0.03555278778076154,7.601433277130127,-0.09856672286987322,0.09856672286987322
external_development_validation,Mandalay 2025 M7.7,YNSD,200,206.0,7.7,0.057623956352472305,True,0.965130627155304,0.001262784586288035,0.00023292894184123725,8.163814544677734,0.4638145446777342,0.4638145446777342,8.171980857849121,0.4719808578491209,0.4719808578491209,7.985514163970947,0.2855141639709471,0.2855141639709471,7.626428604125977,-0.07357139587402362,0.07357139587402362,7.492480754852295,-0.20751924514770526,0.20751924514770526
external_development_validation,Mandalay 2025 M7.7,YNTH,200,206.0,7.7,0.016573652625083923,True,0.9751593470573425,-0.00043842033483088017,-0.003194948425516486,8.052968978881836,0.35296897888183576,0.35296897888183576,7.359231472015381,-0.3407685279846193,0.3407685279846193,7.790210723876953,0.09021072387695295,0.09021072387695295,7.143594741821289,-0.5564052581787111,0.5564052581787111,6.974722385406494,-0.725277614593506,0.725277614593506
external_development_validation,Mandalay 2025 M7.7,YNXP,200,206.0,7.7,0.027459843084216118,True,0.9738277792930603,-0.00013372961257118732,-0.0040195416659116745,8.158466339111328,0.45846633911132795,0.45846633911132795,7.766689300537109,0.0666893005371092,0.0666893005371092,7.9392242431640625,0.23922424316406232,0.23922424316406232,7.39978551864624,-0.30021448135375994,0.30021448135375994,7.2533416748046875,-0.4466583251953127,0.4466583251953127
external_development_validation,Mandalay 2025 M7.7,YNYA,200,206.0,7.7,0.018988078460097313,True,0.9765564203262329,-0.0003986742231063545,-0.0032368742395192385,7.863481044769287,0.16348104476928693,0.16348104476928693,7.254662990570068,-0.4453370094299318,0.4453370094299318,7.8000569343566895,0.10005693435668928,0.10005693435668928,7.188343524932861,-0.5116564750671388,0.5116564750671388,7.022515296936035,-0.677484703063965,0.677484703063965
external_development_validation,Mandalay 2025 M7.7,YNYL,200,206.0,7.7,0.04969509690999985,True,0.9674692153930664,-6.845892494311556e-05,-0.004209855571389198,8.090999603271484,0.3909996032714842,0.3909996032714842,7.784585475921631,0.08458547592163068,0.08458547592163068,8.088541984558105,0.3885419845581053,0.3885419845581053,7.676137924194336,-0.02386207580566424,0.02386207580566424,7.551992416381836,-0.14800758361816424,0.14800758361816424
external_development_validation,Nepal 2015 M7.3,BRN2,200,206.0,7.3,0.07360085844993591,True,0.9719086289405823,0.0004886479000560939,-0.0006211927975527942,7.237229824066162,-0.06277017593383771,0.06277017593383771,7.207282066345215,-0.09271793365478498,0.09271793365478498,7.451322555541992,0.15132255554199237,0.15132255554199237,7.2273664474487305,-0.07263355255126935,0.07263355255126935,7.042816162109375,-0.2571838378906248,0.2571838378906248
external_development_validation,Nepal 2015 M7.3,KKN4,200,206.0,7.3,0.04578307643532753,True,0.9439751505851746,0.001548991072922945,0.000700084026902914,7.103326320648193,-0.19667367935180646,0.19667367935180646,7.127113342285156,-0.17288665771484357,0.17288665771484357,6.715648651123047,-0.584351348876953,0.584351348876953,6.48790168762207,-0.8120983123779295,0.8120983123779295,6.239500999450684,-1.0604990005493162,1.0604990005493162
external_development_validation,Nepal 2015 M7.3,NAST,200,206.0,7.3,0.15028615295886993,True,0.9707297682762146,0.0009712957544252276,0.0004637519014067948,7.251035213470459,-0.04896478652954084,0.04896478652954084,7.269824028015137,-0.030175971984863104,0.030175971984863104,7.165666103363037,-0.1343338966369627,0.1343338966369627,7.125809192657471,-0.17419080734252912,0.17419080734252912,6.921543598175049,-0.378456401824951,0.378456401824951
external_development_validation,Nepal 2015 M7.3,SNDL,200,206.0,7.3,0.2711598873138428,True,0.9707200527191162,0.0008784871897660196,9.078961738850921e-05,7.364358425140381,0.06435842514038104,0.06435842514038104,7.368044853210449,0.0680448532104494,0.0680448532104494,7.212278842926025,-0.08772115707397443,0.08772115707397443,7.281686782836914,-0.01831321716308576,0.01831321716308576,7.084221363067627,-0.21577863693237287,0.21577863693237287
external_development_validation,Nepal 2015 M7.3,SYBC,200,206.0,7.3,0.09452015906572342,True,0.9832813143730164,0.00015886934124864638,-0.0015449587954208255,6.726832389831543,-0.5731676101684569,0.5731676101684569,6.624894618988037,-0.6751053810119627,0.6751053810119627,6.893804550170898,-0.4061954498291014,0.4061954498291014,6.791809558868408,-0.5081904411315916,0.5081904411315916,6.563048362731934,-0.7369516372680662,0.7369516372680662
external_development_validation,Samos 2020 M7.0,cesm,200,206.0,7.0,0.11573348939418793,True,0.9593561887741089,0.0012959659798070788,0.0008961329003795981,7.242473602294922,0.24247360229492188,0.24247360229492188,7.275478363037109,0.2754783630371094,0.2754783630371094,6.9372076988220215,-0.06279230117797852,0.06279230117797852,6.870387554168701,-0.12961244583129883,0.12961244583129883,6.646409511566162,-0.3535904884338379,0.3535904884338379
external_development_validation,Samos 2020 M7.0,didi,200,206.0,7.0,0.07188013941049576,True,0.9811099767684937,0.0006798068643547595,-2.1257241314742714e-05,6.780520439147949,-0.21947956085205078,0.21947956085205078,6.7794647216796875,-0.2205352783203125,0.2205352783203125,6.868446350097656,-0.13155364990234375,0.13155364990234375,6.714317798614502,-0.28568220138549805,0.28568220138549805,6.481382369995117,-0.5186176300048828,0.5186176300048828
external_development_validation,Samos 2020 M7.0,izmi,200,206.0,7.0,0.058420486748218536,True,0.9689237475395203,0.0009464282775297761,-0.0001478134363424033,6.836676597595215,-0.16332340240478516,0.16332340240478516,6.830374717712402,-0.16962528228759766,0.16962528228759766,6.699875831604004,-0.3001241683959961,0.3001241683959961,6.524256229400635,-0.47574377059936523,0.47574377059936523,6.277242660522461,-0.7227573394775391,0.7227573394775391
external_development_validation,Sand 2025 M7.3,AB02.GNSS,200,206.0,7.3,0.01751204952597618,True,0.9832131266593933,-0.00033640407491475344,-0.0031618501525372267,7.655653953552246,0.35565395355224627,0.35565395355224627,7.136299133300781,-0.16370086669921857,0.16370086669921857,7.590543746948242,0.29054374694824237,0.29054374694824237,6.996954917907715,-0.303045082092285,0.303045082092285,6.809197425842285,-0.49080257415771467,0.49080257415771467
external_development_validation,Sand 2025 M7.3,AB07.GNSS,200,206.0,7.3,0.04764880612492561,True,0.9360887408256531,0.0012023287126794457,-0.0008685562643222511,7.236730098724365,-0.06326990127563459,0.06326990127563459,7.206695556640625,-0.09330444335937482,0.09330444335937482,6.917741298675537,-0.3822587013244627,0.3822587013244627,6.671366214752197,-0.6286337852478026,0.6286337852478026,6.438199520111084,-0.8618004798889158,0.8618004798889158
external_development_validation,Sand 2025 M7.3,AB08.GNSS,200,206.0,7.3,0.0238630510866642,True,0.9768003225326538,-0.0006651171133853495,-0.0026950177270919085,8.020700454711914,0.7207004547119142,0.7207004547119142,7.101155757904053,-0.1988442420959471,0.1988442420959471,7.97391414642334,0.67391414642334,0.67391414642334,7.390796184539795,0.0907961845397951,0.0907961845397951,7.2462544441223145,-0.05374555587768537,0.05374555587768537
external_development_validation,Sand 2025 M7.3,AB14.GNSS,200,206.0,7.3,0.015315186232328415,True,0.9837294816970825,-0.00044260791037231684,-0.002960760844871402,7.550640106201172,0.25064010620117205,0.25064010620117205,6.934506893157959,-0.36549310684204084,0.36549310684204084,7.500370025634766,0.2003700256347658,0.2003700256347658,6.8885040283203125,-0.4114959716796873,0.4114959716796873,6.690120220184326,-0.6098797798156737,0.6098797798156737
external_development_validation,Sand 2025 M7.3,AB15.GNSS,200,206.0,7.3,0.027341749519109726,True,0.9730390906333923,-0.0006472232635132968,-0.0030111148953437805,8.163637161254883,0.863637161254883,0.863637161254883,7.277211666107178,-0.022788333892822088,0.022788333892822088,8.041692733764648,0.7416927337646486,0.7416927337646486,7.482450008392334,0.18245000839233416,0.18245000839233416,7.346916675567627,0.04691667556762713,0.04691667556762713
external_development_validation,Sand 2025 M7.3,AB22.GNSS,200,206.0,7.3,0.016611915081739426,True,0.9778965711593628,-0.0007133609615266323,-0.002640292514115572,8.019438743591309,0.7194387435913088,0.7194387435913088,6.990384578704834,-0.30961542129516584,0.30961542129516584,7.766765117645264,0.46676511764526385,0.46676511764526385,7.125345230102539,-0.17465476989746076,0.17465476989746076,6.9541335105896,-0.3458664894104002,0.3458664894104002
external_development_validation,Sand 2025 M7.3,AC02.GNSS,200,206.0,7.3,0.02157493494451046,True,0.984031617641449,-0.0002682015474420041,-0.003317617578431964,7.673717498779297,0.37371749877929705,0.37371749877929705,7.242243766784668,-0.057756233215331854,0.057756233215331854,7.6154584884643555,0.31545848846435565,0.31545848846435565,7.071712493896484,-0.22828750610351545,0.22828750610351545,6.889379024505615,-0.4106209754943846,0.4106209754943846
external_development_validation,Sand 2025 M7.3,AC03.GNSS,200,206.0,7.3,0.02867867238819599,True,0.9725130200386047,-0.0007134467596188188,-0.0028676758520305157,8.349584579467773,1.0495845794677736,1.0495845794677736,7.328913688659668,0.028913688659668146,0.028913688659668146,8.135022163391113,0.8350221633911135,0.8350221633911135,7.571410655975342,0.271410655975342,0.271410655975342,7.446689128875732,0.1466891288757326,0.1466891288757326
external_development_validation,Sand 2025 M7.3,AC08.GNSS,200,206.0,7.3,0.020586010068655014,True,0.9806869029998779,-0.000627081491984427,-0.0028309349436312914,8.011253356933594,0.7112533569335939,0.7112533569335939,7.139639854431152,-0.16036014556884748,0.16036014556884748,7.815950870513916,0.5159508705139162,0.5159508705139162,7.222874641418457,-0.07712535858154279,0.07712535858154279,7.059826374053955,-0.24017362594604474,0.24017362594604474
external_development_validation,Sand 2025 M7.3,AC11.GNSS,200,206.0,7.3,0.018575459718704224,True,0.9182524085044861,-0.0007714113453403115,-0.003820388810709119,8.64600944519043,1.3460094451904299,1.3460094451904299,7.3291144371032715,0.029114437103271662,0.029114437103271662,8.191032409667969,0.8910324096679689,0.8910324096679689,7.496704578399658,0.19670457839965838,0.19670457839965838,7.372524738311768,0.07252473831176776,0.07252473831176776
external_development_validation,Sand 2025 M7.3,AC12.GNSS,200,206.0,7.3,0.165058434009552,True,0.9137898087501526,0.0005674967542290688,-0.0025904960930347443,7.729760646820068,0.42976064682006854,0.42976064682006854,7.636103630065918,0.33610363006591815,0.33610363006591815,7.319754600524902,0.01975460052490252,0.01975460052490252,7.282123565673828,-0.017876434326171697,0.017876434326171697,7.091316223144531,-0.20868377685546857,0.20868377685546857
external_development_validation,Sand 2025 M7.3,AC14.GNSS,200,206.0,7.3,0.017381254583597183,True,0.9398921728134155,-0.0007991214515641332,-0.0032560420222580433,8.544737815856934,1.2447378158569338,1.2447378158569338,7.192979335784912,-0.10702066421508771,0.10702066421508771,8.111053466796875,0.8110534667968752,0.8110534667968752,7.414000988006592,0.11400098800659197,0.11400098800659197,7.279903888702393,-0.020096111297607244,0.020096111297607244
external_development_validation,Sand 2025 M7.3,AC15.GNSS,200,206.0,7.3,0.03935294970870018,True,0.9553707242012024,0.00016016268637031317,-0.003922939766198397,8.593103408813477,1.2931034088134767,1.2931034088134767,8.284022331237793,0.9840223312377931,0.9840223312377931,8.435517311096191,1.1355173110961916,1.1355173110961916,7.902390956878662,0.6023909568786623,0.6023909568786623,7.81561803817749,0.5156180381774904,0.5156180381774904
external_development_validation,Sand 2025 M7.3,AC18.GNSS,200,206.0,7.3,0.03230494633316994,True,0.9753557443618774,-0.0005539771518670022,-0.003046266967430711,7.966569423675537,0.6665694236755373,0.6665694236755373,7.237579345703125,-0.06242065429687482,0.06242065429687482,8.10484790802002,0.8048479080200197,0.8048479080200197,7.578454494476318,0.27845449447631854,0.27845449447631854,7.451771259307861,0.1517712593078615,0.1517712593078615
external_development_validation,Sand 2025 M7.3,AC20.GNSS,200,206.0,7.3,0.04415584355592728,True,0.9555078744888306,-0.0008988179033622146,-0.0027763494290411472,8.730868339538574,1.4308683395385744,1.4308683395385744,7.319493770599365,0.019493770599365412,0.019493770599365412,8.539073944091797,1.239073944091797,1.239073944091797,8.018452644348145,0.7184526443481447,0.7184526443481447,7.945199012756348,0.6451990127563478,0.6451990127563478
external_development_validation,Sand 2025 M7.3,AC21.GNSS,200,206.0,7.3,0.03891674429178238,True,0.9670438170433044,0.00040694206836633384,-0.001972128637135029,7.282189846038818,-0.017810153961181463,0.017810153961181463,7.184264183044434,-0.11573581695556623,0.11573581695556623,7.22334623336792,-0.0766537666320799,0.0766537666320799,6.888302803039551,-0.41169719696044904,0.41169719696044904,6.677623748779297,-0.622376251220703,0.622376251220703
external_development_validation,Sand 2025 M7.3,AC23.GNSS,200,206.0,7.3,0.019936813041567802,True,0.9607465267181396,-0.0007662902935408056,-0.0029229139909148216,8.331198692321777,1.0311986923217775,1.0311986923217775,7.168492794036865,-0.1315072059631346,0.1315072059631346,8.04920482635498,0.7492048263549806,0.7492048263549806,7.402765274047852,0.10276527404785174,0.10276527404785174,7.26388692855835,-0.03611307144165021,0.03611307144165021
external_development_validation,Sand 2025 M7.3,AC24.GNSS,200,206.0,7.3,0.018374156206846237,True,0.982760488986969,-0.00045436041546054184,-0.0031816200353205204,7.769181728363037,0.4691817283630373,0.4691817283630373,7.137442588806152,-0.16255741119384748,0.16255741119384748,7.594850540161133,0.294850540161133,0.294850540161133,7.013087749481201,-0.28691225051879865,0.28691225051879865,6.8264641761779785,-0.4735358238220213,0.4735358238220213
external_development_validation,Sand 2025 M7.3,AC25.GNSS,200,206.0,7.3,0.03253857418894768,True,0.9593392014503479,0.0011998550035059452,-0.00023468895233236253,6.9374823570251465,-0.36251764297485334,0.36251764297485334,6.928642272949219,-0.3713577270507811,0.3713577270507811,6.84426212310791,-0.45573787689208967,0.45573787689208967,6.525327205657959,-0.7746727943420408,0.7746727943420408,6.282349109649658,-1.0176508903503416,1.0176508903503416
external_development_validation,Sand 2025 M7.3,AC27.GNSS,200,206.0,7.3,0.024472514167428017,True,0.9779215455055237,-0.00047155836364254355,-0.0031924645882099867,7.963611602783203,0.6636116027832033,0.6636116027832033,7.3035101890563965,0.003510189056396662,0.003510189056396662,7.908527374267578,0.6085273742675783,0.6085273742675783,7.344257831573486,0.044257831573486506,0.044257831573486506,7.193132400512695,-0.10686759948730451,0.10686759948730451
external_development_validation,Sand 2025 M7.3,AC28.GNSS,200,206.0,7.3,0.0787782296538353,True,0.916030764579773,0.0007428535027429461,-0.002048482885584235,7.446616172790527,0.14661617279052752,0.14661617279052752,7.372764587402344,0.07276458740234393,0.07276458740234393,7.010643482208252,-0.28935651779174787,0.28935651779174787,6.857993125915527,-0.4420068740844725,0.4420068740844725,6.63670539855957,-0.6632946014404295,0.6632946014404295
external_development_validation,Sand 2025 M7.3,AC32.GNSS,200,206.0,7.3,0.016987288370728493,True,0.9359877705574036,-0.00021800350805278867,-0.00477044889703393,8.594301223754883,1.294301223754883,1.294301223754883,7.930152893066406,0.6301528930664064,0.6301528930664064,8.047740936279297,0.747740936279297,0.747740936279297,7.35695743560791,0.056957435607910334,0.056957435607910334,7.215566635131836,-0.08443336486816388,0.08443336486816388
external_development_validation,Sand 2025 M7.3,AC36.GNSS,200,206.0,7.3,0.02442643605172634,True,0.9572588801383972,-0.000686901155859232,-0.0032371822744607925,8.521860122680664,1.2218601226806642,1.2218601226806642,7.454963684082031,0.15496368408203143,0.15496368408203143,8.196715354919434,0.8967153549194338,0.8967153549194338,7.577842712402344,0.2778427124023439,0.2778427124023439,7.4580464363098145,0.15804643630981463,0.15804643630981463
external_development_validation,Sand 2025 M7.3,AC37.GNSS,200,206.0,7.3,0.015906259417533875,True,0.9727280735969543,-0.0007072052103467286,-0.0027331537567079067,8.107641220092773,0.8076412200927736,0.8076412200927736,7.053075313568115,-0.2469246864318846,0.2469246864318846,7.827922344207764,0.5279223442077638,0.5279223442077638,7.162644863128662,-0.1373551368713377,0.1373551368713377,6.996984958648682,-0.3030150413513182,0.3030150413513182
external_development_validation,Sand 2025 M7.3,AC38.GNSS,200,206.0,7.3,0.01966949738562107,True,0.9830120801925659,-0.0006841447902843356,-0.0027404504362493753,7.867778778076172,0.567778778076172,0.567778778076172,6.949185848236084,-0.35081415176391584,0.35081415176391584,7.701905727386475,0.4019057273864748,0.4019057273864748,7.118098258972168,-0.18190174102783185,0.18190174102783185,6.942918300628662,-0.3570816993713377,0.3570816993713377
external_development_validation,Sand 2025 M7.3,AC39.GNSS,200,206.0,7.3,0.023504868149757385,True,0.9767858982086182,-0.0006538305315189064,-0.002860140521079302,7.958914756774902,0.6589147567749025,0.6589147567749025,7.077850341796875,-0.22214965820312482,0.22214965820312482,7.915704727172852,0.6157047271728517,0.6157047271728517,7.339376449584961,0.039376449584961115,0.039376449584961115,7.188476085662842,-0.11152391433715803,0.11152391433715803
external_development_validation,Sand 2025 M7.3,AC42.GNSS,200,206.0,7.3,0.034033358097076416,True,0.96446293592453,0.0012119089951738715,0.0016323343152180314,6.829021453857422,-0.47097854614257795,0.47097854614257795,6.895694732666016,-0.4043052673339842,0.4043052673339842,6.884102821350098,-0.41589717864990217,0.41589717864990217,6.5692458152771,-0.7307541847229002,0.7307541847229002,6.329789161682129,-0.9702108383178709,0.9702108383178709
external_development_validation,Sand 2025 M7.3,AC44.GNSS,200,206.0,7.3,0.02795935422182083,True,0.9505475759506226,-0.0009656942565925419,-0.0028959426563233137,8.797011375427246,1.4970113754272463,1.4970113754272463,7.155573844909668,-0.14442615509033185,0.14442615509033185,8.321678161621094,1.021678161621094,1.021678161621094,7.716268062591553,0.4162680625915529,0.4162680625915529,7.612437725067139,0.31243772506713885,0.31243772506713885
external_development_validation,Sand 2025 M7.3,AC45.GNSS,200,206.0,7.3,0.024934886023402214,True,0.9816978573799133,0.00025624618865549564,-0.003989122342318296,7.639601707458496,0.33960170745849627,0.33960170745849627,7.348293304443359,0.04829330444335955,0.04829330444335955,7.650673866271973,0.35067386627197283,0.35067386627197283,7.13782262802124,-0.1621773719787596,0.1621773719787596,6.960853099822998,-0.3391469001770018,0.3391469001770018
external_development_validation,Sand 2025 M7.3,AC52.GNSS,200,206.0,7.3,0.020621592178940773,True,0.9820367097854614,0.0002916762314271182,-0.0028436777647584677,7.514800071716309,0.21480007171630877,0.21480007171630877,7.3466596603393555,0.046659660339355646,0.046659660339355646,7.4338459968566895,0.13384599685668963,0.13384599685668963,6.911172389984131,-0.38882761001586896,0.38882761001586896,6.711123943328857,-0.5888760566711424,0.5888760566711424
external_development_validation,Sand 2025 M7.3,AC57.GNSS,200,206.0,7.3,0.020881978794932365,True,0.8989371061325073,-0.0008161498117260635,-0.004134470131248236,8.708782196044922,1.408782196044922,1.408782196044922,7.321286678314209,0.021286678314209162,0.021286678314209162,8.300921440124512,1.000921440124512,1.000921440124512,7.6178131103515625,0.3178131103515627,0.3178131103515627,7.507847785949707,0.2078477859497072,0.2078477859497072
external_development_validation,Sand 2025 M7.3,AC58.GNSS,200,206.0,7.3,0.018385114148259163,True,0.9772524237632751,-0.000639639503788203,-0.0029379017651081085,8.060554504394531,0.7605545043945314,0.7605545043945314,7.1599225997924805,-0.14007740020751935,0.14007740020751935,7.757223129272461,0.4572231292724611,0.4572231292724611,7.145007133483887,-0.1549928665161131,0.1549928665161131,6.974367141723633,-0.325632858276367,0.325632858276367
external_development_validation,Sand 2025 M7.3,AC59.GNSS,200,206.0,7.3,0.021762395277619362,True,0.9746325612068176,-0.0005572011577896774,-0.003188180737197399,8.110288619995117,0.8102886199951174,0.8102886199951174,7.316371917724609,0.016371917724609553,0.016371917724609553,7.907870769500732,0.6078707695007326,0.6078707695007326,7.312387943267822,0.012387943267822443,0.012387943267822443,7.159630298614502,-0.14036970138549787,0.14036970138549787
external_development_validation,Sand 2025 M7.3,AC67.GNSS,200,206.0,7.3,0.02507014386355877,True,0.9784213900566101,-0.000459778995718807,-0.0033050673082470894,8.098148345947266,0.7981483459472658,0.7981483459472658,7.446159362792969,0.14615936279296893,0.14615936279296893,7.8800458908081055,0.5800458908081056,0.5800458908081056,7.3273773193359375,0.027377319335937678,0.027377319335937678,7.173590183258057,-0.12640981674194318,0.12640981674194318
external_development_validation,Sand 2025 M7.3,ATW2.GNSS,200,206.0,7.3,0.03697936609387398,True,0.9331440329551697,-9.68933236435987e-05,-0.0046928091906011105,8.854231834411621,1.5542318344116213,1.5542318344116213,8.31357479095459,1.01357479095459,1.01357479095459,8.502824783325195,1.2028247833251955,1.2028247833251955,7.94048547744751,0.6404854774475099,0.6404854774475099,7.861163139343262,0.5611631393432619,0.5611631393432619
external_development_validation,Sand 2025 M7.3,AV01.GNSS,200,206.0,7.3,0.029442785307765007,True,0.9793933629989624,-0.0007634263602085412,-0.002547710668295622,8.109109878540039,0.8091098785400392,0.8091098785400392,7.061649322509766,-0.2383506774902342,0.2383506774902342,8.040549278259277,0.7405492782592775,0.7405492782592775,7.501191139221191,0.20119113922119158,0.20119113922119158,7.366422653198242,0.06642265319824237,0.06642265319824237
external_development_validation,Sand 2025 M7.3,AV02.GNSS,200,206.0,7.3,0.020985102280974388,True,0.9772432446479797,-0.0007148330332711339,-0.0027535506524145603,8.010614395141602,0.7106143951416017,0.7106143951416017,7.012296199798584,-0.28770380020141584,0.28770380020141584,7.874290943145752,0.5742909431457521,0.5742909431457521,7.275368690490723,-0.024631309509277166,0.024631309509277166,7.1186041831970215,-0.18139581680297834,0.18139581680297834
external_development_validation,Sand 2025 M7.3,AV04.GNSS,200,206.0,7.3,0.03502146527171135,True,0.9797918200492859,-0.0007595281931571662,-0.0026054740883409977,8.097810745239258,0.797810745239258,0.797810745239258,7.0782470703125,-0.22175292968749982,0.22175292968749982,8.126352310180664,0.8263523101806642,0.8263523101806642,7.617412090301514,0.31741209030151385,0.31741209030151385,7.493985176086426,0.19398517608642596,0.19398517608642596
external_development_validation,Sand 2025 M7.3,AV09.GNSS,200,206.0,7.3,0.029272980988025665,True,0.9819541573524475,0.00012656675244215876,-0.003120873123407364,7.42648458480835,0.1264845848083498,0.1264845848083498,7.2222113609313965,-0.07778863906860334,0.07778863906860334,7.543253421783447,0.24325342178344744,0.24325342178344744,7.089304447174072,-0.21069555282592756,0.21069555282592756,6.904045104980469,-0.3959548950195311,0.3959548950195311
external_development_validation,Sand 2025 M7.3,AV11.GNSS,200,206.0,7.3,0.025327619165182114,True,0.9759345650672913,-0.000420217722421512,-0.0033505288884043694,8.110361099243164,0.8103610992431642,0.8103610992431642,7.494833946228027,0.19483394622802752,0.19483394622802752,7.972979545593262,0.6729795455932619,0.6729795455932619,7.405967712402344,0.10596771240234393,0.10596771240234393,7.262094497680664,-0.03790550231933576,0.03790550231933576
external_development_validation,Sand 2025 M7.3,AV16.GNSS,200,206.0,7.3,0.03137733042240143,True,0.9768596887588501,-0.0004789166268892586,-0.0033930379431694746,8.17068099975586,0.8706809997558596,0.8706809997558596,7.498673915863037,0.1986739158630373,0.1986739158630373,8.070965766906738,0.7709657669067385,0.7709657669067385,7.542951583862305,0.24295158386230487,0.24295158386230487,7.412227153778076,0.11222715377807635,0.11222715377807635
external_development_validation,Sand 2025 M7.3,AV17.GNSS,200,206.0,7.3,0.029143959283828735,True,0.9786255359649658,-0.0006382314604707062,-0.002911095507442951,8.142305374145508,0.842305374145508,0.842305374145508,7.274168968200684,-0.02583103179931623,0.02583103179931623,8.040426254272461,0.7404262542724611,0.7404262542724611,7.498388767242432,0.19838876724243182,0.19838876724243182,7.363486289978027,0.06348628997802752,0.06348628997802752
external_development_validation,Sand 2025 M7.3,AV18.GNSS,200,206.0,7.3,0.03340139240026474,True,0.9772577881813049,-0.0005823323153890669,-0.003010994056239724,8.078475952148438,0.7784759521484377,0.7784759521484377,7.307816982269287,0.007816982269287287,0.007816982269287287,8.1053466796875,0.8053466796875002,0.8053466796875002,7.587671756744385,0.28767175674438494,0.28767175674438494,7.461414337158203,0.1614143371582033,0.1614143371582033
external_development_validation,Sand 2025 M7.3,AV20.GNSS,200,206.0,7.3,0.041217904537916183,True,0.9778632521629333,-0.0007868773536756635,-0.0027050673961639404,8.274765014648438,0.9747650146484377,0.9747650146484377,7.204586029052734,-0.09541397094726545,0.09541397094726545,8.20510482788086,0.9051048278808596,0.9051048278808596,7.7250447273254395,0.42504472732543963,0.42504472732543963,7.612067699432373,0.3120676994323732,0.3120676994323732
external_development_validation,Sand 2025 M7.3,SELD.GNSS,200,206.0,7.3,0.030030054971575737,True,0.9729712009429932,-0.00045033646165393293,-0.0034087449312210083,8.339960098266602,1.0399600982666017,1.0399600982666017,7.665083885192871,0.36508388519287127,0.36508388519287127,8.138223648071289,0.8382236480712892,0.8382236480712892,7.5863728523254395,0.28637285232543963,0.28637285232543963,7.462546348571777,0.16254634857177752,0.16254634857177752
external_development_validation,Xizang 2025 M7.1,LHAS,200,206.0,7.1,0.022573141381144524,True,0.9815303087234497,0.0003072202089242637,-0.0020615998655557632,7.359134674072266,0.259134674072266,0.259134674072266,7.244493007659912,0.14449300765991246,0.14449300765991246,7.428319931030273,0.3283199310302738,0.3283199310302738,6.929389953613281,-0.1706100463867184,0.1706100463867184,6.730096340179443,-0.3699036598205563,0.3699036598205563
external_development_validation,Xizang 2025 M7.1,XZAR,200,206.0,7.1,0.10651139914989471,True,0.9641002416610718,0.001422828994691372,0.0028120302595198154,6.990182399749756,-0.10981760025024379,0.10981760025024379,7.1054816246032715,0.00548162460327184,0.00548162460327184,7.036564350128174,-0.06343564987182582,0.06343564987182582,6.942252159118652,-0.1577478408813473,0.1577478408813473,6.725350856781006,-0.3746491432189938,0.3746491432189938
external_development_validation,Xizang 2025 M7.1,XZBG,200,206.0,7.1,0.01872633583843708,True,0.9791308045387268,-0.0004925730172544718,-0.003318778006359935,7.799938201904297,0.6999382019042972,0.6999382019042972,7.246362209320068,0.14636220932006871,0.14636220932006871,7.7194437980651855,0.6194437980651859,0.6194437980651859,7.11931037902832,0.019310379028320668,0.019310379028320668,6.9451584815979,-0.15484151840209925,0.15484151840209925
external_development_validation,Xizang 2025 M7.1,XZDX,200,206.0,7.1,0.030119694769382477,True,0.9802011847496033,-0.0002985508763231337,-0.0035770307295024395,7.6320343017578125,0.5320343017578129,0.5320343017578129,7.188172817230225,0.08817281723022496,0.08817281723022496,7.627168655395508,0.5271686553955082,0.5271686553955082,7.166116237640381,0.06611623764038121,0.06611623764038121,6.989223003387451,-0.11077699661254847,0.11077699661254847
external_development_validation,Xizang 2025 M7.1,XZGE,200,206.0,7.1,0.023374635726213455,True,0.9683640599250793,-0.0004320151638239622,-0.0033795475028455257,8.23940658569336,1.1394065856933597,1.1394065856933597,7.564552307128906,0.4645523071289066,0.4645523071289066,8.051373481750488,0.9513734817504886,0.9513734817504886,7.448113441467285,0.3481134414672855,0.3481134414672855,7.311643600463867,0.21164360046386754,0.21164360046386754
external_development_validation,Xizang 2025 M7.1,XZGZ,200,206.0,7.1,0.03872385621070862,True,0.9837765693664551,-0.0003304079291410744,-0.0032401003409177065,7.786767482757568,0.6867674827575687,0.6867674827575687,7.34647274017334,0.2464727401733402,0.2464727401733402,7.9156694412231445,0.8156694412231449,0.8156694412231449,7.469009876251221,0.36900987625122106,0.36900987625122106,7.323981761932373,0.2239817619323734,0.2239817619323734
external_development_validation,Xizang 2025 M7.1,XZNM,200,206.0,7.1,0.052303943783044815,True,0.98866206407547,-0.00023894796322565526,-0.0028164798859506845,7.553801536560059,0.45380153656005895,0.45380153656005895,7.259464263916016,0.15946426391601598,0.15946426391601598,7.761287689208984,0.6612876892089847,0.6612876892089847,7.413593292236328,0.3135932922363285,0.3135932922363285,7.255701541900635,0.15570154190063512,0.15570154190063512
external_development_validation,Xizang 2025 M7.1,XZNQ,200,206.0,7.1,0.02331368811428547,True,0.9847615957260132,-0.000775741005782038,-0.002306681824848056,7.615466117858887,0.5154661178588871,0.5154661178588871,6.619346618652344,-0.4806533813476559,0.4806533813476559,7.732277870178223,0.632277870178223,0.632277870178223,7.187461853027344,0.0874618530273441,0.0874618530273441,7.0176615715026855,-0.0823384284973141,0.0823384284973141
external_development_validation,Xizang 2025 M7.1,XZRK,200,206.0,7.1,0.04159524291753769,True,0.9695032238960266,0.0009425579919479787,-0.0006620025378651917,7.199187278747559,0.09918727874755895,0.09918727874755895,7.172093868255615,0.07209386825561559,0.07209386825561559,7.112124919891357,0.012124919891357777,0.012124919891357777,6.808629989624023,-0.2913700103759762,0.2913700103759762,6.589389801025391,-0.510610198974609,0.510610198974609
external_development_validation,Xizang 2025 M7.1,XZRT,200,206.0,7.1,0.03842206671833992,True,0.9582231640815735,-0.0005610082298517227,-0.0034227604046463966,8.443353652954102,1.343353652954102,1.343353652954102,7.646395683288574,0.5463956832885746,0.5463956832885746,8.382652282714844,1.282652282714844,1.282652282714844,7.852603435516357,0.7526034355163578,0.7526034355163578,7.759349346160889,0.659349346160889,0.659349346160889
external_development_validation,Xizang 2025 M7.1,XZSH,200,206.0,7.1,0.023320995271205902,True,0.9834015369415283,-0.000205078482395038,-0.0032088325824588537,7.663730621337891,0.563730621337891,0.563730621337891,7.281835079193115,0.1818350791931156,0.1818350791931156,7.693418025970459,0.5934180259704593,0.5934180259704593,7.155712604522705,0.05571260452270543,0.05571260452270543,6.9820556640625,-0.11794433593749964,0.11794433593749964
external_development_validation,Xizang 2025 M7.1,XZZB,200,206.0,7.1,0.029397867619991302,True,0.967369019985199,0.0013964923564344645,0.002186126308515668,7.556235313415527,0.4562353134155277,0.4562353134155277,7.639483451843262,0.5394834518432621,0.5394834518432621,7.456563472747803,0.3565634727478031,0.3565634727478031,7.018171310424805,-0.08182868957519496,0.08182868957519496,6.824886322021484,-0.27511367797851527,0.27511367797851527
