model,event,station,observation_horizon_sec,release_time_sec,mw_catalog,mw_pred,error,abs_error,delta_mw
phase39,Iquique 2014 M7.7,AEDA,200,206.0,7.699999809265137,7.564909644413789,-0.13509016485134762,0.13509016485134762,-0.0051811243857455835
phase39,Iquique 2014 M7.7,COLC,200,206.0,7.699999809265137,7.9500995883754975,0.25009977911036074,0.25009977911036074,-0.0025203602510019962
phase39,Iquique 2014 M7.7,IQQE,200,206.0,7.699999809265137,7.232278166721873,-0.467721642543264,0.467721642543264,0.00030701349719031157
phase39,Iquique 2014 M7.7,MNMI,200,206.0,7.699999809265137,7.598933913589061,-0.10106589567607571,0.10106589567607571,-0.005563223945943108
phase39,Iquique 2014 M7.7,PB01,200,206.0,7.699999809265137,7.52477221714807,-0.17522759211706695,0.17522759211706695,-0.003242766364086158
phase39,Iquique 2014 M7.7,PB02,200,206.0,7.699999809265137,7.249269334183418,-0.45073047508171893,0.45073047508171893,-0.006114457332304646
phase39,Iquique 2014 M7.7,PB08,200,206.0,7.699999809265137,7.9550696253660345,0.25506981610089774,0.25506981610089774,-0.006864345453965193
phase39,Iquique 2014 M7.7,PB11,200,206.0,7.699999809265137,7.552301058688192,-0.1476987505769447,0.1476987505769447,-0.0061397747527465185
phase39,Iquique 2014 M7.7,PCHA,200,206.0,7.699999809265137,7.713082942475975,0.013083133210837872,0.013083133210837872,-0.006989098726373655
phase39,Iquique 2014 M7.7,PSGA,200,206.0,7.699999809265137,7.346486824067449,-0.35351298519768815,0.35351298519768815,0.0015694607460519094
phase39,Iquique 2014 M7.7,UTAR,200,206.0,7.699999809265137,7.084345751669009,-0.615654057596128,0.615654057596128,-0.0002761413396612511
phase39,Kodiak 2018 M7.9,AB07.GNSS,200,206.0,7.900000095367432,8.657369976241846,0.757369880874414,0.757369880874414,0.03076836628429902
phase39,Kodiak 2018 M7.9,AB13.GNSS,200,206.0,7.900000095367432,8.220806939100473,0.3208068437330418,0.3208068437330418,-0.04367061893671753
phase39,Kodiak 2018 M7.9,AB14.GNSS,200,206.0,7.900000095367432,7.736386092848449,-0.16361400251898228,0.16361400251898228,0.02498414843526131
phase39,Kodiak 2018 M7.9,AB22.GNSS,200,206.0,7.900000095367432,7.855956911033813,-0.04404318433361887,0.04404318433361887,-0.019154837638065025
phase39,Kodiak 2018 M7.9,AB28.GNSS,200,206.0,7.900000095367432,7.034493447913453,-0.8655066474539783,0.8655066474539783,-0.001780430410617484
phase39,Kodiak 2018 M7.9,AB35.GNSS,200,206.0,7.900000095367432,8.241344473807413,0.341344378439981,0.341344378439981,0.008969386447496674
phase39,Kodiak 2018 M7.9,AB42.GNSS,200,206.0,7.900000095367432,7.844532323518932,-0.055467771848499936,0.055467771848499936,0.0655699867507753
phase39,Kodiak 2018 M7.9,AB43.GNSS,200,206.0,7.900000095367432,7.148581640481593,-0.7514184548858385,0.7514184548858385,-0.00048045363394066953
phase39,Kodiak 2018 M7.9,AC02.GNSS,200,206.0,7.900000095367432,7.8532654115576825,-0.0467346838097491,0.0467346838097491,0.005679325737754759
phase39,Kodiak 2018 M7.9,AC03.GNSS,200,206.0,7.900000095367432,7.972671509933537,0.0726714145661056,0.0726714145661056,-0.019333725022670833
phase39,Kodiak 2018 M7.9,AC06.GNSS,200,206.0,7.900000095367432,7.61732893080973,-0.28267116455770136,0.28267116455770136,-0.01503179113455122
phase39,Kodiak 2018 M7.9,AC08.GNSS,200,206.0,7.900000095367432,7.967754491730323,0.06775439636289171,0.06775439636289171,-0.002704930050946075
phase39,Kodiak 2018 M7.9,AC09.GNSS,200,206.0,7.900000095367432,8.145381650229165,0.24538155486173352,0.24538155486173352,-0.009435554163619742
phase39,Kodiak 2018 M7.9,AC11.GNSS,200,206.0,7.900000095367432,7.469325721069968,-0.4306743742974639,0.4306743742974639,0.02192257337746195
phase39,Kodiak 2018 M7.9,AC12.GNSS,200,206.0,7.900000095367432,8.626675586931084,0.7266754915636522,0.7266754915636522,-0.00443117507041535
phase39,Kodiak 2018 M7.9,AC13.GNSS,200,206.0,7.900000095367432,8.036716426291896,0.13671633092446456,0.13671633092446456,-0.002955507679132552
phase39,Kodiak 2018 M7.9,AC14.GNSS,200,206.0,7.900000095367432,7.736625745679131,-0.16337434968830067,0.16337434968830067,-0.023066917685715005
phase39,Kodiak 2018 M7.9,AC15.GNSS,200,206.0,7.900000095367432,7.3031386847385384,-0.5968614106288932,0.5968614106288932,0.0040146660028597125
phase39,Kodiak 2018 M7.9,AC17.GNSS,200,206.0,7.900000095367432,7.862437956508466,-0.03756213885896553,0.03756213885896553,-0.030170694876559878
phase39,Kodiak 2018 M7.9,AC18.GNSS,200,206.0,7.900000095367432,7.856815162835542,-0.04318493253189004,0.04318493253189004,0.001591610198103055
phase39,Kodiak 2018 M7.9,AC19.GNSS,200,206.0,7.900000095367432,7.1080100171325835,-0.7919900782348481,0.7919900782348481,-0.006276656584421225
phase39,Kodiak 2018 M7.9,AC20.GNSS,200,206.0,7.900000095367432,8.175408745569225,0.2754086502017934,0.2754086502017934,0.007590932891430313
phase39,Kodiak 2018 M7.9,AC21.GNSS,200,206.0,7.900000095367432,8.190780787398593,0.2907806920311611,0.2907806920311611,-0.05634779735079398
phase39,Kodiak 2018 M7.9,AC23.GNSS,200,206.0,7.900000095367432,7.965249557262956,0.06524946189552416,0.06524946189552416,-0.006716244834900742
phase39,Kodiak 2018 M7.9,AC24.GNSS,200,206.0,7.900000095367432,7.815694797036143,-0.08430529833128908,0.08430529833128908,-0.021418846804849068
phase39,Kodiak 2018 M7.9,AC26.GNSS,200,206.0,7.900000095367432,7.366168491702657,-0.5338316036647743,0.5338316036647743,-0.0008845817742892947
phase39,Kodiak 2018 M7.9,AC27.GNSS,200,206.0,7.900000095367432,7.829701521283838,-0.0702985740835933,0.0702985740835933,0.007870374889762388
phase39,Kodiak 2018 M7.9,AC28.GNSS,200,206.0,7.900000095367432,8.704509700567023,0.8045096051995912,0.8045096051995912,0.0046310405231100304
phase39,Kodiak 2018 M7.9,AC29.GNSS,200,206.0,7.900000095367432,8.197575470116472,0.29757537474904083,0.29757537474904083,-0.004166097258073265
phase39,Kodiak 2018 M7.9,AC32.GNSS,200,206.0,7.900000095367432,8.001912310772443,0.10191221540501161,0.10191221540501161,0.013841156086227713
phase39,Kodiak 2018 M7.9,AC33.GNSS,200,206.0,7.900000095367432,7.549249508156377,-0.35075058721105457,0.35075058721105457,0.030322126741879174
phase39,Kodiak 2018 M7.9,AC34.GNSS,200,206.0,7.900000095367432,8.004222944824864,0.10422284945743243,0.10422284945743243,-0.003090302314369353
phase39,Kodiak 2018 M7.9,AC35.GNSS,200,206.0,7.900000095367432,7.76309214747406,-0.13690794789337168,0.13690794789337168,0.009447537081429758
phase39,Kodiak 2018 M7.9,AC36.GNSS,200,206.0,7.900000095367432,8.278608121917973,0.37860802655054115,0.37860802655054115,0.09991449668489949
phase39,Kodiak 2018 M7.9,AC37.GNSS,200,206.0,7.900000095367432,8.061741327124153,0.1617412317567215,0.1617412317567215,0.043625223934705915
phase39,Kodiak 2018 M7.9,AC38.GNSS,200,206.0,7.900000095367432,7.579115391881022,-0.32088470348640996,0.32088470348640996,0.003079260844202736
phase39,Kodiak 2018 M7.9,AC40.GNSS,200,206.0,7.900000095367432,8.037469675578148,0.1374695802107162,0.1374695802107162,0.012708088820101437
phase39,Kodiak 2018 M7.9,AC43.GNSS,200,206.0,7.900000095367432,7.99221628567823,0.09221619031079875,0.09221619031079875,-0.01837503983388622
phase39,Kodiak 2018 M7.9,AC44.GNSS,200,206.0,7.900000095367432,7.961626941334314,0.061626845966882726,0.061626845966882726,0.055539325773224846
phase39,Kodiak 2018 M7.9,AC45.GNSS,200,206.0,7.900000095367432,8.041345185480534,0.14134509011310215,0.14134509011310215,0.002522498797592476
phase39,Kodiak 2018 M7.9,AC46.GNSS,200,206.0,7.900000095367432,7.546910339830379,-0.35308975553705224,0.35308975553705224,-0.018124205148311034
phase39,Kodiak 2018 M7.9,AC47.GNSS,200,206.0,7.900000095367432,8.138469864208101,0.23846976884066962,0.23846976884066962,-0.019201161328851413
phase39,Kodiak 2018 M7.9,AC48.GNSS,200,206.0,7.900000095367432,7.449011269053956,-0.45098882631347603,0.45098882631347603,-0.0058492813702857305
phase39,Kodiak 2018 M7.9,AC51.GNSS,200,206.0,7.900000095367432,7.632895269970323,-0.26710482539710867,0.26710482539710867,0.009709350640605408
phase39,Kodiak 2018 M7.9,AC52.GNSS,200,206.0,7.900000095367432,7.802975639733884,-0.097024455633548,0.097024455633548,-0.009076473259210793
phase39,Kodiak 2018 M7.9,AC53.GNSS,200,206.0,7.900000095367432,7.223347441219081,-0.6766526541483504,0.6766526541483504,0.043183559919633296
phase39,Kodiak 2018 M7.9,AC59.GNSS,200,206.0,7.900000095367432,7.790865187380282,-0.10913490798714953,0.10913490798714953,0.036232140366131205
phase39,Kodiak 2018 M7.9,AC64.GNSS,200,206.0,7.900000095367432,7.162220774621273,-0.7377793207461583,0.7377793207461583,-0.005986215938760253
phase39,Kodiak 2018 M7.9,AC67.GNSS,200,206.0,7.900000095367432,7.96065163300925,0.06065153764181819,0.06065153764181819,0.0026231795176698824
phase39,Kodiak 2018 M7.9,AC75.GNSS,200,206.0,7.900000095367432,7.69674677874928,-0.20325331661815138,0.20325331661815138,-0.01412727566283678
phase39,Kodiak 2018 M7.9,AC77.GNSS,200,206.0,7.900000095367432,7.591984662210782,-0.30801543315664937,0.30801543315664937,-0.020039466003700213
phase39,Kodiak 2018 M7.9,AC79.GNSS,200,206.0,7.900000095367432,7.947137441851465,0.04713734648403367,0.04713734648403367,0.013033850063216335
phase39,Kodiak 2018 M7.9,AC80.GNSS,200,206.0,7.900000095367432,7.498421837637412,-0.4015782577300193,0.4015782577300193,0.00406676880199619
phase39,Kodiak 2018 M7.9,ATW2.GNSS,200,206.0,7.900000095367432,7.447724637627699,-0.45227545773973254,0.45227545773973254,0.002083138495942549
phase39,Kodiak 2018 M7.9,AV01.GNSS,200,206.0,7.900000095367432,7.594246532913578,-0.30575356245385343,0.30575356245385343,4.854012964017329e-05
phase39,Kodiak 2018 M7.9,AV02.GNSS,200,206.0,7.900000095367432,7.943532439988614,0.04353234462118216,0.04353234462118216,-0.012588874107332337
phase39,Kodiak 2018 M7.9,AV04.GNSS,200,206.0,7.900000095367432,8.301438602378589,0.40143850701115724,0.40143850701115724,0.009220171699086066
phase39,Kodiak 2018 M7.9,AV11.GNSS,200,206.0,7.900000095367432,8.007810353685368,0.10781025831793656,0.10781025831793656,-0.011895067786902302
phase39,Kodiak 2018 M7.9,AV16.GNSS,200,206.0,7.900000095367432,7.908968038299895,0.008967942932462947,0.008967942932462947,-0.011684139069522814
phase39,Kodiak 2018 M7.9,AV17.GNSS,200,206.0,7.900000095367432,7.949371652376142,0.0493715570087101,0.0493715570087101,-0.018094641603282113
phase39,Kodiak 2018 M7.9,AV18.GNSS,200,206.0,7.900000095367432,7.911865075022268,0.01186497965483646,0.01186497965483646,-0.006292193158145665
phase39,Kodiak 2018 M7.9,AV20.GNSS,200,206.0,7.900000095367432,8.074534514305832,0.17453441893839994,0.17453441893839994,-0.01485063115939056
phase39,Kodiak 2018 M7.9,EYAC.GNSS,200,206.0,7.900000095367432,7.654085549895759,-0.24591454547167224,0.24591454547167224,0.0035972707489424494
phase39,Kodiak 2018 M7.9,SELD.GNSS,200,206.0,7.900000095367432,7.813016226684227,-0.08698386868320451,0.08698386868320451,-0.002909225887367306
phase39,Luding 2022 M6.6,SCDA,200,206.0,6.599999904632568,7.345617635751799,0.7456177311192302,0.7456177311192302,0.0441179959439042
phase39,Luding 2022 M6.6,SCJL,200,206.0,6.599999904632568,6.882271287286789,0.2822713826542209,0.2822713826542209,0.008509930035545565
phase39,Luding 2022 M6.6,SCMB,200,206.0,6.599999904632568,7.3020927271965785,0.7020928225640102,0.7020928225640102,0.004055561009678854
phase39,Luding 2022 M6.6,SCXD,200,206.0,6.599999904632568,7.1144282920835105,0.5144283874509421,0.5144283874509421,0.010677009434064466
phase39,Luding 2022 M6.6,SCXJ,200,206.0,6.599999904632568,7.007873474589524,0.4078735699569558,0.4078735699569558,-0.035341903694312116
phase39,Luding 2022 M6.6,SCYX,200,206.0,6.599999904632568,7.022456949874686,0.42245704524211725,0.42245704524211725,0.014458613408213417
phase39,Mandalay 2025 M7.7,SCPZ,200,206.0,7.699999809265137,7.1061337001462554,-0.5938661091188813,0.5938661091188813,0.013198385115397393
phase39,Mandalay 2025 M7.7,XIAG,200,206.0,7.699999809265137,7.3972978860417165,-0.30270192322342027,0.30270192322342027,-0.04634243500590429
phase39,Mandalay 2025 M7.7,YNGM,200,206.0,7.699999809265137,7.836214546534782,0.13621473726964517,0.13621473726964517,0.035356140713543205
phase39,Mandalay 2025 M7.7,YNJD,200,206.0,7.699999809265137,7.369163712207257,-0.33083609705787964,0.33083609705787964,-0.002498375502644201
phase39,Mandalay 2025 M7.7,YNLA,200,206.0,7.699999809265137,7.5378989464937485,-0.16210086277138824,0.16210086277138824,-0.016827600122350184
phase39,Mandalay 2025 M7.7,YNLC,200,206.0,7.699999809265137,8.707376929616913,1.0073771203517765,1.0073771203517765,-0.06886027368797443
phase39,Mandalay 2025 M7.7,YNRL,200,206.0,7.699999809265137,7.86139752995752,0.16139772069238312,0.16139772069238312,-0.005231798635222162
phase39,Mandalay 2025 M7.7,YNSD,200,206.0,7.699999809265137,8.171980540579732,0.47198073131459495,0.47198073131459495,-0.08685314068306837
phase39,Mandalay 2025 M7.7,YNTH,200,206.0,7.699999809265137,7.359231352205899,-0.3407684570592373,0.3407684570592373,0.0001370930398234549
phase39,Mandalay 2025 M7.7,YNXP,200,206.0,7.699999809265137,7.766689428989064,0.0666896197239275,0.0666896197239275,-0.006819023138994851
phase39,Mandalay 2025 M7.7,YNYA,200,206.0,7.699999809265137,7.254663634012527,-0.44533617525260993,0.44533617525260993,0.005467143420328391
phase39,Mandalay 2025 M7.7,YNYL,200,206.0,7.699999809265137,7.784585070241627,0.08458526097648988,0.08458526097648988,-0.04112383638491668
phase39,Nepal 2015 M7.3,BRN2,200,206.0,7.300000190734863,7.20728195879539,-0.09271823193947348,0.09271823193947348,-0.0029157921553348842
phase39,Nepal 2015 M7.3,KKN4,200,206.0,7.300000190734863,7.127114098007317,-0.17288609272754663,0.17288609272754663,0.001388365973383543
phase39,Nepal 2015 M7.3,NAST,200,206.0,7.300000190734863,7.269823487584234,-0.030176703150629258,0.030176703150629258,0.0010216370955022924
phase39,Nepal 2015 M7.3,SNDL,200,206.0,7.300000190734863,7.368045012474628,0.06804482173976467,0.06804482173976467,-0.0022475566193378427
phase39,Nepal 2015 M7.3,SYBC,200,206.0,7.300000190734863,6.624894832794949,-0.6751053579399144,0.6751053579399144,0.011831039571736035
phase39,Samos 2020 M7.0,cesm,200,206.0,7.0,7.2754783876013285,0.2754783876013285,0.2754783876013285,-0.004333960538753345
phase39,Samos 2020 M7.0,didi,200,206.0,7.0,6.779465105855523,-0.22053489414447736,0.22053489414447736,-0.002126180147786094
phase39,Samos 2020 M7.0,izmi,200,206.0,7.0,6.830374390703455,-0.1696256092965447,0.1696256092965447,-0.0029755410716987285
phase39,Sand 2025 M7.3,AB02.GNSS,200,206.0,7.300000190734863,7.136298814490939,-0.16370137624392456,0.16370137624392456,0.0020587013121113884
phase39,Sand 2025 M7.3,AB07.GNSS,200,206.0,7.300000190734863,7.206695449308837,-0.09330474142602618,0.09330474142602618,-0.003685591180582648
phase39,Sand 2025 M7.3,AB08.GNSS,200,206.0,7.300000190734863,7.1011556490979455,-0.19884454163691778,0.19884454163691778,0.0016322990676513882
phase39,Sand 2025 M7.3,AB14.GNSS,200,206.0,7.300000190734863,6.934507049360179,-0.36549314137468425,0.36549314137468425,0.007504820764578035
phase39,Sand 2025 M7.3,AB15.GNSS,200,206.0,7.300000190734863,7.277211340982841,-0.02278884975202189,0.02278884975202189,-0.011795723479259834
phase39,Sand 2025 M7.3,AB22.GNSS,200,206.0,7.300000190734863,6.990384260817718,-0.30961592991714504,0.30961592991714504,-0.001729542387222338
phase39,Sand 2025 M7.3,AC02.GNSS,200,206.0,7.300000190734863,7.24224391044484,-0.057756280290023554,0.057756280290023554,0.03914025183472525
phase39,Sand 2025 M7.3,AC03.GNSS,200,206.0,7.300000190734863,7.328913689540228,0.028913498805364313,0.028913498805364313,-0.0008097115188050452
phase39,Sand 2025 M7.3,AC08.GNSS,200,206.0,7.300000190734863,7.1396398539872745,-0.16036033674758876,0.16036033674758876,0.0020652580894662265
phase39,Sand 2025 M7.3,AC11.GNSS,200,206.0,7.300000190734863,7.329114801012327,0.02911461027746398,0.02911461027746398,-0.0010602325038977511
phase39,Sand 2025 M7.3,AC12.GNSS,200,206.0,7.300000190734863,7.636103810328851,0.33610361959398816,0.33610361959398816,-0.005941962678230439
phase39,Sand 2025 M7.3,AC14.GNSS,200,206.0,7.300000190734863,7.192978954209698,-0.10702123652516526,0.10702123652516526,-0.010062921507741684
phase39,Sand 2025 M7.3,AC15.GNSS,200,206.0,7.300000190734863,8.284022285914629,0.9840220951797658,0.9840220951797658,0.0019096659222910262
phase39,Sand 2025 M7.3,AC18.GNSS,200,206.0,7.300000190734863,7.23757968413244,-0.06242050660242349,0.06242050660242349,-0.025065910930564428
phase39,Sand 2025 M7.3,AC20.GNSS,200,206.0,7.300000190734863,7.319493711863516,0.01949352112865288,0.01949352112865288,-0.0028516118312493788
phase39,Sand 2025 M7.3,AC21.GNSS,200,206.0,7.300000190734863,7.184264775327005,-0.11573541540785826,0.11573541540785826,-0.0027909339454526005
phase39,Sand 2025 M7.3,AC23.GNSS,200,206.0,7.300000190734863,7.168493055839537,-0.13150713489532606,0.13150713489532606,-0.004479627630589178
phase39,Sand 2025 M7.3,AC24.GNSS,200,206.0,7.300000190734863,7.137441911585951,-0.16255827914891263,0.16255827914891263,0.003778265578685769
phase39,Sand 2025 M7.3,AC25.GNSS,200,206.0,7.300000190734863,6.928642323136328,-0.37135786759853495,0.37135786759853495,-0.00015687885260540213
phase39,Sand 2025 M7.3,AC27.GNSS,200,206.0,7.300000190734863,7.303510898286029,0.0035107075511655594,0.0035107075511655594,0.004857454267764183
phase39,Sand 2025 M7.3,AC28.GNSS,200,206.0,7.300000190734863,7.372764305502134,0.07276411476727063,0.07276411476727063,-0.0036403441518588764
phase39,Sand 2025 M7.3,AC32.GNSS,200,206.0,7.300000190734863,7.9301529234781265,0.6301527327432632,0.6301527327432632,-0.0006085091968897061
phase39,Sand 2025 M7.3,AC36.GNSS,200,206.0,7.300000190734863,7.45496333907958,0.15496314834471647,0.15496314834471647,-0.04279137034075564
phase39,Sand 2025 M7.3,AC37.GNSS,200,206.0,7.300000190734863,7.05307492024888,-0.246925270485983,0.246925270485983,0.00026938063138182144
phase39,Sand 2025 M7.3,AC38.GNSS,200,206.0,7.300000190734863,6.949186524542915,-0.3508136661919483,0.3508136661919483,-0.017547865940289675
phase39,Sand 2025 M7.3,AC39.GNSS,200,206.0,7.300000190734863,7.077850405178323,-0.22214978555654064,0.22214978555654064,-0.025665633636928753
phase39,Sand 2025 M7.3,AC42.GNSS,200,206.0,7.300000190734863,6.895694997271101,-0.40430519346376226,0.40430519346376226,0.009242296711936326
phase39,Sand 2025 M7.3,AC44.GNSS,200,206.0,7.300000190734863,7.1555741041471785,-0.14442608658768474,0.14442608658768474,-0.009585568866053329
phase39,Sand 2025 M7.3,AC45.GNSS,200,206.0,7.300000190734863,7.348293710928368,0.04829352019350441,0.04829352019350441,-0.04855572768970706
phase39,Sand 2025 M7.3,AC52.GNSS,200,206.0,7.300000190734863,7.346659049821225,0.046658859086361915,0.046658859086361915,-0.0024983821984179144
phase39,Sand 2025 M7.3,AC57.GNSS,200,206.0,7.300000190734863,7.321287336554411,0.021287145819547604,0.021287145819547604,-0.004997681782844765
phase39,Sand 2025 M7.3,AC58.GNSS,200,206.0,7.300000190734863,7.159922328055741,-0.1400778626791226,0.1400778626791226,0.00807699978515064
phase39,Sand 2025 M7.3,AC59.GNSS,200,206.0,7.300000190734863,7.316372415397664,0.01637222466280086,0.01637222466280086,-0.015255983117287819
phase39,Sand 2025 M7.3,AC67.GNSS,200,206.0,7.300000190734863,7.446159587018024,0.14615939628316088,0.14615939628316088,-0.0013043693488272723
phase39,Sand 2025 M7.3,ATW2.GNSS,200,206.0,7.300000190734863,8.31357447137101,1.0135742806361474,1.0135742806361474,0.020896652911956082
phase39,Sand 2025 M7.3,AV01.GNSS,200,206.0,7.300000190734863,7.061650125080235,-0.23835006565462802,0.23835006565462802,0.0017683082964268237
phase39,Sand 2025 M7.3,AV02.GNSS,200,206.0,7.300000190734863,7.012295822679165,-0.28770436805569854,0.28770436805569854,-0.015529901079486486
phase39,Sand 2025 M7.3,AV04.GNSS,200,206.0,7.300000190734863,7.078246847066148,-0.22175334366871535,0.22175334366871535,-0.023336267875369465
phase39,Sand 2025 M7.3,AV09.GNSS,200,206.0,7.300000190734863,7.222211020810404,-0.0777891699244595,0.0777891699244595,-0.0053113261668329415
phase39,Sand 2025 M7.3,AV11.GNSS,200,206.0,7.300000190734863,7.494833415196499,0.19483322446163598,0.19483322446163598,-0.02119258920111111
phase39,Sand 2025 M7.3,AV16.GNSS,200,206.0,7.300000190734863,7.498673700803526,0.1986735100686623,0.1986735100686623,-0.02095839339692862
phase39,Sand 2025 M7.3,AV17.GNSS,200,206.0,7.300000190734863,7.274168550445122,-0.025831640289741387,0.025831640289741387,-0.009266446704086384
phase39,Sand 2025 M7.3,AV18.GNSS,200,206.0,7.300000190734863,7.307817238620417,0.007817047885553485,0.007817047885553485,0.011656693752459368
phase39,Sand 2025 M7.3,AV20.GNSS,200,206.0,7.300000190734863,7.204585909500215,-0.0954142812346479,0.0954142812346479,0.0013805864094535991
phase39,Sand 2025 M7.3,SELD.GNSS,200,206.0,7.300000190734863,7.665083879023021,0.3650836882881574,0.3650836882881574,-0.008914143135546837
phase39,Xizang 2025 M7.1,LHAS,200,206.0,7.099999904632568,7.244493561786788,0.1444936571542197,0.1444936571542197,0.01695682058890391
phase39,Xizang 2025 M7.1,XZAR,200,206.0,7.099999904632568,7.105481959230513,0.005482054597944597,0.005482054597944597,-0.00032584027231941093
phase39,Xizang 2025 M7.1,XZBG,200,206.0,7.099999904632568,7.2463624766702885,0.14636257203772018,0.14636257203772018,-0.004371517877366671
phase39,Xizang 2025 M7.1,XZDX,200,206.0,7.099999904632568,7.18817348407797,0.08817357944540127,0.08817357944540127,-0.027099297313912807
phase39,Xizang 2025 M7.1,XZGE,200,206.0,7.099999904632568,7.56455198223366,0.4645520776010921,0.4645520776010921,0.03469366736074608
phase39,Xizang 2025 M7.1,XZGZ,200,206.0,7.099999904632568,7.34647235107692,0.2464724464443515,0.2464724464443515,-0.0016447583914596109
phase39,Xizang 2025 M7.1,XZNM,200,206.0,7.099999904632568,7.2594647466104245,0.15946484197785615,0.15946484197785615,0.05370918436781125
phase39,Xizang 2025 M7.1,XZNQ,200,206.0,7.099999904632568,6.619347083476745,-0.4806528211558234,0.4806528211558234,-0.005685826237178837
phase39,Xizang 2025 M7.1,XZRK,200,206.0,7.099999904632568,7.17209359335459,0.07209368872202138,0.07209368872202138,-0.0062524003777513215
phase39,Xizang 2025 M7.1,XZRT,200,206.0,7.099999904632568,7.646395185258563,0.5463952806259949,0.5463952806259949,0.036570023935091456
phase39,Xizang 2025 M7.1,XZSH,200,206.0,7.099999904632568,7.281835761547482,0.18183585691491366,0.18183585691491366,0.016854186356188627
phase39,Xizang 2025 M7.1,XZZB,200,206.0,7.099999904632568,7.639483441799997,0.5394835371674285,0.5394835371674285,0.00733593538283106
phase47,Iquique 2014 M7.7,AEDA,200,206.0,7.699999809265137,7.5572424932823745,-0.1427573159827622,0.1427573159827622,0.0007919937129159393
phase47,Iquique 2014 M7.7,COLC,200,206.0,7.699999809265137,7.744129572779266,0.04412976351412912,0.04412976351412912,-0.001789217352222927
phase47,Iquique 2014 M7.7,IQQE,200,206.0,7.699999809265137,7.1600460096123495,-0.5399537996527872,0.5399537996527872,0.0003236043706369429
phase47,Iquique 2014 M7.7,MNMI,200,206.0,7.699999809265137,7.430839568143053,-0.2691602411220835,0.2691602411220835,-0.00028591378183939753
phase47,Iquique 2014 M7.7,PB01,200,206.0,7.699999809265137,7.4960241314273155,-0.20397567783782122,0.20397567783782122,-0.0001667719351008401
phase47,Iquique 2014 M7.7,PB02,200,206.0,7.699999809265137,7.229047624297127,-0.4709521849680094,0.4709521849680094,-0.002375778951329899
phase47,Iquique 2014 M7.7,PB08,200,206.0,7.699999809265137,7.9323806481727,0.232380838907563,0.232380838907563,-0.000614031513902269
phase47,Iquique 2014 M7.7,PB11,200,206.0,7.699999809265137,7.4389915169582235,-0.26100829230691325,0.26100829230691325,-0.0008416515767137867
phase47,Iquique 2014 M7.7,PCHA,200,206.0,7.699999809265137,7.708261984607028,0.008262175341891442,0.008262175341891442,-0.0008658518459556674
phase47,Iquique 2014 M7.7,PSGA,200,206.0,7.699999809265137,7.24713649122182,-0.4528633180433168,0.4528633180433168,-0.0012625121396609984
phase47,Iquique 2014 M7.7,UTAR,200,206.0,7.699999809265137,7.335325107867126,-0.3646747013980107,0.3646747013980107,-3.210396447173025e-05
phase47,Kodiak 2018 M7.9,AB07.GNSS,200,206.0,7.900000095367432,8.901392180802041,1.0013920854346097,1.0013920854346097,0.0070454191053563875
phase47,Kodiak 2018 M7.9,AB13.GNSS,200,206.0,7.900000095367432,8.012897352772473,0.11289725740504153,0.11289725740504153,0.0010083590068870052
phase47,Kodiak 2018 M7.9,AB14.GNSS,200,206.0,7.900000095367432,7.9943113262683605,0.09431123090092886,0.09431123090092886,0.009676070333180853
phase47,Kodiak 2018 M7.9,AB22.GNSS,200,206.0,7.900000095367432,7.806108972923303,-0.09389112244412878,0.09389112244412878,-0.03250563110855431
phase47,Kodiak 2018 M7.9,AB28.GNSS,200,206.0,7.900000095367432,8.246959537208637,0.3469594418412054,0.3469594418412054,-0.004563677396134835
phase47,Kodiak 2018 M7.9,AB35.GNSS,200,206.0,7.900000095367432,8.091087128239586,0.19108703287215434,0.19108703287215434,-0.0014435011929219144
phase47,Kodiak 2018 M7.9,AB42.GNSS,200,206.0,7.900000095367432,8.248311415251617,0.3483113198841856,0.3483113198841856,-0.012873702493131134
phase47,Kodiak 2018 M7.9,AB43.GNSS,200,206.0,7.900000095367432,8.208413776832305,0.3084136814648737,0.3084136814648737,-0.004562490548078557
phase47,Kodiak 2018 M7.9,AC02.GNSS,200,206.0,7.900000095367432,7.633291764052154,-0.2667083313152778,0.2667083313152778,0.0005920695728933723
phase47,Kodiak 2018 M7.9,AC03.GNSS,200,206.0,7.900000095367432,7.850368280677326,-0.04963181469010536,0.04963181469010536,0.012543393688886795
phase47,Kodiak 2018 M7.9,AC06.GNSS,200,206.0,7.900000095367432,7.81125921469716,-0.08874088067027142,0.08874088067027142,-0.0044586506203971865
phase47,Kodiak 2018 M7.9,AC08.GNSS,200,206.0,7.900000095367432,7.9841757569987175,0.08417566163128587,0.08417566163128587,-0.002470549624689511
phase47,Kodiak 2018 M7.9,AC09.GNSS,200,206.0,7.900000095367432,8.002133222582732,0.10213312721529988,0.10213312721529988,-0.00041204306053721496
phase47,Kodiak 2018 M7.9,AC11.GNSS,200,206.0,7.900000095367432,8.087284433041445,0.1872843376740132,0.1872843376740132,-0.003604945762711864
phase47,Kodiak 2018 M7.9,AC12.GNSS,200,206.0,7.900000095367432,8.64425881033481,0.744258714967378,0.744258714967378,-0.04892345938780984
phase47,Kodiak 2018 M7.9,AC13.GNSS,200,206.0,7.900000095367432,7.94542432972499,0.045424234357557935,0.045424234357557935,-0.0014149369641600629
phase47,Kodiak 2018 M7.9,AC14.GNSS,200,206.0,7.900000095367432,7.483143858290317,-0.4168562370771145,0.4168562370771145,-0.017242858228769364
phase47,Kodiak 2018 M7.9,AC15.GNSS,200,206.0,7.900000095367432,7.444800064012686,-0.45520003135474596,0.45520003135474596,0.0030737919655008383
phase47,Kodiak 2018 M7.9,AC17.GNSS,200,206.0,7.900000095367432,7.811358561607326,-0.08864153376010542,0.08864153376010542,-0.03423185559024233
phase47,Kodiak 2018 M7.9,AC18.GNSS,200,206.0,7.900000095367432,7.890651683572306,-0.009348411795125244,0.009348411795125244,-0.001900654024342252
phase47,Kodiak 2018 M7.9,AC19.GNSS,200,206.0,7.900000095367432,7.6527481477396515,-0.24725194762778013,0.24725194762778013,-0.0036358231047186607
phase47,Kodiak 2018 M7.9,AC20.GNSS,200,206.0,7.900000095367432,8.043857904588625,0.14385780922119373,0.14385780922119373,-0.0009332278336628974
phase47,Kodiak 2018 M7.9,AC21.GNSS,200,206.0,7.900000095367432,8.4279952002037,0.5279951048362683,0.5279951048362683,-0.015498938338740942
phase47,Kodiak 2018 M7.9,AC23.GNSS,200,206.0,7.900000095367432,7.85150260940273,-0.0484974859647016,0.0484974859647016,0.019889243844377624
phase47,Kodiak 2018 M7.9,AC24.GNSS,200,206.0,7.900000095367432,7.964558157150443,0.06455806178301149,0.06455806178301149,-0.011316362672761038
phase47,Kodiak 2018 M7.9,AC26.GNSS,200,206.0,7.900000095367432,7.8725074189334645,-0.027492676433967134,0.027492676433967134,0.0005843173920414557
phase47,Kodiak 2018 M7.9,AC27.GNSS,200,206.0,7.900000095367432,7.837294795257649,-0.06270530010978259,0.06270530010978259,-0.0011497006436016477
phase47,Kodiak 2018 M7.9,AC28.GNSS,200,206.0,7.900000095367432,8.859464415525393,0.9594643201579611,0.9594643201579611,-0.007811814855855914
phase47,Kodiak 2018 M7.9,AC29.GNSS,200,206.0,7.900000095367432,7.980447046608249,0.08044695124081702,0.08044695124081702,-0.00042748038869877547
phase47,Kodiak 2018 M7.9,AC32.GNSS,200,206.0,7.900000095367432,7.963451545962782,0.06345145059535007,0.06345145059535007,-0.01816178238491517
phase47,Kodiak 2018 M7.9,AC33.GNSS,200,206.0,7.900000095367432,7.237836988374758,-0.6621631069926739,0.6621631069926739,-0.0021912572905460337
phase47,Kodiak 2018 M7.9,AC34.GNSS,200,206.0,7.900000095367432,7.49002800070274,-0.40997209466469187,0.40997209466469187,0.0012492160490893411
phase47,Kodiak 2018 M7.9,AC35.GNSS,200,206.0,7.900000095367432,7.849537782053539,-0.050462313313892615,0.050462313313892615,0.0103090870727085
phase47,Kodiak 2018 M7.9,AC36.GNSS,200,206.0,7.900000095367432,8.456931139139128,0.5569310437716961,0.5569310437716961,-0.034062800342786304
phase47,Kodiak 2018 M7.9,AC37.GNSS,200,206.0,7.900000095367432,7.891151904456995,-0.008848190910436315,0.008848190910436315,-0.009288562135687073
phase47,Kodiak 2018 M7.9,AC38.GNSS,200,206.0,7.900000095367432,7.5321997893955395,-0.36780030597189217,0.36780030597189217,0.0003887132104880564
phase47,Kodiak 2018 M7.9,AC40.GNSS,200,206.0,7.900000095367432,7.941585244979785,0.041585149612353156,0.041585149612353156,-0.03859119064885608
phase47,Kodiak 2018 M7.9,AC43.GNSS,200,206.0,7.900000095367432,7.887657318110812,-0.012342777256619364,0.012342777256619364,0.009066499372470282
phase47,Kodiak 2018 M7.9,AC44.GNSS,200,206.0,7.900000095367432,8.083538002554347,0.1835379071869152,0.1835379071869152,-0.011420188394916764
phase47,Kodiak 2018 M7.9,AC45.GNSS,200,206.0,7.900000095367432,7.76682318168539,-0.13317691368204176,0.13317691368204176,-0.0018896365901994727
phase47,Kodiak 2018 M7.9,AC46.GNSS,200,206.0,7.900000095367432,8.266283310462063,0.36628321509463113,0.36628321509463113,-0.0348360544294497
phase47,Kodiak 2018 M7.9,AC47.GNSS,200,206.0,7.900000095367432,7.799037143201684,-0.10096295216574802,0.10096295216574802,0.00625795662168116
phase47,Kodiak 2018 M7.9,AC48.GNSS,200,206.0,7.900000095367432,7.986448710531096,0.08644861516366475,0.08644861516366475,-0.004343894662795833
phase47,Kodiak 2018 M7.9,AC51.GNSS,200,206.0,7.900000095367432,8.171032979192955,0.27103288382552293,0.27103288382552293,-0.0019536761399052693
phase47,Kodiak 2018 M7.9,AC52.GNSS,200,206.0,7.900000095367432,7.958387486358476,0.05838739099104462,0.05838739099104462,-0.0020995843611002485
phase47,Kodiak 2018 M7.9,AC53.GNSS,200,206.0,7.900000095367432,7.477303445654827,-0.4226966497126048,0.4226966497126048,0.054210821169640155
phase47,Kodiak 2018 M7.9,AC59.GNSS,200,206.0,7.900000095367432,7.782282336633802,-0.11771775873362955,0.11771775873362955,7.079237976892472e-05
phase47,Kodiak 2018 M7.9,AC64.GNSS,200,206.0,7.900000095367432,7.404176506852661,-0.4958235885147708,0.4958235885147708,-0.014955566627048889
phase47,Kodiak 2018 M7.9,AC67.GNSS,200,206.0,7.900000095367432,7.598699847364875,-0.3013002480025566,0.3013002480025566,0.0019504889723478414
phase47,Kodiak 2018 M7.9,AC75.GNSS,200,206.0,7.900000095367432,8.305163915392914,0.4051638200254821,0.4051638200254821,-0.01076195521040546
phase47,Kodiak 2018 M7.9,AC77.GNSS,200,206.0,7.900000095367432,7.819350512697197,-0.08064958267023492,0.08064958267023492,-0.011654264554174176
phase47,Kodiak 2018 M7.9,AC79.GNSS,200,206.0,7.900000095367432,7.7100069510072196,-0.18999314436021209,0.18999314436021209,-0.006630184431905661
phase47,Kodiak 2018 M7.9,AC80.GNSS,200,206.0,7.900000095367432,7.786322547522984,-0.11367754784444806,0.11367754784444806,0.0024928435510673808
phase47,Kodiak 2018 M7.9,ATW2.GNSS,200,206.0,7.900000095367432,7.634705545218742,-0.2652945501486901,0.2652945501486901,-0.005141266723195592
phase47,Kodiak 2018 M7.9,AV01.GNSS,200,206.0,7.900000095367432,7.975037312299173,0.07503721693174104,0.07503721693174104,-0.015040726835853668
phase47,Kodiak 2018 M7.9,AV02.GNSS,200,206.0,7.900000095367432,8.018153597993017,0.1181535026255851,0.1181535026255851,-0.013928440744154003
phase47,Kodiak 2018 M7.9,AV04.GNSS,200,206.0,7.900000095367432,7.98770787445384,0.0877077790864087,0.0877077790864087,-0.005590814568395608
phase47,Kodiak 2018 M7.9,AV11.GNSS,200,206.0,7.900000095367432,7.999207527938983,0.09920743257155173,0.09920743257155173,-0.005523471933756241
phase47,Kodiak 2018 M7.9,AV16.GNSS,200,206.0,7.900000095367432,7.924361043399882,0.02436094803245048,0.02436094803245048,-0.00368449075952082
phase47,Kodiak 2018 M7.9,AV17.GNSS,200,206.0,7.900000095367432,7.921233145594126,0.021233050226694417,0.021233050226694417,-0.0066910209949515576
phase47,Kodiak 2018 M7.9,AV18.GNSS,200,206.0,7.900000095367432,8.06796395544973,0.16796386008229902,0.16796386008229902,-0.009541604886475596
phase47,Kodiak 2018 M7.9,AV20.GNSS,200,206.0,7.900000095367432,7.907634943274612,0.0076348479071803865,0.0076348479071803865,-0.0054848458341894
phase47,Kodiak 2018 M7.9,EYAC.GNSS,200,206.0,7.900000095367432,8.0028092433879,0.10280914802046759,0.10280914802046759,0.004825482311990648
phase47,Kodiak 2018 M7.9,SELD.GNSS,200,206.0,7.900000095367432,7.89869553508626,-0.0013045602811718737,0.0013045602811718737,0.0008947889198793746
phase47,Luding 2022 M6.6,SCDA,200,206.0,6.599999904632568,8.045506766836857,1.4455068622042884,1.4455068622042884,-0.00322729271608857
phase47,Luding 2022 M6.6,SCJL,200,206.0,6.599999904632568,7.255056730281259,0.6550568256486908,0.6550568256486908,0.002769950325806292
phase47,Luding 2022 M6.6,SCMB,200,206.0,6.599999904632568,7.533601508512808,0.9336016038802395,0.9336016038802395,0.006887503573302922
phase47,Luding 2022 M6.6,SCXD,200,206.0,6.599999904632568,7.423445087183648,0.8234451825510796,0.8234451825510796,-0.0005577092375830262
phase47,Luding 2022 M6.6,SCXJ,200,206.0,6.599999904632568,6.626298698649699,0.026298794017130867,0.026298794017130867,-0.022139076598688412
phase47,Luding 2022 M6.6,SCYX,200,206.0,6.599999904632568,7.501620479152731,0.9016205745201624,0.9016205745201624,0.009024661580404825
phase47,Mandalay 2025 M7.7,SCPZ,200,206.0,7.699999809265137,7.980406184806551,0.2804063755414141,0.2804063755414141,-0.0011431284840881517
phase47,Mandalay 2025 M7.7,XIAG,200,206.0,7.699999809265137,7.902812763453445,0.20281295418830858,0.20281295418830858,-0.007641948014675215
phase47,Mandalay 2025 M7.7,YNGM,200,206.0,7.699999809265137,7.916722534978701,0.21672272571356466,0.21672272571356466,0.00593199755364715
phase47,Mandalay 2025 M7.7,YNJD,200,206.0,7.699999809265137,7.7729097241676435,0.07290991490250676,0.07290991490250676,-0.00246407254684744
phase47,Mandalay 2025 M7.7,YNLA,200,206.0,7.699999809265137,7.467074902604143,-0.23292490666099397,0.23292490666099397,-0.014586689870381697
phase47,Mandalay 2025 M7.7,YNLC,200,206.0,7.699999809265137,8.055152213923812,0.3551524046586749,0.3551524046586749,0.006478922405252163
phase47,Mandalay 2025 M7.7,YNRL,200,206.0,7.699999809265137,7.821700768691955,0.12170095942681858,0.12170095942681858,-0.001702049502448233
phase47,Mandalay 2025 M7.7,YNSD,200,206.0,7.699999809265137,7.242381900886586,-0.457617908378551,0.457617908378551,0.004834177632287329
phase47,Mandalay 2025 M7.7,YNTH,200,206.0,7.699999809265137,8.091585347340697,0.3915855380755602,0.3915855380755602,-0.002090662626377693
phase47,Mandalay 2025 M7.7,YNXP,200,206.0,7.699999809265137,8.17528294731894,0.47528313805380407,0.47528313805380407,-0.006952547426294586
phase47,Mandalay 2025 M7.7,YNYA,200,206.0,7.699999809265137,8.119217872440604,0.4192180631754674,0.4192180631754674,-0.05815250414011075
phase47,Mandalay 2025 M7.7,YNYL,200,206.0,7.699999809265137,7.67796425066474,-0.022035558600396854,0.022035558600396854,-0.002171336263609547
phase47,Nepal 2015 M7.3,BRN2,200,206.0,7.300000190734863,7.101744418979572,-0.1982557717552913,0.1982557717552913,-8.28364146725491e-05
phase47,Nepal 2015 M7.3,KKN4,200,206.0,7.300000190734863,7.087103670619819,-0.21289652011504412,0.21289652011504412,-0.0004749406967405889
phase47,Nepal 2015 M7.3,NAST,200,206.0,7.300000190734863,7.079428707485608,-0.22057148324925535,0.22057148324925535,-0.0006174245805228296
phase47,Nepal 2015 M7.3,SNDL,200,206.0,7.300000190734863,7.307432935737332,0.007432745002469154,0.007432745002469154,0.0003037533927381375
phase47,Nepal 2015 M7.3,SYBC,200,206.0,7.300000190734863,6.788933934143345,-0.5110662565915183,0.5110662565915183,0.002328516505632372
phase47,Samos 2020 M7.0,cesm,200,206.0,7.0,6.850109143254053,-0.14989085674594715,0.14989085674594715,-0.00047602584210437726
phase47,Samos 2020 M7.0,didi,200,206.0,7.0,6.790741785675198,-0.20925821432480163,0.20925821432480163,0.0006670876105285828
phase47,Samos 2020 M7.0,izmi,200,206.0,7.0,6.616365034570155,-0.3836349654298452,0.3836349654298452,-5.376458389605432e-09
phase47,Sand 2025 M7.3,AB02.GNSS,200,206.0,7.300000190734863,8.347133770084852,1.047133579349989,1.047133579349989,-0.003926383150062662
phase47,Sand 2025 M7.3,AB07.GNSS,200,206.0,7.300000190734863,7.187063476184175,-0.11293671455068832,0.11293671455068832,-4.8686808018949534e-05
phase47,Sand 2025 M7.3,AB08.GNSS,200,206.0,7.300000190734863,8.146449680262805,0.8464494895279415,0.8464494895279415,-0.00424330525404315
phase47,Sand 2025 M7.3,AB14.GNSS,200,206.0,7.300000190734863,7.958979551542274,0.658979360807411,0.658979360807411,-0.01754995443300089
phase47,Sand 2025 M7.3,AB15.GNSS,200,206.0,7.300000190734863,7.642342812980251,0.34234262224538803,0.34234262224538803,-0.0009719833700501113
phase47,Sand 2025 M7.3,AB22.GNSS,200,206.0,7.300000190734863,7.853805461222707,0.5538052704878433,0.5538052704878433,0.021695072721738207
phase47,Sand 2025 M7.3,AC02.GNSS,200,206.0,7.300000190734863,7.755017420479207,0.45501722974434333,0.45501722974434333,0.03667062332974069
phase47,Sand 2025 M7.3,AC03.GNSS,200,206.0,7.300000190734863,7.771725710160923,0.47172551942605967,0.47172551942605967,-0.009334004700612297
phase47,Sand 2025 M7.3,AC08.GNSS,200,206.0,7.300000190734863,8.047311518724298,0.7473113279894346,0.7473113279894346,-0.0005511320872333414
phase47,Sand 2025 M7.3,AC11.GNSS,200,206.0,7.300000190734863,8.072085863762672,0.7720856730278083,0.7720856730278083,-0.019750203523962284
phase47,Sand 2025 M7.3,AC12.GNSS,200,206.0,7.300000190734863,7.37437797351976,0.0743777827848966,0.0743777827848966,-0.0009067568668257309
phase47,Sand 2025 M7.3,AC14.GNSS,200,206.0,7.300000190734863,8.0214017816241,0.7214015908892364,0.7214015908892364,-0.027695661718288633
phase47,Sand 2025 M7.3,AC15.GNSS,200,206.0,7.300000190734863,8.038678963655249,0.7386787729203856,0.7386787729203856,0.006314209332886733
phase47,Sand 2025 M7.3,AC18.GNSS,200,206.0,7.300000190734863,8.262290610515052,0.9622904197801887,0.9622904197801887,-0.007842902782321914
phase47,Sand 2025 M7.3,AC20.GNSS,200,206.0,7.300000190734863,7.396606490777767,0.09660630004290383,0.09660630004290383,0.027719919988539843
phase47,Sand 2025 M7.3,AC21.GNSS,200,206.0,7.300000190734863,7.2570591453285225,-0.042941045406340805,0.042941045406340805,-0.001417042475506669
phase47,Sand 2025 M7.3,AC23.GNSS,200,206.0,7.300000190734863,8.019699826116454,0.7196996353815912,0.7196996353815912,0.007577766727504098
phase47,Sand 2025 M7.3,AC24.GNSS,200,206.0,7.300000190734863,7.808654806521371,0.508654615786508,0.508654615786508,-0.004533787019096458
phase47,Sand 2025 M7.3,AC25.GNSS,200,206.0,7.300000190734863,7.391693823176812,0.09169363244194884,0.09169363244194884,-0.0026022332191901754
phase47,Sand 2025 M7.3,AC27.GNSS,200,206.0,7.300000190734863,7.691374672626514,0.3913744818916509,0.3913744818916509,-0.002812003760972459
phase47,Sand 2025 M7.3,AC28.GNSS,200,206.0,7.300000190734863,7.316727086953128,0.016726896218264287,0.016726896218264287,-0.0007828562086329427
phase47,Sand 2025 M7.3,AC32.GNSS,200,206.0,7.300000190734863,7.243518411174234,-0.056481779560629164,0.056481779560629164,-0.0019404372718909713
phase47,Sand 2025 M7.3,AC36.GNSS,200,206.0,7.300000190734863,7.793937727349093,0.49393753661422934,0.49393753661422934,0.03949240298988865
phase47,Sand 2025 M7.3,AC37.GNSS,200,206.0,7.300000190734863,8.307561672210758,1.0075614814758946,1.0075614814758946,-0.024109536799123532
phase47,Sand 2025 M7.3,AC38.GNSS,200,206.0,7.300000190734863,7.7621091928157835,0.4621090020809202,0.4621090020809202,-0.01095296790408451
phase47,Sand 2025 M7.3,AC39.GNSS,200,206.0,7.300000190734863,8.332839719052714,1.0328395283178509,1.0328395283178509,0.014782303950038767
phase47,Sand 2025 M7.3,AC42.GNSS,200,206.0,7.300000190734863,7.463576995220607,0.16357680448574374,0.16357680448574374,-0.004337285089157206
phase47,Sand 2025 M7.3,AC44.GNSS,200,206.0,7.300000190734863,7.637317561741434,0.3373173710065709,0.3373173710065709,-0.006294290345361553
phase47,Sand 2025 M7.3,AC45.GNSS,200,206.0,7.300000190734863,7.297019880963479,-0.002980309771384526,0.002980309771384526,-0.052408125704687336
phase47,Sand 2025 M7.3,AC52.GNSS,200,206.0,7.300000190734863,7.73372106703801,0.4337208763031466,0.4337208763031466,-0.0024121296952328564
phase47,Sand 2025 M7.3,AC57.GNSS,200,206.0,7.300000190734863,7.6681697731386445,0.36816958240378117,0.36816958240378117,-0.017900118915068042
phase47,Sand 2025 M7.3,AC58.GNSS,200,206.0,7.300000190734863,8.14529440126206,0.8452942105271966,0.8452942105271966,0.002408824639960727
phase47,Sand 2025 M7.3,AC59.GNSS,200,206.0,7.300000190734863,7.893652480084565,0.593652289349702,0.593652289349702,-0.013399442333931866
phase47,Sand 2025 M7.3,AC67.GNSS,200,206.0,7.300000190734863,8.114000364794704,0.8140001740598404,0.8140001740598404,-0.02424313627149921
phase47,Sand 2025 M7.3,ATW2.GNSS,200,206.0,7.300000190734863,8.34410526961092,1.044105078876056,1.044105078876056,0.0037209361861147983
phase47,Sand 2025 M7.3,AV01.GNSS,200,206.0,7.300000190734863,8.178436104532224,0.878435913797361,0.878435913797361,-0.0018632380039314
phase47,Sand 2025 M7.3,AV02.GNSS,200,206.0,7.300000190734863,7.875051053408269,0.5750508626734057,0.5750508626734057,0.0020212531249486076
phase47,Sand 2025 M7.3,AV04.GNSS,200,206.0,7.300000190734863,8.014719876893293,0.7147196861584302,0.7147196861584302,-0.02221523497450484
phase47,Sand 2025 M7.3,AV09.GNSS,200,206.0,7.300000190734863,8.086712351994166,0.7867121612593024,0.7867121612593024,0.0013397299600725887
phase47,Sand 2025 M7.3,AV11.GNSS,200,206.0,7.300000190734863,8.07487136549371,0.7748711747588466,0.7748711747588466,-0.01700552104840547
phase47,Sand 2025 M7.3,AV16.GNSS,200,206.0,7.300000190734863,7.741403685628222,0.4414034948933585,0.4414034948933585,-0.03493320976473768
phase47,Sand 2025 M7.3,AV17.GNSS,200,206.0,7.300000190734863,8.182408812283724,0.8824086215488602,0.8824086215488602,-0.0036824936057442414
phase47,Sand 2025 M7.3,AV18.GNSS,200,206.0,7.300000190734863,7.843653113413364,0.5436529226785005,0.5436529226785005,-0.0003281205929752673
phase47,Sand 2025 M7.3,AV20.GNSS,200,206.0,7.300000190734863,7.958872370301251,0.6588721795663881,0.6588721795663881,0.05029198142461411
phase47,Sand 2025 M7.3,SELD.GNSS,200,206.0,7.300000190734863,8.089205089262318,0.7892048985274549,0.7892048985274549,-0.03538389422715227
phase47,Xizang 2025 M7.1,LHAS,200,206.0,7.099999904632568,7.644745082242251,0.5447451776096823,0.5447451776096823,5.087406232640035e-05
phase47,Xizang 2025 M7.1,XZAR,200,206.0,7.099999904632568,7.036203122636165,-0.0637967819964036,0.0637967819964036,-0.00046282311817513744
phase47,Xizang 2025 M7.1,XZBG,200,206.0,7.099999904632568,8.11824373165301,1.0182438270204415,1.0182438270204415,-0.006973654559201847
phase47,Xizang 2025 M7.1,XZDX,200,206.0,7.099999904632568,7.892278540685148,0.79227863605258,0.79227863605258,0.049845913892636595
phase47,Xizang 2025 M7.1,XZGE,200,206.0,7.099999904632568,8.294857094985542,1.1948571903529732,1.1948571903529732,-0.0009487773960579204
phase47,Xizang 2025 M7.1,XZGZ,200,206.0,7.099999904632568,7.670496953758829,0.5704970491262609,0.5704970491262609,0.001583741138233563
phase47,Xizang 2025 M7.1,XZNM,200,206.0,7.099999904632568,7.873672639296592,0.7736727346640233,0.7736727346640233,0.06588146144878682
phase47,Xizang 2025 M7.1,XZNQ,200,206.0,7.099999904632568,7.820499121223222,0.7204992165906541,0.7204992165906541,0.003194197875193261
phase47,Xizang 2025 M7.1,XZRK,200,206.0,7.099999904632568,7.141190321697135,0.041190417064566276,0.041190417064566276,0.0013074575060798566
phase47,Xizang 2025 M7.1,XZRT,200,206.0,7.099999904632568,8.17082418035558,1.0708242757230124,1.0708242757230124,0.02165093027202758
phase47,Xizang 2025 M7.1,XZSH,200,206.0,7.099999904632568,8.014092509978408,0.9140926053458394,0.9140926053458394,0.0012293461363448444
phase47,Xizang 2025 M7.1,XZZB,200,206.0,7.099999904632568,7.680538819795033,0.5805389151624647,0.5805389151624647,0.0008549317842820869
phase48,Iquique 2014 M7.7,AEDA,200,206.0,7.699999809265137,7.53338816098124,-0.1666116482838964,0.1666116482838964,0.0007653357806773897
phase48,Iquique 2014 M7.7,COLC,200,206.0,7.699999809265137,7.7635737276367855,0.06357391837164883,0.06357391837164883,-0.00011495780069736838
phase48,Iquique 2014 M7.7,IQQE,200,206.0,7.699999809265137,7.508903321716698,-0.1910964875484389,0.1910964875484389,0.0010779615327507486
phase48,Iquique 2014 M7.7,MNMI,200,206.0,7.699999809265137,7.526182625543293,-0.17381718372184363,0.17381718372184363,7.618941804832247e-05
phase48,Iquique 2014 M7.7,PB01,200,206.0,7.699999809265137,7.302155669533215,-0.3978441397319221,0.3978441397319221,0.00018005363313999823
phase48,Iquique 2014 M7.7,PB02,200,206.0,7.699999809265137,7.130834039244515,-0.5691657700206214,0.5691657700206214,-0.0007894223407562961
phase48,Iquique 2014 M7.7,PB08,200,206.0,7.699999809265137,8.025026724266507,0.32502691500137004,0.32502691500137004,-0.0006340142258327575
phase48,Iquique 2014 M7.7,PB11,200,206.0,7.699999809265137,7.528229299749759,-0.17177050951537787,0.17177050951537787,-7.402560663916091e-05
phase48,Iquique 2014 M7.7,PCHA,200,206.0,7.699999809265137,7.792618023886626,0.09261821462148934,0.09261821462148934,-0.0006050368143561968
phase48,Iquique 2014 M7.7,PSGA,200,206.0,7.699999809265137,7.348071759229169,-0.3519280500359674,0.3519280500359674,-0.0007267467627256607
phase48,Iquique 2014 M7.7,UTAR,200,206.0,7.699999809265137,7.36787926448183,-0.3321205447833071,0.3321205447833071,0.003852384337449166
phase48,Kodiak 2018 M7.9,AB07.GNSS,200,206.0,7.900000095367432,8.798938456096682,0.8989383607292503,0.8989383607292503,-0.026220069256043033
phase48,Kodiak 2018 M7.9,AB13.GNSS,200,206.0,7.900000095367432,7.922866713634482,0.022866618267050498,0.022866618267050498,-0.0015618086519664232
phase48,Kodiak 2018 M7.9,AB14.GNSS,200,206.0,7.900000095367432,7.724599272365979,-0.17540082300145254,0.17540082300145254,-0.006219342638090097
phase48,Kodiak 2018 M7.9,AB22.GNSS,200,206.0,7.900000095367432,7.84606759842983,-0.053932496937601826,0.053932496937601826,-0.004240100169276673
phase48,Kodiak 2018 M7.9,AB28.GNSS,200,206.0,7.900000095367432,8.345761996060418,0.44576190069298605,0.44576190069298605,-0.007055321932515568
phase48,Kodiak 2018 M7.9,AB35.GNSS,200,206.0,7.900000095367432,7.949451202611183,0.049451107243751125,0.049451107243751125,-0.0007686994421565174
phase48,Kodiak 2018 M7.9,AB42.GNSS,200,206.0,7.900000095367432,7.81037883295931,-0.08962126240812207,0.08962126240812207,0.052567171624443354
phase48,Kodiak 2018 M7.9,AB43.GNSS,200,206.0,7.900000095367432,7.5365680253789655,-0.3634320699884661,0.3634320699884661,0.00461009402236634
phase48,Kodiak 2018 M7.9,AC02.GNSS,200,206.0,7.900000095367432,7.867835538630268,-0.032164556737163785,0.032164556737163785,0.0005720870960432833
phase48,Kodiak 2018 M7.9,AC03.GNSS,200,206.0,7.900000095367432,7.855291989317923,-0.0447081060495087,0.0447081060495087,-0.0019804039435857845
phase48,Kodiak 2018 M7.9,AC06.GNSS,200,206.0,7.900000095367432,7.727423339129765,-0.17257675623766655,0.17257675623766655,-0.0027854358669801016
phase48,Kodiak 2018 M7.9,AC08.GNSS,200,206.0,7.900000095367432,8.01517697444477,0.11517687907733887,0.11517687907733887,-0.0005269478792637727
phase48,Kodiak 2018 M7.9,AC09.GNSS,200,206.0,7.900000095367432,7.934570777236297,0.034570681868864916,0.034570681868864916,-0.00206859090231859
phase48,Kodiak 2018 M7.9,AC11.GNSS,200,206.0,7.900000095367432,7.519248859516822,-0.3807512358506093,0.3807512358506093,0.005653817374647652
phase48,Kodiak 2018 M7.9,AC12.GNSS,200,206.0,7.900000095367432,8.816575676313027,0.9165755809455955,0.9165755809455955,-0.044489053771222586
phase48,Kodiak 2018 M7.9,AC13.GNSS,200,206.0,7.900000095367432,7.869858901403914,-0.030141193963517665,0.030141193963517665,-0.00030708737201745606
phase48,Kodiak 2018 M7.9,AC14.GNSS,200,206.0,7.900000095367432,7.583744320466213,-0.3162557749012187,0.3162557749012187,0.0032141127761562416
phase48,Kodiak 2018 M7.9,AC15.GNSS,200,206.0,7.900000095367432,7.512037731771756,-0.38796236359567526,0.38796236359567526,0.004717147086426898
phase48,Kodiak 2018 M7.9,AC17.GNSS,200,206.0,7.900000095367432,7.941460423120329,0.04146032775289754,0.04146032775289754,-0.005492459466539756
phase48,Kodiak 2018 M7.9,AC18.GNSS,200,206.0,7.900000095367432,7.818395140552488,-0.08160495481494401,0.08160495481494401,-0.001239220181567191
phase48,Kodiak 2018 M7.9,AC19.GNSS,200,206.0,7.900000095367432,6.855477828474852,-1.0445222668925798,1.0445222668925798,0.0022849265440827438
phase48,Kodiak 2018 M7.9,AC20.GNSS,200,206.0,7.900000095367432,7.724485494577622,-0.17551460078980963,0.17551460078980963,0.001762663050118185
phase48,Kodiak 2018 M7.9,AC21.GNSS,200,206.0,7.900000095367432,8.17611788441801,0.2761177890505788,0.2761177890505788,-0.03353936687812187
phase48,Kodiak 2018 M7.9,AC23.GNSS,200,206.0,7.900000095367432,8.034054627721538,0.13405453235410647,0.13405453235410647,0.017341289866035225
phase48,Kodiak 2018 M7.9,AC24.GNSS,200,206.0,7.900000095367432,7.802909413557037,-0.09709068181039449,0.09709068181039449,-0.0002120582628162282
phase48,Kodiak 2018 M7.9,AC26.GNSS,200,206.0,7.900000095367432,7.933070845114579,0.03307074974714741,0.03307074974714741,0.0006261927109063592
phase48,Kodiak 2018 M7.9,AC27.GNSS,200,206.0,7.900000095367432,7.9246659022049935,0.02466580683756181,0.02466580683756181,-0.0013264406298274523
phase48,Kodiak 2018 M7.9,AC28.GNSS,200,206.0,7.900000095367432,8.818490850074587,0.9184907547071557,0.9184907547071557,-0.019906884574934836
phase48,Kodiak 2018 M7.9,AC29.GNSS,200,206.0,7.900000095367432,8.121902841324902,0.22190274595747006,0.22190274595747006,0.00017449834205507386
phase48,Kodiak 2018 M7.9,AC32.GNSS,200,206.0,7.900000095367432,7.986025714880764,0.08602561951333243,0.08602561951333243,0.00536992564410621
phase48,Kodiak 2018 M7.9,AC33.GNSS,200,206.0,7.900000095367432,7.689921170174667,-0.2100789251927644,0.2100789251927644,0.015664650471782338
phase48,Kodiak 2018 M7.9,AC34.GNSS,200,206.0,7.900000095367432,7.834177856831614,-0.06582223853581759,0.06582223853581759,0.0019481981815019367
phase48,Kodiak 2018 M7.9,AC35.GNSS,200,206.0,7.900000095367432,7.804256759615698,-0.09574333575173366,0.09574333575173366,0.004478551504031536
phase48,Kodiak 2018 M7.9,AC36.GNSS,200,206.0,7.900000095367432,8.006066301155926,0.10606620578849402,0.10606620578849402,-0.007752274787513613
phase48,Kodiak 2018 M7.9,AC37.GNSS,200,206.0,7.900000095367432,7.8811177682182,-0.01888232714923177,0.01888232714923177,-0.01064046145020292
phase48,Kodiak 2018 M7.9,AC38.GNSS,200,206.0,7.900000095367432,7.81863134673143,-0.08136874863600152,0.08136874863600152,0.001066835825523249
phase48,Kodiak 2018 M7.9,AC40.GNSS,200,206.0,7.900000095367432,7.796751863713127,-0.10324823165430441,0.10324823165430441,-0.003989420252064058
phase48,Kodiak 2018 M7.9,AC43.GNSS,200,206.0,7.900000095367432,7.981777931725878,0.08177783635844627,0.08177783635844627,0.0012137702786221283
phase48,Kodiak 2018 M7.9,AC44.GNSS,200,206.0,7.900000095367432,7.914446255452931,0.014446160085499038,0.014446160085499038,0.001513155013635803
phase48,Kodiak 2018 M7.9,AC45.GNSS,200,206.0,7.900000095367432,7.904911383810639,0.004911288443206985,0.004911288443206985,-0.0013905295234479809
phase48,Kodiak 2018 M7.9,AC46.GNSS,200,206.0,7.900000095367432,8.379785141921296,0.47978504655386445,0.47978504655386445,-0.012096117242149873
phase48,Kodiak 2018 M7.9,AC47.GNSS,200,206.0,7.900000095367432,7.911963316742279,0.011963221374847066,0.011963221374847066,0.006023715725904211
phase48,Kodiak 2018 M7.9,AC48.GNSS,200,206.0,7.900000095367432,7.810906743485405,-0.08909335188202672,0.08909335188202672,-0.0002761672174615981
phase48,Kodiak 2018 M7.9,AC51.GNSS,200,206.0,7.900000095367432,8.13095942874227,0.2309593333748392,0.2309593333748392,-0.006989145698598875
phase48,Kodiak 2018 M7.9,AC52.GNSS,200,206.0,7.900000095367432,7.976872865195935,0.076872769828503,0.076872769828503,0.0030140569512013826
phase48,Kodiak 2018 M7.9,AC53.GNSS,200,206.0,7.900000095367432,7.272195983170051,-0.6278041121973805,0.6278041121973805,0.019539117691581787
phase48,Kodiak 2018 M7.9,AC59.GNSS,200,206.0,7.900000095367432,7.708019996129864,-0.19198009923756754,0.19198009923756754,-0.001431500823012577
phase48,Kodiak 2018 M7.9,AC64.GNSS,200,206.0,7.900000095367432,7.195094122126902,-0.7049059732405301,0.7049059732405301,0.009281861231288602
phase48,Kodiak 2018 M7.9,AC67.GNSS,200,206.0,7.900000095367432,7.9008214808398884,0.0008213854724568037,0.0008213854724568037,-0.0007896255497543692
phase48,Kodiak 2018 M7.9,AC75.GNSS,200,206.0,7.900000095367432,8.357853719010325,0.45785362364289384,0.45785362364289384,-0.0041251285053576225
phase48,Kodiak 2018 M7.9,AC77.GNSS,200,206.0,7.900000095367432,7.968107887281546,0.0681077919141142,0.0681077919141142,-0.004144047439034182
phase48,Kodiak 2018 M7.9,AC79.GNSS,200,206.0,7.900000095367432,7.878629476997208,-0.021370618370223582,0.021370618370223582,0.0012359265091799188
phase48,Kodiak 2018 M7.9,AC80.GNSS,200,206.0,7.900000095367432,7.7897342443336095,-0.11026585103382214,0.11026585103382214,0.0024222324359568503
phase48,Kodiak 2018 M7.9,ATW2.GNSS,200,206.0,7.900000095367432,7.7718991890403695,-0.12810090632706217,0.12810090632706217,0.0008040479627569042
phase48,Kodiak 2018 M7.9,AV01.GNSS,200,206.0,7.900000095367432,8.023353458653787,0.12335336328635549,0.12335336328635549,-0.0014953905980412685
phase48,Kodiak 2018 M7.9,AV02.GNSS,200,206.0,7.900000095367432,7.946586272343712,0.046586176976280314,0.046586176976280314,-0.0008481601859573473
phase48,Kodiak 2018 M7.9,AV04.GNSS,200,206.0,7.900000095367432,8.052091624317914,0.15209152895048206,0.15209152895048206,0.0032073427128107568
phase48,Kodiak 2018 M7.9,AV11.GNSS,200,206.0,7.900000095367432,7.969426687693632,0.06942659232620052,0.06942659232620052,0.0010657933622297833
phase48,Kodiak 2018 M7.9,AV16.GNSS,200,206.0,7.900000095367432,7.955912468324599,0.055912372957167555,0.055912372957167555,-0.0026495031889623988
phase48,Kodiak 2018 M7.9,AV17.GNSS,200,206.0,7.900000095367432,7.890206487354797,-0.009793608012635069,0.009793608012635069,-0.004897167281643355
phase48,Kodiak 2018 M7.9,AV18.GNSS,200,206.0,7.900000095367432,7.875052044958154,-0.024948050409277833,0.024948050409277833,-0.002644166029590167
phase48,Kodiak 2018 M7.9,AV20.GNSS,200,206.0,7.900000095367432,7.964020243848955,0.06402014848152326,0.06402014848152326,-0.0030792600178370932
phase48,Kodiak 2018 M7.9,EYAC.GNSS,200,206.0,7.900000095367432,7.99224377999718,0.0922436846297483,0.0922436846297483,0.0010624020254699218
phase48,Kodiak 2018 M7.9,SELD.GNSS,200,206.0,7.900000095367432,7.939698773678348,0.039698678310916335,0.039698678310916335,-0.0014922258068184036
phase48,Luding 2022 M6.6,SCDA,200,206.0,6.599999904632568,6.988416092218565,0.38841618758599683,0.38841618758599683,0.0025236061468971727
phase48,Luding 2022 M6.6,SCJL,200,206.0,6.599999904632568,6.926114142073758,0.32611423744118984,0.32611423744118984,0.003799335491737388
phase48,Luding 2022 M6.6,SCMB,200,206.0,6.599999904632568,7.139443223647346,0.5394433190147776,0.5394433190147776,0.00011697836255741834
phase48,Luding 2022 M6.6,SCXD,200,206.0,6.599999904632568,7.2749482500292295,0.6749483453966612,0.6749483453966612,0.0014546842230629409
phase48,Luding 2022 M6.6,SCXJ,200,206.0,6.599999904632568,6.615963054584389,0.01596314995182091,0.01596314995182091,0.006015004410103941
phase48,Luding 2022 M6.6,SCYX,200,206.0,6.599999904632568,7.183245316731732,0.5832454120991635,0.5832454120991635,0.0021790573843656347
phase48,Mandalay 2025 M7.7,SCPZ,200,206.0,7.699999809265137,8.490237450411168,0.7902376411460317,0.7902376411460317,-0.004984494137506346
phase48,Mandalay 2025 M7.7,XIAG,200,206.0,7.699999809265137,7.996788820353029,0.2967890110878919,0.2967890110878919,-0.005157820963001214
phase48,Mandalay 2025 M7.7,YNGM,200,206.0,7.699999809265137,7.936110452822924,0.23611064355778755,0.23611064355778755,0.00021646259838536963
phase48,Mandalay 2025 M7.7,YNJD,200,206.0,7.699999809265137,7.521262301030348,-0.1787375082347884,0.1787375082347884,-0.005698996977810289
phase48,Mandalay 2025 M7.7,YNLA,200,206.0,7.699999809265137,6.950808913852558,-0.7491908954125783,0.7491908954125783,0.007158026125180683
phase48,Mandalay 2025 M7.7,YNLC,200,206.0,7.699999809265137,7.8723693487245905,0.17236953945945377,0.17236953945945377,0.01678576236010354
phase48,Mandalay 2025 M7.7,YNRL,200,206.0,7.699999809265137,8.006494931204955,0.3064951219398182,0.3064951219398182,0.0013585596169480851
phase48,Mandalay 2025 M7.7,YNSD,200,206.0,7.699999809265137,7.732012459941291,0.032012650676154664,0.032012650676154664,-0.015249394941264427
phase48,Mandalay 2025 M7.7,YNTH,200,206.0,7.699999809265137,7.9881652132770125,0.28816540401187574,0.28816540401187574,-0.014034329555483893
phase48,Mandalay 2025 M7.7,YNXP,200,206.0,7.699999809265137,8.250347048998412,0.5503472397332754,0.5503472397332754,0.0021581886013510854
phase48,Mandalay 2025 M7.7,YNYA,200,206.0,7.699999809265137,8.587573101320086,0.8875732920549488,0.8875732920549488,0.0038922190673602586
phase48,Mandalay 2025 M7.7,YNYL,200,206.0,7.699999809265137,7.814245541970788,0.11424573270565119,0.11424573270565119,0.00907643443963746
phase48,Nepal 2015 M7.3,BRN2,200,206.0,7.300000190734863,7.322813701503758,0.02281351076889493,0.02281351076889493,-0.0001126337218071427
phase48,Nepal 2015 M7.3,KKN4,200,206.0,7.300000190734863,7.078727224950461,-0.2212729657844026,0.2212729657844026,0.00011473579391196864
phase48,Nepal 2015 M7.3,NAST,200,206.0,7.300000190734863,7.079476094723201,-0.2205240960116619,0.2205240960116619,1.4235544469443084e-05
phase48,Nepal 2015 M7.3,SNDL,200,206.0,7.300000190734863,7.144448811549737,-0.15555137918512596,0.15555137918512596,-0.0006658198042375219
phase48,Nepal 2015 M7.3,SYBC,200,206.0,7.300000190734863,6.821606137185666,-0.47839405354919684,0.47839405354919684,0.0013783824868056627
phase48,Samos 2020 M7.0,cesm,200,206.0,7.0,6.944728902804898,-0.05527109719510204,0.05527109719510204,0.0012292952163575066
phase48,Samos 2020 M7.0,didi,200,206.0,7.0,6.862263561818066,-0.1377364381819337,0.1377364381819337,0.0009429692762399355
phase48,Samos 2020 M7.0,izmi,200,206.0,7.0,6.544105224347008,-0.4558947756529923,0.4558947756529923,0.004169422692515745
phase48,Sand 2025 M7.3,AB02.GNSS,200,206.0,7.300000190734863,7.666996846015381,0.3669966552805173,0.3669966552805173,-0.019956694668337605
phase48,Sand 2025 M7.3,AB07.GNSS,200,206.0,7.300000190734863,7.179841353796046,-0.1201588369388169,0.1201588369388169,0.00018444261932870631
phase48,Sand 2025 M7.3,AB08.GNSS,200,206.0,7.300000190734863,7.5704265272719775,0.27042633653711423,0.27042633653711423,0.0013496981034508693
phase48,Sand 2025 M7.3,AB14.GNSS,200,206.0,7.300000190734863,7.343625292479983,0.043625101745119466,0.043625101745119466,0.003827000092153199
phase48,Sand 2025 M7.3,AB15.GNSS,200,206.0,7.300000190734863,7.3330918970317365,0.03309170629687319,0.03309170629687319,-3.0782386327921074e-05
phase48,Sand 2025 M7.3,AB22.GNSS,200,206.0,7.300000190734863,7.6700186309782845,0.37001844024342123,0.37001844024342123,0.01230384294597986
phase48,Sand 2025 M7.3,AC02.GNSS,200,206.0,7.300000190734863,7.589567036191488,0.2895668454566245,0.2895668454566245,-0.0023424945410850384
phase48,Sand 2025 M7.3,AC03.GNSS,200,206.0,7.300000190734863,7.27735946271736,-0.022640728017503164,0.022640728017503164,0.002140767108417485
phase48,Sand 2025 M7.3,AC08.GNSS,200,206.0,7.300000190734863,7.829912628575546,0.5299124378406823,0.5299124378406823,-0.005067183709269507
phase48,Sand 2025 M7.3,AC11.GNSS,200,206.0,7.300000190734863,7.705946932692511,0.40594674195764746,0.40594674195764746,0.002085179188438424
phase48,Sand 2025 M7.3,AC12.GNSS,200,206.0,7.300000190734863,7.489990401877592,0.18999021114272896,0.18999021114272896,-0.00012467566594143165
phase48,Sand 2025 M7.3,AC14.GNSS,200,206.0,7.300000190734863,7.500790954488324,0.20079076375346094,0.20079076375346094,0.005759783762743886
phase48,Sand 2025 M7.3,AC15.GNSS,200,206.0,7.300000190734863,8.286825326013078,0.9868251352782149,0.9868251352782149,-0.02029686153433552
phase48,Sand 2025 M7.3,AC18.GNSS,200,206.0,7.300000190734863,8.274711620303634,0.9747114295687709,0.9747114295687709,0.001819140898925653
phase48,Sand 2025 M7.3,AC20.GNSS,200,206.0,7.300000190734863,8.830401344972024,1.5304011542371612,1.5304011542371612,-0.006002853439355249
phase48,Sand 2025 M7.3,AC21.GNSS,200,206.0,7.300000190734863,7.241059956467262,-0.05894023426760153,0.05894023426760153,0.0009179077328580476
phase48,Sand 2025 M7.3,AC23.GNSS,200,206.0,7.300000190734863,7.910746285058125,0.6107460943232619,0.6107460943232619,0.004850813758366712
phase48,Sand 2025 M7.3,AC24.GNSS,200,206.0,7.300000190734863,7.283722273215245,-0.016277917519618157,0.016277917519618157,-0.0005475611235183919
phase48,Sand 2025 M7.3,AC25.GNSS,200,206.0,7.300000190734863,7.074909305348134,-0.22509088538672906,0.22509088538672906,0.002364845360557588
phase48,Sand 2025 M7.3,AC27.GNSS,200,206.0,7.300000190734863,7.95265527617621,0.6526550854413466,0.6526550854413466,-0.000968699966276354
phase48,Sand 2025 M7.3,AC28.GNSS,200,206.0,7.300000190734863,7.308369422523729,0.008369231788865505,0.008369231788865505,0.0005588269245277999
phase48,Sand 2025 M7.3,AC32.GNSS,200,206.0,7.300000190734863,8.017251274077386,0.7172510833425232,0.7172510833425232,-0.0010812582263284298
phase48,Sand 2025 M7.3,AC36.GNSS,200,206.0,7.300000190734863,7.7252618979748515,0.42526170723998824,0.42526170723998824,0.0034525400760161418
phase48,Sand 2025 M7.3,AC37.GNSS,200,206.0,7.300000190734863,8.280828158275694,0.9808279675408311,0.9808279675408311,0.00972497516724502
phase48,Sand 2025 M7.3,AC38.GNSS,200,206.0,7.300000190734863,7.17428482341246,-0.12571536732240318,0.12571536732240318,0.006821176180366706
phase48,Sand 2025 M7.3,AC39.GNSS,200,206.0,7.300000190734863,8.320347122150793,1.0203469314159292,1.0203469314159292,0.006487713676486706
phase48,Sand 2025 M7.3,AC42.GNSS,200,206.0,7.300000190734863,6.877080201715698,-0.4229199890191655,0.4229199890191655,0.0031653725289260137
phase48,Sand 2025 M7.3,AC44.GNSS,200,206.0,7.300000190734863,7.3336561763197645,0.03365598558490124,0.03365598558490124,0.004928049714244764
phase48,Sand 2025 M7.3,AC45.GNSS,200,206.0,7.300000190734863,7.62251552107983,0.3225153303449666,0.3225153303449666,-0.012800721539062643
phase48,Sand 2025 M7.3,AC52.GNSS,200,206.0,7.300000190734863,7.598154149535301,0.2981539588004374,0.2981539588004374,0.004570234756975822
phase48,Sand 2025 M7.3,AC57.GNSS,200,206.0,7.300000190734863,8.075358390354474,0.7753581996196104,0.7753581996196104,0.006915051214750889
phase48,Sand 2025 M7.3,AC58.GNSS,200,206.0,7.300000190734863,7.242508970168002,-0.0574912205668614,0.0574912205668614,-0.0012136655722327916
phase48,Sand 2025 M7.3,AC59.GNSS,200,206.0,7.300000190734863,7.330826625980029,0.030826435245165484,0.030826435245165484,-0.0016522832006131694
phase48,Sand 2025 M7.3,AC67.GNSS,200,206.0,7.300000190734863,7.503655923819855,0.2036557330849913,0.2036557330849913,0.0011398385945202705
phase48,Sand 2025 M7.3,ATW2.GNSS,200,206.0,7.300000190734863,8.70666677795578,1.4066665872209168,1.4066665872209168,-0.00428645380132231
phase48,Sand 2025 M7.3,AV01.GNSS,200,206.0,7.300000190734863,8.539947295487327,1.2399471047524635,1.2399471047524635,0.0013982649453616602
phase48,Sand 2025 M7.3,AV02.GNSS,200,206.0,7.300000190734863,7.174072785645482,-0.1259274050893815,0.1259274050893815,0.0005665262612808419
phase48,Sand 2025 M7.3,AV04.GNSS,200,206.0,7.300000190734863,7.965331377555923,0.6653311868210601,0.6653311868210601,0.004249021224557836
phase48,Sand 2025 M7.3,AV09.GNSS,200,206.0,7.300000190734863,7.6769690105888,0.3769688198539365,0.3769688198539365,0.0042818543264102615
phase48,Sand 2025 M7.3,AV11.GNSS,200,206.0,7.300000190734863,7.941216352828906,0.6412161620940431,0.6412161620940431,-0.006503077706945248
phase48,Sand 2025 M7.3,AV16.GNSS,200,206.0,7.300000190734863,7.749213351539456,0.44921316080459306,0.44921316080459306,-0.007329438791112253
phase48,Sand 2025 M7.3,AV17.GNSS,200,206.0,7.300000190734863,8.03899272568656,0.7389925349516968,0.7389925349516968,0.0025646634461207185
phase48,Sand 2025 M7.3,AV18.GNSS,200,206.0,7.300000190734863,8.060688950838777,0.7606887601039141,0.7606887601039141,0.0012570082980190023
phase48,Sand 2025 M7.3,AV20.GNSS,200,206.0,7.300000190734863,8.183627240506524,0.8836270497716612,0.8836270497716612,0.0020531896905584546
phase48,Sand 2025 M7.3,SELD.GNSS,200,206.0,7.300000190734863,7.825541060817979,0.5255408700831161,0.5255408700831161,-0.006367245461229132
phase48,Xizang 2025 M7.1,LHAS,200,206.0,7.099999904632568,7.236938030467375,0.13693812583480636,0.13693812583480636,0.0038800535743277464
phase48,Xizang 2025 M7.1,XZAR,200,206.0,7.099999904632568,7.089768685264972,-0.01023121936759619,0.01023121936759619,-0.0003502769229228875
phase48,Xizang 2025 M7.1,XZBG,200,206.0,7.099999904632568,7.19318671542263,0.09318681079006197,0.09318681079006197,-0.0019095214280255846
phase48,Xizang 2025 M7.1,XZDX,200,206.0,7.099999904632568,7.255105293199987,0.15510538856741896,0.15510538856741896,0.000620590318300529
phase48,Xizang 2025 M7.1,XZGE,200,206.0,7.099999904632568,7.822902471674608,0.7229025670420395,0.7229025670420395,-0.006676490189079232
phase48,Xizang 2025 M7.1,XZGZ,200,206.0,7.099999904632568,7.215026566378025,0.11502666174545695,0.11502666174545695,-0.0004692974057194377
phase48,Xizang 2025 M7.1,XZNM,200,206.0,7.099999904632568,7.935088686229023,0.8350887815964549,0.8350887815964549,0.008885364021502085
phase48,Xizang 2025 M7.1,XZNQ,200,206.0,7.099999904632568,7.479906519529063,0.3799066148964947,0.3799066148964947,-0.010923263965679553
phase48,Xizang 2025 M7.1,XZRK,200,206.0,7.099999904632568,7.207535950826955,0.10753604619438661,0.10753604619438661,0.0035278524067834383
phase48,Xizang 2025 M7.1,XZRT,200,206.0,7.099999904632568,7.890504693196534,0.7905047885639656,0.7905047885639656,0.0031543019292898933
phase48,Xizang 2025 M7.1,XZSH,200,206.0,7.099999904632568,7.6224723744127525,0.5224724697801841,0.5224724697801841,0.0024750993252338205
phase48,Xizang 2025 M7.1,XZZB,200,206.0,7.099999904632568,7.2761234587527195,0.17612355412015113,0.17612355412015113,-0.0007853100962220694
