model,observation_horizon_sec,release_time_sec,available_station_count,event_count,station_mae,station_rmse,station_bias,event_mae,event_rmse,event_bias,event_abs_step_p95,station_abs_step_p95
phase39,20,26.0,158,8,1.2778970428033727,1.3260402977845307,1.2778970428033727,1.4900747313908842,1.5467473151144866,1.4900747313908842,,
phase47,20,26.0,158,8,0.3651017514206095,0.4655388509152709,0.25106889098526813,0.38048190303051044,0.469038257491935,0.3281958125687936,,
phase48,20,26.0,158,8,0.40453716213545377,0.5291858408971507,0.28316242213858644,0.3909812757275991,0.5073474526834165,0.2869134057959012,,
phase39,21,27.0,158,8,1.2751180858815634,1.3239182590917626,1.2751180858815634,1.4827833169124265,1.540541575199278,1.4827833169124265,0.029298998616010236,0.037589751247764716
phase47,21,27.0,158,8,0.36560740554865756,0.4677826688702507,0.2617126906386646,0.38325482199842964,0.47446767493847236,0.3463552251974774,0.0455433802301485,0.045727818340891006
phase48,21,27.0,158,8,0.40745471645090775,0.5402952398585965,0.3065177406212173,0.3974339349513387,0.5193209707478557,0.3010280484325265,0.027872209728712558,0.04757964956532706
phase39,22,28.0,158,8,1.228614442706674,1.2810842076940716,1.228614442706674,1.4393146308234597,1.5007434222501699,1.4393146308234597,0.07448973227019814,0.1287802638930599
phase47,22,28.0,158,8,0.36771563618788733,0.47383661015525685,0.2791633712397606,0.37847357618790367,0.4792576583753505,0.3550824930489158,0.027842823223096235,0.05132294686605561
phase48,22,28.0,158,8,0.41184898103176587,0.5518294421182193,0.32702175844470255,0.39725515370597464,0.52996986162782,0.32148370896082723,0.033747746163424214,0.04115795213750283
phase39,23,29.0,158,8,1.1953138828908423,1.2517027825834786,1.1953138828908423,1.4115838412295327,1.474975258107829,1.4115838412295327,0.054547095689221156,0.10006902254023892
phase47,23,29.0,158,8,0.3734921762110543,0.4834235098287152,0.2990024962700138,0.3838693326880256,0.48911723953998293,0.36261596881137037,0.05171373965037399,0.060948796829482975
phase48,23,29.0,158,8,0.42112572146658894,0.5664184595832951,0.34789261613048567,0.41070325362510207,0.5427782980320741,0.34193755930323233,0.04919234640735566,0.039579678454164505
phase39,24,30.0,158,8,1.161441755412093,1.2233109970880673,1.161441755412093,1.3753982293438947,1.440956252902413,1.3753982293438947,0.07647744248097402,0.10874974654091796
phase47,24,30.0,158,8,0.36490152564131084,0.47217229979285497,0.2841926826370373,0.3750743703211501,0.48317858913047806,0.3461535002942997,0.03989290826834954,0.05018492673085208
phase48,24,30.0,158,8,0.42462182633409773,0.571344736584446,0.3549652798217315,0.418356051178816,0.5477235524712045,0.345984229285877,0.016672871470551385,0.0283917496895997
phase39,25,31.0,158,8,0.995758624471544,1.0868157659601896,0.995758624471544,1.2261826916170397,1.3080146853037176,1.2261826916170397,0.2853565888092851,0.35552159951802353
phase47,25,31.0,158,8,0.3636841039228016,0.4733256267638837,0.28644913130383076,0.3788681949233441,0.4952518700694732,0.3555110953198335,0.03937754536792637,0.04752666678230062
phase48,25,31.0,158,8,0.4344977022074931,0.5824370220062026,0.3702842888742812,0.428278028694562,0.5593232811589517,0.35738897781295975,0.02240399509959632,0.031829455329033654
phase39,26,32.0,158,8,1.0062473308395605,1.096345116018636,1.0062473308395605,1.2265092376344144,1.302542801087437,1.2265092376344144,0.07022072241010358,0.056266012015958974
phase47,26,32.0,158,8,0.35933808360866415,0.4710745092671895,0.28081154193575314,0.3881327708920609,0.49757330282793333,0.3587402505073177,0.028471609238772094,0.055855705258314674
phase48,26,32.0,158,8,0.4405405064922227,0.5882276202033182,0.3773856881634315,0.4341969481180653,0.5655359802231859,0.3659122274394194,0.016991080123232333,0.02819108000905151
phase39,27,33.0,158,8,0.9239296788835074,1.027654988404066,0.9211710992070448,1.1371168010846375,1.223639279039124,1.1371168010846375,0.12166330868365519,0.16229447990830043
phase47,27,33.0,158,8,0.36020370850345396,0.4736235600534261,0.28059146735752394,0.3947879606728817,0.5027018952204796,0.36913777703035344,0.0301910711557408,0.04243279230985125
phase48,27,33.0,158,8,0.44492828281458296,0.5918432804284308,0.3799899133084412,0.43898961900311506,0.5721727513764353,0.37170504772156776,0.020139032797286516,0.03587770168705826
phase39,28,34.0,158,8,0.9098768121553286,1.014072338907444,0.9065044887544343,1.1361409873690604,1.2098327122143069,1.1361409873690604,0.11249604615595277,0.06225352793452202
phase47,28,34.0,158,8,0.3566224667157055,0.4702436903610899,0.27510354486194977,0.398410057587155,0.5013015756484508,0.3607088632737565,0.032216414460183924,0.04731608943816536
phase48,28,34.0,158,8,0.44393049677487784,0.5899930961407728,0.37274086443322,0.42784239844695293,0.5669621106035041,0.37410656778126106,0.04501909089992153,0.04151380383078234
phase39,29,35.0,158,8,0.8487781345906719,0.9612341503076001,0.840508636716125,1.072697396382969,1.151304335959347,1.072697396382969,0.07804494618518074,0.12010284257754043
phase47,29,35.0,158,8,0.3516579988773298,0.4622266028442002,0.26263066813427743,0.39453913636010673,0.491834571781941,0.3481663574109328,0.03704132384664159,0.05966766245139755
phase48,29,35.0,158,8,0.44577381286797285,0.5929428000615627,0.3741051205761657,0.4249468913909401,0.5667269152640356,0.3758652650732125,0.009331622847573762,0.037061514659122045
phase39,30,36.0,158,8,0.8544354469338652,0.9673241032186156,0.8510316536385031,1.095955265694796,1.16931871018278,1.095955265694796,0.12165135446962741,0.09191590657436706
phase47,30,36.0,158,8,0.3456481739659498,0.4549870021046798,0.25282432952656136,0.3919461526028657,0.48712546214632135,0.35077184672510275,0.04878229462036597,0.07594746042889453
phase48,30,36.0,158,8,0.45184486128593243,0.6013225567034696,0.38408472754180945,0.4276717541510432,0.5719840562058637,0.3854563280533906,0.032152722458013226,0.039548847887873835
phase39,31,37.0,158,8,0.8330690471659906,0.947777840176437,0.8281631164110929,1.102337296018564,1.1759937102713371,1.102337296018564,0.15812251111877354,0.0904908401578593
phase47,31,37.0,158,8,0.34440241940114796,0.456269383136059,0.25163261897082795,0.3904761102417287,0.48978491623733494,0.3623205689552824,0.06625645230250785,0.06635993241168767
phase48,31,37.0,158,8,0.46600834774712696,0.6187132249317564,0.4054144453042311,0.44484748814567354,0.5893996666763692,0.39645340826554476,0.04403246135324696,0.046201932446788524
phase39,32,38.0,158,8,0.839337195609344,0.9521805148999594,0.8353495672038059,1.166146825563472,1.2236506749485367,1.166146825563472,0.33447962913617735,0.08361544781547652
phase47,32,38.0,158,8,0.34557650132785994,0.46367899313339517,0.2598626371811016,0.389745134380883,0.494036995142337,0.3672498487217276,0.03469599882028049,0.06018819203743816
phase48,32,38.0,158,8,0.48196278299972845,0.636921641536914,0.4267258862159989,0.46188609006753634,0.603999119903106,0.4008839629445393,0.05552236258385251,0.04873797026434759
phase39,33,39.0,158,8,0.7669946704020326,0.8909497711465526,0.7626572341081513,1.0752056203114313,1.1245165806135355,1.0752056203114313,0.3447368645221396,0.19996309099224585
phase47,33,39.0,158,8,0.3587686820219066,0.4830772551669703,0.28680123757512616,0.38972768541467107,0.5049642794170863,0.3712234030366067,0.04515696187949109,0.0875935418668728
phase48,33,39.0,158,8,0.4798570129032049,0.6380424108141683,0.4272832975289831,0.46821590711076355,0.6146674307398727,0.4010715788541436,0.04464998944761443,0.046420512343915435
phase39,34,40.0,158,8,0.8295015049690285,0.9374996546257286,0.8275363021475075,1.1347046113308619,1.177038073828518,1.1347046113308619,0.10937096834100232,0.15680604752899213
phase47,34,40.0,158,8,0.36246653734167816,0.48670179077532066,0.2912347701046074,0.3789266800277227,0.5036835837533823,0.36064825457368266,0.053891027160563924,0.07940701815150235
phase48,34,40.0,158,8,0.4962479856764859,0.6572566811785822,0.4499262205622312,0.4894383251680571,0.634652388213223,0.4227697926398296,0.05483591024019416,0.07215683053225254
phase39,35,41.0,158,8,0.8120987352291608,0.9204189615450757,0.8111999309286526,1.1152729713727263,1.1573814365699906,1.1152729713727263,0.05757489669079721,0.07181520855817594
phase47,35,41.0,158,8,0.3668753102537935,0.4913253271570837,0.2913277815463155,0.37661945206947933,0.5112402724784415,0.3386701106593445,0.09057876614651743,0.089350534914497
phase48,35,41.0,158,8,0.5049811538667471,0.6690815988741358,0.4633485928822447,0.5037754250701535,0.6473855295417996,0.43660245417453025,0.042877568160943715,0.07314815278863761
phase39,36,42.0,158,8,0.7632136457568405,0.8820768747439612,0.7632136457568405,1.067218314681128,1.1140902031523237,1.067218314681128,0.07818282742466173,0.09744652227980463
phase47,36,42.0,158,8,0.3786203718856514,0.5041665807982872,0.305365957765615,0.39976486871900097,0.5379289616270632,0.33096574593853556,0.09528127077857385,0.06906441100262889
phase48,36,42.0,158,8,0.5029612966419448,0.6663869525398226,0.4603413104436156,0.5086113201268987,0.6471560498053658,0.44943911657774316,0.05463078189975493,0.046159904324821366
phase39,37,43.0,158,8,0.7035554264491998,0.8359684086098883,0.7028823219624943,1.0166133214997037,1.071089900257521,1.0166133214997037,0.08111788560872721,0.10817562604631235
phase47,37,43.0,158,8,0.4053526823025065,0.5367843446104336,0.34322780298436756,0.42437699300690457,0.5771862725951566,0.3562715343277907,0.07729432221869373,0.08158752358587545
phase48,37,43.0,158,8,0.49412973627870665,0.6572752505396197,0.4496788206174538,0.4996169602025705,0.6386966364497568,0.44863521236144466,0.03879377069281071,0.04441829500922038
phase39,38,44.0,158,8,0.6673424747913863,0.807696146484938,0.6656019760531261,0.9878562394296369,1.0479866594345661,0.9878562394296369,0.04992632999232347,0.0759671081057209
phase47,38,44.0,158,8,0.4418138551878249,0.5747365869820579,0.38906859177300135,0.45698079669711544,0.6055997285492558,0.3885009301186807,0.07288733651238592,0.09428378355921235
phase48,38,44.0,158,8,0.49096087489370044,0.6535699550451779,0.445604431417791,0.49723981968521835,0.6384553363728469,0.450795491137455,0.016754177760855124,0.03374756583838276
phase39,39,45.0,158,8,0.6053669793628262,0.7604957510938789,0.5944883684500814,0.9317779753763837,1.0047130740298424,0.9317779753763837,0.09709835681702392,0.11295010238291178
phase47,39,45.0,158,8,0.47681962416562174,0.6106561486951212,0.42978422365480085,0.4712562624394724,0.6233428694184172,0.40399490722142894,0.047037631864904124,0.0843869158304643
phase48,39,45.0,158,8,0.49742728259294383,0.6593177643106496,0.45394273204790736,0.504175461699884,0.6467500335866411,0.4596750213330071,0.01845478027969678,0.02886699639716653
phase39,40,46.0,158,8,0.5621285421491242,0.7247528732106927,0.5370047172109482,0.8852919347315491,0.9712382364022658,0.8852919347315491,0.08289284014658609,0.0871911532131604
phase47,40,46.0,158,8,0.4936855076176797,0.6272673275575807,0.4485893114323577,0.4831641541121495,0.6383899495242122,0.41505358353353994,0.03859306775772007,0.05194474161216238
phase48,40,46.0,158,8,0.5017125414463227,0.6625882885040791,0.45923500245610255,0.5027855180611723,0.6472684757790655,0.45961404258416627,0.009422808859779329,0.03161724587343549
phase39,41,47.0,158,8,0.5253479158670348,0.6859879366609055,0.45756869114264365,0.8234159908010341,0.9222040647735701,0.8188078088325301,0.11543981746349061,0.13074070537130975
phase47,41,47.0,158,8,0.49690454775353304,0.6306095618864863,0.449980816026254,0.48565882705029284,0.6413788944854896,0.4158233388018888,0.03589698073300833,0.042517372371114755
phase48,41,47.0,158,8,0.5072389902666011,0.6665675262953722,0.4651292341959545,0.5008298658278098,0.6462379089484597,0.45897684556516893,0.01501199025262796,0.03407601060615325
phase39,42,48.0,158,8,0.5249297865326054,0.6849283133305728,0.4521566881750106,0.8157059736718386,0.9137401517908343,0.8081293932425517,0.06229051188905208,0.05491598903977538
phase47,42,48.0,158,8,0.4907496635279937,0.6230135032452315,0.44152279298754066,0.4807267621021083,0.640563926328673,0.41324294532630934,0.029643611431879168,0.05219956889855167
phase48,42,48.0,158,8,0.510482274377656,0.6683735156614663,0.46753456625975776,0.49954379187819,0.6479790837660835,0.45844842392935514,0.020872387003521852,0.026714008823151145
phase39,43,49.0,158,8,0.52361069697049,0.6821427009789248,0.4405197195614208,0.7999460337466072,0.8966508842769702,0.7883048771867206,0.057714436907942424,0.05395418720283997
phase47,43,49.0,158,8,0.4807804240191011,0.6116172751035102,0.4290396751078329,0.47256784684206554,0.6342150988320338,0.40546375746365704,0.038863713742104615,0.04930588818833908
phase48,43,49.0,158,8,0.5156591208901683,0.6729553852665056,0.4725601202065081,0.5017418998381863,0.6527890743791119,0.4601663489451161,0.01810459679052587,0.028863297912670487
phase39,44,50.0,158,8,0.5267368365117382,0.6824517961243307,0.43229748080418406,0.7843546383105366,0.8777031543029475,0.7715191064743601,0.056486525449974664,0.051034647023942184
phase47,44,50.0,158,8,0.4718164435510569,0.6011081326920955,0.41799698583980077,0.46578074371593925,0.6253683231528548,0.39540521261574957,0.037997022669459785,0.05635514161859987
phase48,44,50.0,158,8,0.5178110135866811,0.6745413208786556,0.4734463174436188,0.501417371853077,0.653944716543683,0.4581986466786061,0.015328546167149246,0.027196279906862447
phase39,45,51.0,158,8,0.5255839519653788,0.6746816121352642,0.4060117786953731,0.7573918107152716,0.8459495134928641,0.7351546510252235,0.049196441368056565,0.06374676268706768
phase47,45,51.0,158,8,0.4561085793800704,0.5833979909968025,0.4007846694096351,0.4542797102530386,0.6116168645626853,0.38496387970374324,0.04186250949929837,0.0716125120230294
phase48,45,51.0,158,8,0.5190684753834786,0.6749312611800067,0.4739386604881678,0.5015198832436845,0.6533419071361702,0.45599284401894513,0.01385584341423156,0.03088815394733162
phase39,46,52.0,158,8,0.5302571244865444,0.6785655462087802,0.40649940202211793,0.7469425587707164,0.8300269961963243,0.7211381141485946,0.04766270337679257,0.05256300582624243
phase47,46,52.0,158,8,0.43755469640196737,0.5621369494757412,0.38017122569566764,0.4435278589318089,0.6004426491246485,0.37241201577693606,0.048180794152549465,0.08141742587018151
phase48,46,52.0,158,8,0.5189495423098551,0.6732883582498268,0.4722023312624264,0.4987611622545298,0.6468380603644562,0.45021807637047173,0.019643790568829277,0.03234471245548649
phase39,47,53.0,158,8,0.5293901390182189,0.6742468798998343,0.3882500149728082,0.721546230466606,0.7980862832512863,0.6892301114088835,0.06154332970514078,0.05946554229788978
phase47,47,53.0,158,8,0.42574093024317733,0.546114238947204,0.3653134238726414,0.4375484145281626,0.5952632132428718,0.3755485810115763,0.03185161120860007,0.0754680488758887
phase48,47,53.0,158,8,0.5200088686120516,0.6729367505957032,0.47180412326150206,0.4971691070533939,0.6428277912790487,0.44546310248247933,0.015235045906874765,0.033984466400117666
phase39,48,54.0,158,8,0.5297503966708411,0.673558569208379,0.37665869046026806,0.6975317251021063,0.7676055518577444,0.658827234076639,0.055727746806409496,0.04853129495147172
phase47,48,54.0,158,8,0.416267823737345,0.5336349450329136,0.3506580003115711,0.42898500570269604,0.5801650833987604,0.3664608158546365,0.045189016616724795,0.06715628096502321
phase48,48,54.0,158,8,0.5195273822235512,0.6714464192891653,0.46823240842451574,0.4932423317924304,0.6369878351469881,0.43891762317614313,0.0176927240280722,0.0364361029688749
phase39,49,55.0,158,8,0.5226121868757116,0.657787887502114,0.3237812976465925,0.6497599398040921,0.7178933214280938,0.5965559985433777,0.09702094913537107,0.10958781041022216
phase47,49,55.0,158,8,0.4139240103813882,0.5270109372390911,0.3467214069995543,0.42558972441046616,0.5734348991778083,0.3827541847972483,0.11444427128001158,0.08698550937017609
phase48,49,55.0,158,8,0.5229369600971515,0.6750143220316932,0.4683447366150769,0.49433340053135866,0.6352931580646707,0.4402649511024468,0.02174121959708319,0.039641914692377045
phase39,50,56.0,158,8,0.5357454866436087,0.6815373513312599,0.3604895959152167,0.6664835897869846,0.7326444213413537,0.6230217191540707,0.07359547981932063,0.07676698706486694
phase47,50,56.0,158,8,0.39609810939242385,0.5068526650491827,0.3202584894224997,0.40180723488030845,0.5481890238499586,0.3530254837781809,0.05952798103525384,0.07012398022276015
phase48,50,56.0,158,8,0.515831037016365,0.6668958600866933,0.45584123113149777,0.4862488249806066,0.6317948361786639,0.4330459924732021,0.01881006514347536,0.05130900296096363
phase39,51,57.0,158,8,0.5449574504581992,0.6985923680735723,0.36815152087244474,0.661995388370927,0.72943589985698,0.6199257056206194,0.025987715103523483,0.06439123928371322
phase47,51,57.0,158,8,0.3904358459125258,0.4982988194271478,0.30695120745102744,0.38511134888285703,0.5319597488172784,0.3271426428040056,0.0616578232777193,0.07779457552820015
phase48,51,57.0,158,8,0.5040915390934481,0.6526467756987033,0.43519423319016926,0.47798250359085004,0.6229046520443825,0.42583692775119397,0.020011964512290082,0.05417493181186714
phase39,52,58.0,158,8,0.5508564498095255,0.7089823029277158,0.371358441858047,0.658811191317507,0.7307177708408067,0.6166221021420262,0.03538760390200738,0.06344521332709477
phase47,52,58.0,158,8,0.371900749668156,0.4796403487056741,0.2774258416426376,0.36683180661421877,0.5105095655384072,0.2961508671531162,0.049775363160007205,0.10287618804413425
phase48,52,58.0,158,8,0.4986623083487879,0.6441833492963063,0.41995390741674526,0.4689312232950086,0.6121058346222746,0.4138824495123802,0.023427112256684163,0.050044280951372734
phase39,53,59.0,158,8,0.552198384352112,0.7048489064156521,0.35174571461660625,0.6464179145819288,0.7199684831061217,0.5953968039890728,0.049208242004681504,0.09161234694955553
phase47,53,59.0,158,8,0.3653650428033291,0.47163627395892005,0.26051717205319536,0.35521985181964266,0.49415837437182614,0.26739540559310415,0.05143520796136145,0.07664119362801683
phase48,53,59.0,158,8,0.4976304077170058,0.6410259071855949,0.4090447323788721,0.4560420881599341,0.596928606902861,0.3968664353183484,0.03317676457529943,0.04731602688504589
phase39,54,60.0,158,8,0.5528423787410264,0.692144595674442,0.30898446011058917,0.6164027365837883,0.6908628328670864,0.5501575090966384,0.08071817288201219,0.12061800772995297
phase47,54,60.0,158,8,0.36494566794130534,0.47047987071304714,0.2526734802286575,0.34749523191624143,0.4824457908627461,0.25584564420289135,0.04800030358446338,0.06575365016593199
phase48,54,60.0,158,8,0.5019019812498648,0.6448583587497616,0.40475489111335355,0.44801259069323063,0.5854250195416374,0.38368601234099087,0.021404692998642227,0.04601296772806945
phase39,55,61.0,158,8,0.5479313838399166,0.6793090727412907,0.27022854864805756,0.5858771641164208,0.6640854331058925,0.5071290836448842,0.08073487659415174,0.12013230428653306
phase47,55,61.0,158,8,0.36683876408451666,0.4726997741332275,0.24707981985032276,0.3417915387169812,0.47465848351273027,0.24611863195254813,0.0365122905428588,0.06254337781151126
phase48,55,61.0,158,8,0.5130727114399054,0.6572021506525492,0.41007979328574856,0.4490901550710278,0.5855220547730139,0.37935637234356734,0.013781293099831293,0.05633394013624656
phase39,56,62.0,158,8,0.5447650833242943,0.6731044059227135,0.24326547135493623,0.5625417653850061,0.6468403153147623,0.47517839960780084,0.07359430816761388,0.09454557636107651
phase47,56,62.0,158,8,0.3667353237426412,0.47289832972411205,0.2422385554165838,0.33946827132736523,0.47052452212702794,0.23796058278552878,0.02806303922902304,0.045505790422082144
phase48,56,62.0,158,8,0.5213925906251689,0.6665010548777424,0.41567579746150557,0.45295304296483074,0.5899744416890845,0.3768668685745806,0.01841733146374955,0.04856535593612784
phase39,57,63.0,158,8,0.5424227355480524,0.669978726618733,0.22941275560894583,0.5530091007020673,0.6367609900070503,0.4608319335292367,0.036019234927235286,0.07182736158320568
phase47,57,63.0,158,8,0.36612578940819274,0.47339451549639205,0.2397414375217947,0.33997491777412214,0.47184872553525514,0.23676942506061482,0.011145751083840104,0.0414355657157683
phase48,57,63.0,158,8,0.5294951639164636,0.6763586295911898,0.42623520550773114,0.46458598125978245,0.6016656789020297,0.3826922753357441,0.027580623484531403,0.04533758774365078
phase39,58,64.0,158,8,0.5386773172161823,0.6679796974474969,0.23627788653076232,0.5611998359640021,0.6476856419645951,0.4680104104476216,0.0318865031266164,0.06917456265941838
phase47,58,64.0,158,8,0.3630429754207764,0.46982556353649885,0.23597406362036344,0.3389069733599165,0.46846834786402647,0.2283751117571554,0.015157382675327246,0.04552688145396258
phase48,58,64.0,158,8,0.5303421243575533,0.6776848468025595,0.42811018600639705,0.4695573947945384,0.6066175177269142,0.38265246838673916,0.0196674194190495,0.0381564345328057
phase39,59,65.0,158,8,0.5345677643358823,0.6618964067042822,0.23821919349122225,0.5526583659987662,0.6439959118377534,0.45911703287639216,0.028605879027216424,0.05614094687386527
phase47,59,65.0,158,8,0.3604304203755079,0.46612533285102586,0.23489834073491558,0.33769822631560753,0.4645577717099945,0.22243161762363928,0.01415368316050358,0.040423351141964055
phase48,59,65.0,158,8,0.5300016745492805,0.6774541548375749,0.42901561296451535,0.47764021687351144,0.6151355208064817,0.38553186052188604,0.022189649980328106,0.03516859811728048
phase39,60,66.0,158,8,0.5363897582566622,0.6548339865080874,0.23406688403297854,0.5396400656713423,0.6361619877652012,0.44632101368867816,0.030722098648143122,0.057290573590341065
phase47,60,66.0,158,8,0.3623552579496498,0.4685371660653047,0.24233999624352504,0.34536621476657947,0.46957765956947206,0.222719834693762,0.029777048653981137,0.0449221110925763
phase48,60,66.0,158,8,0.5296905346875881,0.6778645983848707,0.43145213100113,0.48466140412230285,0.6224133678581766,0.3876008695954737,0.01739034309203866,0.039338621913855586
phase39,61,67.0,158,8,0.5402642515303359,0.6517028320686626,0.2194220376936977,0.537588203786257,0.6328177979421056,0.4325919129804433,0.05835315377409231,0.08789660397851631
phase47,61,67.0,158,8,0.36976286724941254,0.47598190848027777,0.2556800141904237,0.3590355151331702,0.48168223325040965,0.2377757232038421,0.04203336983986369,0.0561859079407568
phase48,61,67.0,158,8,0.5305934839943777,0.6801084970429889,0.43597516503484607,0.4897603862895208,0.6276962735230935,0.3880091886830055,0.01781875421674348,0.036183624402105805
phase39,62,68.0,158,8,0.5440787836974925,0.6545096401739907,0.21608366327116402,0.5133929633206619,0.6084723818471189,0.40222507608003466,0.07696483483050838,0.06007946266730922
phase47,62,68.0,158,8,0.3800347033628804,0.4875069407896719,0.27271025103286073,0.3715546522641129,0.4954803080585024,0.2559991686086365,0.05428191384012835,0.06554726952060001
phase48,62,68.0,158,8,0.5326598467299157,0.683637559043803,0.4414089852257241,0.4927866758519692,0.6305455702363744,0.38855484676928986,0.009887802225070885,0.029673904117337873
phase39,63,69.0,158,8,0.546412652199417,0.6570921704195459,0.20925841982577065,0.5086644745945227,0.6004399392516817,0.3886660966087029,0.05025267588700631,0.07079485532324677
phase47,63,69.0,158,8,0.3870184683342347,0.4953497498007822,0.2840011362976814,0.3821719854750043,0.5081723910794556,0.27432099178435965,0.04217885155592902,0.05617339936382231
phase48,63,69.0,158,8,0.5320978715882329,0.6845131369229641,0.44266654562258406,0.4928974220253707,0.6304923779813146,0.387779835367542,0.005731989132534831,0.02639423993804351
phase39,64,70.0,158,8,0.54711132749511,0.6577456015869819,0.20548320184223912,0.5055945906115217,0.5955303908257668,0.37495284769569037,0.02158982758634069,0.060295443532456194
phase47,64,70.0,158,8,0.39091459810088564,0.4981499510132569,0.28712670757578274,0.3889664422828839,0.5170809111016131,0.2844407387973923,0.024395990618797776,0.03963245165767671
phase48,64,70.0,158,8,0.5291636968629769,0.6821924944568607,0.43911306568145475,0.490840639704752,0.629867998828082,0.38609492799781786,0.015115764779867731,0.031388063528886456
phase39,65,71.0,158,8,0.5601790828863927,0.6751600029305929,0.23146145739046006,0.5032436010124051,0.6019319237754152,0.38935207685820483,0.05534412969686885,0.09919995249030623
phase47,65,71.0,158,8,0.4127916545853676,0.5211602436846893,0.316900046950748,0.4093488587745463,0.5466776565501509,0.32148594781544804,0.07495537123307477,0.08427648019212947
phase48,65,71.0,158,8,0.5240268149234735,0.6775156176024903,0.43325534875608096,0.48466077888273007,0.6233554614082447,0.3802848054128417,0.021548530146641418,0.03184540290798355
phase39,66,72.0,158,8,0.5640475354067988,0.6821407340148151,0.2427920545800994,0.50921089184941,0.6086910227187324,0.3982945557811415,0.03011205714221189,0.06333392523220846
phase47,66,72.0,158,8,0.4353008833875178,0.5463423556059651,0.3433962046783188,0.42540078037963125,0.5679388099029756,0.3463476926374912,0.0497678918867686,0.08010171818893812
phase48,66,72.0,158,8,0.5119820648200691,0.6618946428677176,0.4126221583878091,0.4669149376598434,0.6031445772339088,0.36295564621914855,0.03405619069316441,0.04639773605590559
phase39,67,73.0,158,8,0.5657941412212038,0.6851299544786779,0.24558260509581392,0.5068627356285166,0.6067511345859918,0.39550720372133574,0.024006774640112867,0.04000186321139596
phase47,67,73.0,158,8,0.45613981961006606,0.5697656526624719,0.36744950327079234,0.4396384642147271,0.5832155545669052,0.36734031207869355,0.05518681939725524,0.08026623376073358
phase48,67,73.0,158,8,0.5043433569556702,0.6506000740958148,0.39801901679218316,0.4531059357909243,0.5825076098422491,0.3459101836125459,0.038483587876827305,0.03737339047560258
phase39,68,74.0,158,8,0.5631799734629375,0.6822410270153288,0.24262758678294222,0.5129538801242461,0.6097963610956081,0.3948679849094687,0.02886417877258628,0.044883262009217516
phase47,68,74.0,158,8,0.48283197183786364,0.6005525986563822,0.3999769504435343,0.456997106113046,0.5976821022232871,0.38724363738553325,0.06145612442042676,0.0841346956510813
phase48,68,74.0,158,8,0.5024497046553738,0.6468147252614201,0.39146780269798837,0.4426537124236617,0.5726786374622339,0.34105415993834487,0.021585964676513254,0.031186527306162767
phase39,69,75.0,158,8,0.5648708880905722,0.6809813551082394,0.23127092832403823,0.5193443946462445,0.613258992230722,0.391460232992349,0.03529015258233609,0.045303528649097265
phase47,69,75.0,158,8,0.5126640166570934,0.6338512539237557,0.4350191376730063,0.4853339146074759,0.6345442198892111,0.4209597401932611,0.07818553098907612,0.08763821712415067
phase48,69,75.0,158,8,0.5088540106227349,0.6539658458962175,0.39837223312958875,0.4456188562314709,0.5780630931872792,0.34732411136079433,0.019267102236480444,0.03077079761632957
phase39,70,76.0,158,8,0.5609606318605811,0.6755915810728981,0.21065038018379317,0.511286613487862,0.6028285711409301,0.3683797607899959,0.038725623770868314,0.07452532250553977
phase47,70,76.0,158,8,0.539311731257961,0.663543286713783,0.4673016723747085,0.4963455879608092,0.6564538388509505,0.4426593589422527,0.04561860651385297,0.08169045065514613
phase48,70,76.0,158,8,0.5185181512996072,0.6659957268171086,0.41077271931047993,0.45450461719930535,0.5906632690054013,0.3553341753554554,0.026520355506692222,0.04147055771390147
phase39,71,77.0,158,8,0.5590363605624954,0.6691194014658496,0.16164043514175733,0.4911117917881903,0.5824192072218475,0.3252054884398946,0.07427688442315923,0.1173924875695924
phase47,71,77.0,158,8,0.5553178538080304,0.6804306092641981,0.4859451590632985,0.503784812427684,0.668248018942253,0.4515241600370392,0.026343448025472675,0.05752429183175281
phase48,71,77.0,158,8,0.5285109095973891,0.6785311611981302,0.42303246641461517,0.46555697864339585,0.6038146663608186,0.36374686107670373,0.025777880227746845,0.04342009970114545
phase39,72,78.0,158,8,0.5491449608808476,0.6590018353610742,0.11963445625326545,0.4681503093075422,0.5612826180116902,0.2864445897618161,0.07013887551691836,0.1118823978809811
phase47,72,78.0,158,8,0.55251732429643,0.6773956678714053,0.4840378622879541,0.5006342967684353,0.6623210357082024,0.4457552601889171,0.013454460608967529,0.040185538851209304
phase48,72,78.0,158,8,0.53550576702797,0.687317743440877,0.4306395506816255,0.47611055370009925,0.6158492621898517,0.3714708055813981,0.02956772083860216,0.04030768291569249
phase39,73,79.0,158,8,0.5400353044102233,0.6519788823242338,0.09894876472582498,0.44590679179970827,0.5414839264410926,0.2638683639827887,0.06649688032452972,0.09910401302360636
phase47,73,79.0,158,8,0.5384076015552405,0.6622669530671845,0.4697075515745531,0.49110835337437053,0.6446203830764533,0.43101039299479904,0.032531178813792035,0.05279757862298002
phase48,73,79.0,158,8,0.5449950936186139,0.6981422039761803,0.4408658250960741,0.4905189544472136,0.633038272117169,0.3822165311661666,0.039593632448577845,0.040786312097430374
phase39,74,80.0,158,8,0.5357304630380786,0.6473089160185175,0.1116320211170883,0.43338482650285415,0.52857650163404,0.26950949118912826,0.042896037450470895,0.06270312853182318
phase47,74,80.0,158,8,0.5220837999483594,0.6444899931228971,0.45208705233223884,0.48276106046005063,0.6269497762849345,0.4170675862257248,0.0359275016287639,0.05807088940328572
phase48,74,80.0,158,8,0.551453306153562,0.7048702371452984,0.44596527720453044,0.49631516318154467,0.6376030076203537,0.3851134664616932,0.01863101227464376,0.03245776417036726
phase39,75,81.0,158,8,0.5331340239295699,0.6458352932942455,0.14102774012289765,0.4379297775299791,0.5284362225264851,0.2919298531768759,0.04853113139372324,0.08005535860019494
phase47,75,81.0,158,8,0.5089246035559358,0.6300865563011326,0.43745987158572974,0.470686043784181,0.6050516460648248,0.3966819957184472,0.05043822785980996,0.0646282295161598
phase48,75,81.0,158,8,0.5568893963160063,0.7102123102215187,0.44970444087690925,0.4994717312684792,0.6402006302477266,0.38690351536475054,0.009032586943288033,0.03309016313974588
phase39,76,82.0,158,8,0.5297519634934988,0.6451157572741903,0.1597035270043917,0.43871989232151276,0.5262359131244505,0.29942160109186666,0.02418927765653702,0.07728436748741528
phase47,76,82.0,158,8,0.4976211612941933,0.6180668088167538,0.425500856933602,0.46033061507086537,0.5864659601985663,0.38120518925739855,0.050600115277079256,0.049492000397245356
phase48,76,82.0,158,8,0.5609757851617362,0.7139241374721802,0.45161508748617685,0.49693904611953976,0.635793816788477,0.3834276567943715,0.01641372470308666,0.032830878559668715
phase39,77,83.0,158,8,0.5283328711047462,0.6434510555665315,0.17134311479123449,0.4398148303063927,0.5262206363946412,0.3036192824902906,0.015425562085933507,0.06576504259025741
phase47,77,83.0,158,8,0.48912824970777635,0.6093876989305343,0.41766164637426345,0.45042580411304234,0.5755307796156349,0.3732682522899259,0.03145114429551396,0.039973882241848134
phase48,77,83.0,158,8,0.5628987406742756,0.7155856975149846,0.4518464102461505,0.4907210146394252,0.6261842177857373,0.37544607801541896,0.02714048620422633,0.03602629098441229
phase39,78,84.0,158,8,0.5234574854147782,0.6390972513200079,0.17571274217950586,0.4374620258549603,0.5238063256340505,0.30260094591069386,0.01456853096167685,0.07543761156141239
phase47,78,84.0,158,8,0.48254113922369346,0.6024181833675818,0.411780249971142,0.44132908291754214,0.565459488604078,0.3654170884814404,0.026995520107947295,0.04466550228247259
phase48,78,84.0,158,8,0.5640072191558294,0.7172219019514828,0.4526539506551029,0.488946351370499,0.6215414629960677,0.370602331397198,0.026414262394374253,0.03316029416808282
phase39,79,85.0,158,8,0.5183966612008134,0.6345337922926361,0.18054457620480877,0.43115765966519637,0.5165773097674914,0.2965439725910394,0.021675692761532066,0.09307036900430332
phase47,79,85.0,158,8,0.47863608454062645,0.5967859585858224,0.408569852294609,0.43925528805848446,0.5598339376352023,0.3617744286637846,0.024495075846021386,0.046936012408270056
phase48,79,85.0,158,8,0.568052009148108,0.7222401856801224,0.458494283959966,0.4937272408822333,0.6230359764534186,0.37176114635164037,0.030783639617094093,0.03350590156060625
phase39,80,86.0,158,8,0.5119020004348522,0.6277125039800401,0.1740518364865362,0.41598690747243006,0.49900936427232867,0.27480715190591565,0.04702553025535757,0.07668542954193552
phase47,80,86.0,158,8,0.4758908118878187,0.5910570240145189,0.4055225076858788,0.43022454043588043,0.5437571175314758,0.3528891876901934,0.032715723181070494,0.04522995523433311
phase48,80,86.0,158,8,0.5743686450760432,0.7300044440329819,0.46680791700265456,0.49863375554478473,0.628725464598268,0.37422405525843205,0.026744216712944878,0.04075102263407066
phase39,81,87.0,158,8,0.5040455713294559,0.621654026031922,0.16896768679873642,0.3992262804151673,0.47578630062950067,0.25724799804667453,0.044462691639589595,0.09488506682632776
phase47,81,87.0,158,8,0.47388112982282005,0.58655089360156,0.4019450689521376,0.42690478312660585,0.5362621383626734,0.34984109946699216,0.02974743585143779,0.04920754667124562
phase48,81,87.0,158,8,0.5836378124954237,0.7403390707719945,0.47874002235597507,0.5079898613811981,0.6357636812638418,0.3823047310295232,0.03251477747175108,0.046740579153539
phase39,82,88.0,158,8,0.49208359674028296,0.6128055675345437,0.16108512168847963,0.38400406423678346,0.45441290786199484,0.24126536193993187,0.04357741385591124,0.08796173731033637
phase47,82,88.0,158,8,0.4702937702542838,0.5803558478597522,0.39516146425350307,0.42289716774105435,0.5298882232562357,0.3467559897156628,0.01953782901224436,0.04261878495453694
phase48,82,88.0,158,8,0.5818902057689095,0.7379834524997377,0.4763236542259235,0.5104743231794012,0.6342734555282785,0.3842221123486621,0.02067768115765429,0.03566941662277734
phase39,83,89.0,158,8,0.4905683993651313,0.6070293267138162,0.1610330205491276,0.37353577145907646,0.4376836884575832,0.22486980913053223,0.03960143410156659,0.06632307431801267
phase47,83,89.0,158,8,0.4618077528888652,0.569613487508299,0.3828567570694671,0.414412075548811,0.5211040234113984,0.34010930121537,0.018872548584774006,0.037546420598295265
phase48,83,89.0,158,8,0.5723282049862443,0.7264227489975527,0.4643986630418721,0.5055602303751697,0.6272936669787249,0.3778636080800598,0.01905078316458777,0.044738789638390584
phase39,84,90.0,158,8,0.4896846864048691,0.6012482078788681,0.15356297007924574,0.36763861900876804,0.42848180978049905,0.20944606401029697,0.02997738426252252,0.08301057726671511
phase47,84,90.0,158,8,0.4511496395139187,0.5569465704613793,0.3678556087254141,0.40383331850461024,0.5083931054025972,0.32872340057449023,0.024239037181845547,0.04688410980508202
phase48,84,90.0,158,8,0.5571734789695433,0.7082158930487753,0.44476117371569984,0.49066364386033234,0.609854596653563,0.36016525205399297,0.03356513769575446,0.05126312983865251
phase39,85,91.0,158,8,0.48865894357502754,0.5977842780276734,0.151137559014353,0.35654209127823133,0.41375495981935695,0.19957425104807403,0.03142587723829989,0.09577948617461499
phase47,85,91.0,158,8,0.4422699413105646,0.5460465060645363,0.3525684106762245,0.40052193413256576,0.505208353951488,0.32182449632814014,0.023675283780778454,0.05358491158230014
phase48,85,91.0,158,8,0.5409893291880836,0.6894072941531939,0.42349013902194765,0.4710080105717235,0.5855954473119017,0.3375189939264259,0.04327955664315506,0.0523057063149274
phase39,86,92.0,158,8,0.4904000653855189,0.596281812087587,0.15653885743979476,0.3550872894661301,0.411709311644085,0.20392923696906018,0.039126025919353574,0.06945446746771344
phase47,86,92.0,158,8,0.4348349943458658,0.5376264979916134,0.3373084413188103,0.4000690508941832,0.5035973726915217,0.31524289585365384,0.018216966945176116,0.06768593640993888
phase48,86,92.0,158,8,0.5261056750443095,0.6731026515089957,0.40322309238828313,0.45727102933578057,0.568423579060963,0.32049263747279044,0.03708077088557683,0.05492272632414972
phase39,87,93.0,158,8,0.49437689448480154,0.5993143491095825,0.17253171078403118,0.3586173748171715,0.4148935222680224,0.22023248754796532,0.041310447562591786,0.06227573828627875
phase47,87,93.0,158,8,0.4283692149002861,0.5325522686351865,0.3251116276729185,0.3970856234026825,0.5022526109578027,0.3081825907995819,0.03131709250519019,0.06528582377875997
phase48,87,93.0,158,8,0.51846359624355,0.664654748161019,0.3901898122875334,0.4484496449353428,0.5594760712831511,0.30886482795981496,0.026851891114679026,0.04433852636209115
phase39,88,94.0,158,8,0.5017286731876689,0.6061449098222658,0.19497526812305274,0.3646126280006293,0.4229819428788836,0.2392455700987145,0.04990983927114616,0.09036055727551176
phase47,88,94.0,158,8,0.4299933717759533,0.5352460951148499,0.32287080716951105,0.3955082908618409,0.5038559602746452,0.30345392657685333,0.027910931628600706,0.04859558186254063
phase48,88,94.0,158,8,0.5200925349091056,0.6683570244982217,0.39001461340199683,0.44926894826317276,0.56175239042834,0.30729183982219144,0.013527412309321106,0.04177299394884622
phase39,89,95.0,158,8,0.5097804588570081,0.6130101872717341,0.21220651593415596,0.37188496750137945,0.43329782808291684,0.2538602419558543,0.04668253579606814,0.1110536746215976
phase47,89,95.0,158,8,0.4395292349446747,0.5471282937601389,0.3333768648684361,0.40651921798427815,0.5141825558400366,0.3119875448491384,0.02901042546225123,0.047295160500439914
phase48,89,95.0,158,8,0.5291143866896635,0.6810163750239784,0.4003735699633425,0.45689356836229134,0.56888098589834,0.3137960123265292,0.021411079022296504,0.043354663328384835
phase39,90,96.0,158,8,0.5125971647416939,0.6168183823584007,0.22217993736914982,0.3687657901421618,0.43422260405965574,0.26114156848549863,0.035447046804503377,0.08502471310768406
phase47,90,96.0,158,8,0.44747872364652436,0.5600706277023872,0.3475935923924602,0.4166855615186651,0.5247327352672733,0.32042899579417994,0.025612167336159647,0.05981420009004572
phase48,90,96.0,158,8,0.5424954628268125,0.6983955018985507,0.41687437340652606,0.46700353761993463,0.5763918273674116,0.32334595563838153,0.031071727700218644,0.058330109637050945
phase39,91,97.0,158,8,0.5174357073933799,0.6178275043268563,0.23019406495731035,0.3692636842138034,0.43482313548865137,0.2601713458999485,0.011746482698018477,0.082155506755356
phase47,91,97.0,158,8,0.454473081261519,0.5697777158272797,0.35836637987257336,0.4262515660082098,0.535922152459269,0.32634747971985467,0.02805020654812708,0.0542987477220812
phase48,91,97.0,158,8,0.5543212255957516,0.7134364889427951,0.4316762881968716,0.47406466156804195,0.5857726595159252,0.33762977103925995,0.03185205414849483,0.058318118609442325
phase39,92,98.0,158,8,0.5184448853679117,0.617840587342539,0.23958653447547004,0.370230184074242,0.4365266330924315,0.2625305763268174,0.025340300743165615,0.08073674042990807
phase47,92,98.0,158,8,0.45663086053273,0.5744855792445267,0.36164720749256546,0.42635848528068243,0.5377754547569094,0.3209748943064129,0.022456897458903797,0.05350358280761926
phase48,92,98.0,158,8,0.5620937889646614,0.7227970390491139,0.44143292743165663,0.48244061632969226,0.5976728078297626,0.35034045591479546,0.028998130540656582,0.050926519603078375
phase39,93,99.0,158,8,0.5248877164422234,0.62371427435069,0.2567646980549686,0.37620672496351437,0.4474654725595356,0.2770550361025692,0.0740082318144149,0.08065859555106478
phase47,93,99.0,158,8,0.4554771245113164,0.5738945406264144,0.35899936808553634,0.429543633965503,0.5380263577536147,0.31949918211224215,0.015177937230803806,0.048840065626178666
phase48,93,99.0,158,8,0.5654638507013435,0.7233785345247026,0.4428977859434901,0.48685197485667775,0.6043280052663808,0.3537915058113812,0.02218517274482109,0.04683308000777188
phase39,94,100.0,158,8,0.5326413796690225,0.6328839187900988,0.27763842681627754,0.36729284217003777,0.4455960030056118,0.28154895238041033,0.04079912765407981,0.07842522418045685
phase47,94,100.0,158,8,0.45485819849094816,0.5715704774144283,0.35435206858282275,0.4290523746980047,0.5355110604975208,0.31622214789986225,0.015032795312752919,0.04176844650771864
phase48,94,100.0,158,8,0.5634896767879775,0.7177470328744918,0.437883931330409,0.4874938153249042,0.6030416066994672,0.35404290956326223,0.020723476969279852,0.0429844186378102
phase39,95,101.0,158,8,0.5402884934569216,0.6397899881470998,0.2951291538338509,0.3550246953683256,0.4454057838614037,0.2918232655712756,0.06530944315908868,0.07297188343132104
phase47,95,101.0,158,8,0.4560027831114986,0.5709916475266178,0.35268998119298656,0.42680344140938087,0.5300619178673441,0.3119680754637031,0.02771083333369105,0.047411631597508226
phase48,95,101.0,158,8,0.558151910288076,0.7095919920874635,0.43012975345487675,0.4844933309073268,0.5967138335598199,0.35101787369106796,0.028708201704491898,0.04256762955338385
phase39,96,102.0,158,8,0.5429963559775269,0.6413722399767301,0.3046312115234297,0.35689999859411936,0.4471317224301167,0.29453542266238364,0.02158148662355676,0.062441049869299596
phase47,96,102.0,158,8,0.4575886799794844,0.5716938627782624,0.35525423471266554,0.4260206055423186,0.5225496798908372,0.309814287085058,0.032298316410626395,0.05453674972709007
phase48,96,102.0,158,8,0.5529042964394139,0.7033885680313774,0.42432116746951043,0.47688246025773406,0.5891517227754706,0.3439357374858042,0.02938034580073436,0.03839157022416298
phase39,97,103.0,158,8,0.5427516118373716,0.640219814699051,0.30753449744216704,0.3618865947269494,0.4440264249453033,0.2994581187389864,0.062275394829871114,0.0908966889555103
phase47,97,103.0,158,8,0.4583242444947366,0.5709688179123711,0.35806001690049916,0.4254714698497636,0.5184113889272897,0.3076642618230351,0.02535431109222017,0.0628119629790822
phase48,97,103.0,158,8,0.5507532146960106,0.7025061413539879,0.42288820229127555,0.4712226058349953,0.5854676782518474,0.3391009584701601,0.01797172482954279,0.03011132948738285
phase39,98,104.0,158,8,0.5340356211242804,0.6300046967939271,0.29122249864292843,0.3611664423216705,0.4334878786158399,0.2974067948170178,0.07223280062074018,0.08469576103312046
phase47,98,104.0,158,8,0.45826347019484637,0.5694101687012076,0.3579700133549147,0.43022676739928223,0.5177024131275894,0.31007338298681997,0.033265393263592,0.058775569118036525
phase48,98,104.0,158,8,0.5534868816721082,0.707951949501733,0.42545792791825465,0.46903438836676914,0.5843591051400637,0.3383755679804885,0.01533896410866884,0.0388546849115282
phase39,99,105.0,158,8,0.531437273888806,0.6280581836552406,0.28290335089646745,0.3378754044076885,0.4151174542801845,0.27124151253791984,0.05571244648120283,0.10253950183435073
phase47,99,105.0,158,8,0.45292217119683104,0.5617232898832857,0.34921667372175313,0.4248671291453606,0.5050163949216331,0.29924464297004094,0.043817353302222695,0.06031585116317998
phase48,99,105.0,158,8,0.5549131256526514,0.7119321214916948,0.4255781563564697,0.46449614361145974,0.5831944149223515,0.33552105775463137,0.016063589009435653,0.04168581883983197
phase39,100,106.0,158,8,0.5282964461345127,0.6262183713677886,0.2813397999368231,0.3294887711367025,0.4088424463172938,0.26007148568974436,0.03834612986530511,0.07522731742220604
phase47,100,106.0,158,8,0.44637011265497495,0.5545865691302333,0.3395873603559661,0.42203268175003383,0.5006441042976778,0.2920371264719924,0.032935711182788194,0.0585273785293223
phase48,100,106.0,158,8,0.5539581080585025,0.7122025592411947,0.42149915766923013,0.4579103932517252,0.5746711875870749,0.3297910130438402,0.026682841063994756,0.048170337358825505
phase39,101,107.0,158,8,0.530936804410121,0.6300473355184188,0.2822902336745364,0.3235378656663632,0.4067600664950785,0.24943846497689548,0.0250097515240836,0.0950418003839591
phase47,101,107.0,158,8,0.4384443918350733,0.5459473471946046,0.3285285489380511,0.41499358400036834,0.49199162437936445,0.28142590564964476,0.02588637986961091,0.05216278438664652
phase48,101,107.0,158,8,0.5495265519708796,0.7078375945957635,0.4130946276762918,0.44995266596543115,0.5624424265757645,0.32107979902008377,0.03021356934200411,0.07094827327860313
phase39,102,108.0,158,8,0.5311912893702555,0.6303434864677452,0.2786815753984072,0.3242158074234631,0.40782786809680255,0.24422629192579448,0.022526835627128913,0.0796548247275025
phase47,102,108.0,158,8,0.4304541786219488,0.5374061248055841,0.31780561392959095,0.4081754906144187,0.4830156876014655,0.2709420571122817,0.0196748652087682,0.05196335552418612
phase48,102,108.0,158,8,0.5443241011347479,0.7027743095556025,0.4038375864278702,0.4357963346261269,0.5424788194933915,0.30633143862788037,0.048560673968780756,0.06953111609167292
phase39,103,109.0,158,8,0.5297340923988646,0.6292053264339148,0.2674978887795117,0.310374145043929,0.3989295575982322,0.22380888672796506,0.05156524082393197,0.06172132663438432
phase47,103,109.0,158,8,0.42279373059491454,0.5299695562713141,0.30702145811570997,0.40228323068872995,0.4808297690403948,0.26291462030369817,0.03233099995687681,0.051734507595555805
phase48,103,109.0,158,8,0.5427446461276945,0.7015617001872403,0.39858314127522276,0.42836980157244764,0.5355047300449484,0.2998247206697119,0.026270271631417725,0.06050199154540974
phase39,104,110.0,158,8,0.5193593887586684,0.6179425256126241,0.2400610674192312,0.3050942922431894,0.38293816417935134,0.19397230398844356,0.07112747816685319,0.0695067395746313
phase47,104,110.0,158,8,0.4161823057535446,0.5232679073678578,0.2967518904442174,0.40020674989661653,0.4830420596559039,0.26205167688115505,0.020940916469864884,0.05621140925948379
phase48,104,110.0,158,8,0.5445626966272686,0.7029957105647322,0.39653323723909006,0.41934341022339516,0.5249088193042197,0.29154985914491294,0.02538292921336369,0.03994761801090034
phase39,105,111.0,158,8,0.5050003588589902,0.6047030174160377,0.20905755529449094,0.29417857538972725,0.3688838887765445,0.16645725338873096,0.06638909560348644,0.08838451727944126
phase47,105,111.0,158,8,0.4159921299452713,0.5240512700619664,0.29265617934487986,0.40551040585820297,0.4916976302524624,0.266752826070345,0.019008761856832687,0.04749712489764632
phase48,105,111.0,158,8,0.5468045260056968,0.7045514401016648,0.39474102021072605,0.4191001202456196,0.5269335308857289,0.2924952600917795,0.020095979510578482,0.03709384613426497
phase39,106,112.0,158,8,0.4946062889290866,0.5954334371512513,0.19560444863906315,0.2903492872819511,0.36423341376496915,0.16008233633700542,0.013221272358364098,0.0604080951335261
phase47,106,112.0,158,8,0.41862722069766184,0.529250365418488,0.2937135317426358,0.412007928799799,0.502582020033417,0.27218700061695855,0.0286145572911955,0.046682368060888636
phase48,106,112.0,158,8,0.5508592948334631,0.709183931961387,0.39707197988529985,0.41958722376135704,0.5262986140931082,0.2940061869025804,0.008831635058024598,0.04015879870733681
phase39,107,113.0,158,8,0.48630489164655616,0.5893661903621711,0.19377775130434977,0.2784323022853933,0.3567279913215463,0.1653297274400628,0.048166987993443405,0.05544077213624697
phase47,107,113.0,158,8,0.42429705374508053,0.5368049166861136,0.29755083104296043,0.41742111820885086,0.5144611312393734,0.2771995952407508,0.03623914948069665,0.0465947941772964
phase48,107,113.0,158,8,0.5537220914668556,0.7137696635497064,0.39968179756576677,0.42011080122218925,0.5261517394167292,0.2954718807109762,0.010933712223355705,0.034401198422177974
phase39,108,114.0,158,8,0.47640720135382336,0.5809156601310149,0.19069592750281314,0.2701375327795038,0.35165265727937073,0.177929894868876,0.07277083180962678,0.04975226207736586
phase47,108,114.0,158,8,0.42664972454270006,0.5392423128773504,0.298074224378386,0.419086707954231,0.519198209803624,0.27832427100144075,0.019616358211954656,0.04393108691633285
phase48,108,114.0,158,8,0.5545535570109372,0.7159794562842974,0.4014029753243584,0.42163331591089304,0.5292074619357169,0.29801933924827917,0.01279928728278512,0.033158876017241656
phase39,109,115.0,158,8,0.4660010227221618,0.5693640674281975,0.1814429542946671,0.26932010510298865,0.34405746116967445,0.1788078395140168,0.03465139483964722,0.05567414121796573
phase47,109,115.0,158,8,0.42839120976303763,0.5407300184563438,0.2985165890183205,0.41942597707865625,0.5183781336693748,0.27830118947862703,0.00485681332551775,0.034699187324306505
phase48,109,115.0,158,8,0.5550326358342571,0.718260266159065,0.40447975131232927,0.4226398944840911,0.5321767494582779,0.2998327892790732,0.01572432660532907,0.03732153832226218
phase39,110,116.0,158,8,0.45206588073478443,0.5546258474769712,0.16749553837340203,0.25956511174910624,0.33015507749347417,0.1701280170487327,0.02698902206408732,0.060857344660569065
phase47,110,116.0,158,8,0.43275043244194933,0.54465736986901,0.302803357128325,0.4229222259953014,0.5196735458325196,0.2807217076397166,0.010770624453939392,0.037058166190033805
phase48,110,116.0,158,8,0.5553957889737265,0.7205461739098923,0.40842128524980287,0.42413291441310863,0.5369942756485356,0.3018084416750354,0.019762506749124355,0.039812327836920076
phase39,111,117.0,158,8,0.4351174539427914,0.5371928521265571,0.145214598918571,0.2365875805602492,0.3054624619054386,0.14721876222698527,0.054482878331963386,0.07331198585508682
phase47,111,117.0,158,8,0.4393247397298819,0.5519511364689471,0.3118828606158113,0.4343638192885143,0.5313269217141594,0.29133499543958885,0.03871923688829659,0.045228550121572134
phase48,111,117.0,158,8,0.5550552041591627,0.7219683811043363,0.4118547495081067,0.4293543919239091,0.5451032625712504,0.30733522724775564,0.026321248612679003,0.03815653535546742
phase39,112,118.0,158,8,0.4169079903841464,0.5182319308750354,0.11672858238459904,0.21959485752158725,0.284887974615326,0.1282695329675908,0.04809725835351982,0.08108384379212129
phase47,112,118.0,158,8,0.446659648138529,0.5613678468095827,0.3245844240930079,0.4444948815450088,0.5390044600737527,0.30070561291253284,0.02764308052848365,0.05433498850048056
phase48,112,118.0,158,8,0.5530933348934493,0.7220017409673515,0.4136854359642935,0.42810894047030357,0.5407481043525686,0.3061753949030017,0.01621296185074947,0.04139668724880066
phase39,113,119.0,158,8,0.40534407484276624,0.5036118888947881,0.07729807705595537,0.22051880932579715,0.27629767563573776,0.11194787877696888,0.06240043015130709,0.12832479099084326
phase47,113,119.0,158,8,0.45393673991082817,0.5713873933325182,0.33786947263027267,0.4532111407630234,0.5506290062009149,0.3093155218767042,0.03745936761637088,0.06409243943102938
phase48,113,119.0,158,8,0.551948021335318,0.7235071994651397,0.41633233788972923,0.4290753816970371,0.5452970920660156,0.30736250156260037,0.015313596998613031,0.03368209873266286
phase39,114,120.0,158,8,0.39782602956213287,0.49485205237563307,0.05153260611910459,0.2271132954368822,0.27624062457280585,0.10346558179813581,0.0680213233077709,0.0839238059999237
phase47,114,120.0,158,8,0.45859089037082706,0.5778930122156735,0.3450395764495115,0.45761846524269845,0.5587558725710898,0.3150868994341014,0.02458030825434062,0.04737612877195978
phase48,114,120.0,158,8,0.548472638610889,0.7222215773532427,0.415072435899396,0.4285024571720971,0.54727343838502,0.306382209086265,0.010916272964031526,0.0327875072708384
phase39,115,121.0,158,8,0.3948819197610642,0.49015785925324123,0.029970953314625896,0.23374963563010587,0.281676495562447,0.09139499681699537,0.0394266068628621,0.09873111123328315
phase47,115,121.0,158,8,0.4593610325303029,0.5802750826390066,0.3468614142672546,0.4584852195424738,0.5605129737614916,0.3160016564812618,0.01602961111646439,0.04167946346960885
phase48,115,121.0,158,8,0.5431064949142071,0.7174992348292552,0.40943083573643024,0.42694750172668694,0.5467575022072385,0.30389850828025444,0.01195365435130622,0.033835047917771456
phase39,116,122.0,158,8,0.3992976161876879,0.490950007620283,0.02130471715277779,0.23966647854774803,0.29518193383161234,0.10014161435038837,0.061252767809485756,0.08476599378344686
phase47,116,122.0,158,8,0.4557192228027092,0.5783513078832542,0.3435917597106612,0.4586930408446309,0.5625806017699404,0.3138232892661398,0.015429893005214579,0.036890642530991974
phase48,116,122.0,158,8,0.5373931152396245,0.7106101814560359,0.40040026601184153,0.4229757468440195,0.5402540719750814,0.29869419398300356,0.01716730939994719,0.03562608214047779
phase39,117,123.0,158,8,0.40442317608695016,0.49601696268384177,0.02560282871615543,0.25535988043357394,0.313848366380029,0.10124981697038238,0.039642341985960027,0.07902103790761146
phase47,117,123.0,158,8,0.45127687994254045,0.5752142996581616,0.33790160888869053,0.45742218526303835,0.5612153322305296,0.307592300974754,0.019003191936073,0.036998116833692064
phase48,117,123.0,158,8,0.5335369537380593,0.7045909446964383,0.39100991562610793,0.41924118738632965,0.5350166085029576,0.2940058071307835,0.01606062103041554,0.038297065652846705
phase39,118,124.0,158,8,0.4099251192929251,0.5030597674738095,0.03800611748223706,0.25573035070549366,0.313042195911594,0.1010030403425376,0.01843244312312051,0.08015037326087131
phase47,118,124.0,158,8,0.44818473967030414,0.5723082215531092,0.3314263514210585,0.45599017691459043,0.5593846629515207,0.3006208640971402,0.026190593381898743,0.04212882599371644
phase48,118,124.0,158,8,0.5329863226440834,0.7019529796786416,0.38463838429369746,0.4171285495086321,0.5344266946825005,0.2915781431352493,0.01415307554125027,0.034509007176447434
phase39,119,125.0,158,8,0.4142552636675771,0.5087171097965644,0.049141223973768446,0.25766204830815465,0.3104986293614387,0.10013824121470893,0.02238638449142853,0.081352863294879
phase47,119,125.0,158,8,0.4466868354637469,0.5694467519321308,0.3249259299019186,0.44819394338088814,0.5515833197403832,0.2910362192045992,0.02577394760873667,0.03860618060848878
phase48,119,125.0,158,8,0.5354023308734362,0.7029428766017368,0.3819466963926878,0.4169682360359436,0.5369544856487922,0.2915255496300456,0.013238910492970966,0.032253793219828804
phase39,120,126.0,158,8,0.4150759850688916,0.5090858349232086,0.045232386744029386,0.2537916184393889,0.30024921125146414,0.08479489153149333,0.034044931701915714,0.06586710416432942
phase47,120,126.0,158,8,0.44457115518365115,0.5661137060727108,0.3189499916429985,0.4333585237220442,0.5305954682320012,0.2747059075406647,0.05528106910994579,0.03527550191767866
phase48,120,126.0,158,8,0.5401466698379184,0.7071907536818586,0.38245789865533136,0.4124684265578137,0.532900417089874,0.2875368533820354,0.01822648893421718,0.03917673346838183
phase39,121,127.0,158,8,0.41408630835702775,0.505538106191171,0.028238669733803963,0.24648727288525285,0.2846001644028837,0.06717412053143834,0.04114187678205323,0.07609336046931053
phase47,121,127.0,158,8,0.44193692581975746,0.5632113799668317,0.3139192152624066,0.42570728415395276,0.5197846700907057,0.2657444449783538,0.03446100858401609,0.04464615817980933
phase48,121,127.0,158,8,0.5460799137092428,0.714178126843727,0.38594465461833327,0.4088838792511613,0.5289250108022695,0.28302559506291414,0.019130772281649777,0.04046163008508437
phase39,122,128.0,158,8,0.405725685345789,0.4956466887061747,-0.0021009685862863566,0.2383887546792126,0.26762624886204595,0.04017135331593236,0.06638985590029334,0.09729782013336986
phase47,122,128.0,158,8,0.4395188100387084,0.5608239889930435,0.31065589023784784,0.4210930306323789,0.5127900240634492,0.2603849350078792,0.020165817720202338,0.04347300710781447
phase48,122,128.0,158,8,0.5549137968951009,0.7264588028387496,0.39434226024008756,0.40921494665410263,0.5306278103919827,0.2846038910050033,0.013058413356551887,0.05264834510392893
phase39,123,129.0,158,8,0.39456554858821197,0.4841277564711808,-0.023460910771496975,0.22836974514817798,0.2538784273230945,0.019968472343486643,0.0519657919487657,0.07349788982174246
phase47,123,129.0,158,8,0.4391298432040648,0.5593246150559239,0.30995701073794074,0.4189442658942413,0.5105694560965754,0.2591183816885776,0.0200695319157774,0.04338291258468578
phase48,123,129.0,158,8,0.5665059897384835,0.7431371509901417,0.4070308304433826,0.4139751942006803,0.5344086290800403,0.2896344892500077,0.02379524925134143,0.054449908068715726
phase39,124,130.0,158,8,0.38610727760106833,0.4745412475599675,-0.027293024224811117,0.21139287481410607,0.23613224251125386,0.02082380502181813,0.051354505611482526,0.0655333039226558
phase47,124,130.0,158,8,0.44115877254496927,0.56004026846288,0.3135633347787703,0.4237634827563178,0.5160070117134012,0.26689508903919446,0.03031249404638449,0.05824591776864568
phase48,124,130.0,158,8,0.5758046293857068,0.7570214362402926,0.41849463210851195,0.424971390405234,0.5508246158552619,0.30081737184752855,0.04043541627671983,0.053906714433724905
phase39,125,131.0,158,8,0.381707751740044,0.46929054744526055,-0.01716608410435146,0.20824156743976407,0.2357230272281682,0.02633552023481578,0.016551573692982168,0.05917910705868699
phase47,125,131.0,158,8,0.44354122484436354,0.5625716462725665,0.3192721215762877,0.4352014225511839,0.5280185950004029,0.2816925344256399,0.0519073880759497,0.054079277058837916
phase48,125,131.0,158,8,0.5809359586865747,0.7654152846096756,0.42586869785865683,0.4307725962208159,0.5593374149300601,0.30712742688448447,0.026422039828235894,0.04230286669233274
phase39,126,132.0,158,8,0.3798850697672948,0.4657435445964235,-0.008890204232205389,0.20953983176315782,0.2377614883071707,0.03343443931193946,0.015149644807413631,0.0678519879812833
phase47,126,132.0,158,8,0.4464912403950624,0.5667476440286939,0.3250031672348147,0.4357526885896481,0.5292172704910817,0.28477746637017676,0.013061977984702407,0.0515336618305121
phase48,126,132.0,158,8,0.5832578280067655,0.769644467076002,0.42887213336064284,0.4365540140755052,0.5679627004796436,0.3129631763864954,0.0229855553811225,0.03859158497785247
phase39,127,133.0,158,8,0.37756634242729437,0.4621438337122957,-0.010571532960116311,0.21930426628725763,0.24745951402852198,0.028521210298181,0.03380562139929293,0.06313630490247496
phase47,127,133.0,158,8,0.4496361954201664,0.571199044110222,0.32851714892728684,0.4351457713241641,0.5291798380840678,0.28669398236028554,0.013038945486428675,0.039527870203832464
phase48,127,133.0,158,8,0.5829664246629558,0.7693269843937324,0.4271193459348431,0.4418582678010079,0.5751714559572011,0.3173239905858294,0.019938894523745705,0.03206934187843943
phase39,128,134.0,158,8,0.37284367901777515,0.45747668402874264,-0.026114398981349277,0.2208447042189039,0.25176569715254554,0.01598804715250912,0.03220855488859854,0.07293143236835219
phase47,128,134.0,158,8,0.45190991626878435,0.5734874005414965,0.3274955799848606,0.4365394945392159,0.531893663945924,0.28924709881001764,0.012006524828267784,0.03574431952738425
phase48,128,134.0,158,8,0.5798714142940471,0.7647213506864012,0.4204315337105666,0.4441104598187242,0.5762652470799046,0.31912609567006034,0.019380259982617252,0.04117518726383034
phase39,129,135.0,158,8,0.3722119678216578,0.45580516709461816,-0.05526811690636263,0.21629862966960167,0.2534790527413232,-0.005419889976749026,0.04427465280308391,0.09869769749889205
phase47,129,135.0,158,8,0.45266987443041723,0.5731181731277819,0.3205739477971573,0.4361663756823856,0.5328696167628391,0.28720762687658474,0.02109322136943707,0.04166179312062678
phase48,129,135.0,158,8,0.5757737267930724,0.7589288090900006,0.41225482723300705,0.4425327170832053,0.5750630327446625,0.3169039563222368,0.020610940773388087,0.03840644937384665
phase39,130,136.0,158,8,0.3725887620441929,0.4551684244897127,-0.07896478950752717,0.20221660622027826,0.24825730888491057,-0.02112373693493763,0.041856021530508644,0.09302314431844949
phase47,130,136.0,158,8,0.451842418060628,0.5707482159428116,0.31061129643897206,0.43605073119124915,0.5344837078467394,0.28412569234258966,0.03090665639932241,0.057597437157032486
phase48,130,136.0,158,8,0.5691837959233657,0.7503111467201334,0.400832697748754,0.4299151316069808,0.5564702172182721,0.3035403233835222,0.04238102760365381,0.04344262959944567
phase39,131,137.0,158,8,0.3709436920244011,0.4545869284557844,-0.08610003274942513,0.19512051957283316,0.2445343812188053,-0.022581614577941833,0.025218959986960818,0.07217629301244367
phase47,131,137.0,158,8,0.45104317619350026,0.5686358811654972,0.2998266080831666,0.4325793441538527,0.5288715039557497,0.2763303052698046,0.02004522442442824,0.05639077239837351
phase48,131,137.0,158,8,0.5631893167692673,0.7430388664742789,0.39113809119031384,0.415637025772034,0.5355870455155308,0.2884602996767657,0.04277104984611166,0.04183969801988141
phase39,132,138.0,158,8,0.3684067915104501,0.45315739371380204,-0.07609999780001496,0.19421491744860342,0.2448910975553756,-0.01649785628741829,0.028115412247033546,0.06649668523760224
phase47,132,138.0,158,8,0.4487744970412352,0.5657057377879091,0.29040263150892254,0.4308588461873005,0.5233279469767647,0.2662856590359567,0.019621055097497165,0.04739590040623213
phase48,132,138.0,158,8,0.5582294670295729,0.7372589267483749,0.38360724404422547,0.4057798464900366,0.5242443922295587,0.27716648146561096,0.03495674572321334,0.03597480687355766
phase39,133,139.0,158,8,0.36723119916203034,0.45200022765484116,-0.06215911473594525,0.19117446524947967,0.23969785482176878,-0.004622198345371031,0.035370083689344994,0.06991231860075563
phase47,133,139.0,158,8,0.44654607070241753,0.562950100979548,0.2824279843603156,0.4298743330084297,0.5217607916000815,0.2614091292651134,0.016342572842553867,0.05219356197299995
phase48,133,139.0,158,8,0.554709895744667,0.7343993213898216,0.3790865379748277,0.3981609939642544,0.5150010141918228,0.26894020339073765,0.033252284678797914,0.03516706174921939
phase39,134,140.0,158,8,0.3653311914973129,0.450638289016589,-0.05515142800820529,0.18283842106342263,0.23518132398721675,-0.0008661309646209592,0.031340830530154,0.050114995966594265
phase47,134,140.0,158,8,0.44447826949850333,0.5602237864215069,0.27526500658311465,0.4304087246337458,0.5245886817657622,0.2600064053969082,0.03395361596763759,0.043550457863601205
phase48,134,140.0,158,8,0.5533907380143808,0.7350100245473669,0.3775602256467286,0.39457210244057783,0.5140565897084295,0.2647267528296645,0.02879189177092599,0.034592478686390045
phase39,135,141.0,158,8,0.3638388367244409,0.4497351849502372,-0.054891595623186365,0.17599159834182754,0.23470504097645092,-0.0007868100339302186,0.030569788887184705,0.05107987502105682
phase47,135,141.0,158,8,0.4426035058930159,0.5584699488931764,0.26880239765420233,0.4379607975869868,0.535209559377771,0.26410401838225717,0.05166123440215872,0.04507092774918236
phase48,135,141.0,158,8,0.5548435385743993,0.7383568506793446,0.37855637958593497,0.3949829140924668,0.5139474361754278,0.2629631835984283,0.015639234339433677,0.03558035505051356
phase39,136,142.0,158,8,0.3624411116873323,0.4485364067259291,-0.05889285140227721,0.17899287163462052,0.2416324516465301,-0.004675090703311291,0.023093352600964054,0.04847784323926419
phase47,136,142.0,158,8,0.4402364530714447,0.5573062146811788,0.262796925842465,0.4468006003525806,0.5499654031440302,0.2697922485410036,0.05463751185236988,0.04107618217754033
phase48,136,142.0,158,8,0.5585746150596299,0.7440104042982668,0.38164797307421844,0.39545886836540145,0.5135556392853878,0.26314190222489,0.011299665521232866,0.035985652924726
phase39,137,143.0,158,8,0.35906313499924464,0.4458515908388366,-0.06349593697116344,0.18172312957748427,0.25050478625949985,-0.005378010855353499,0.026832631160873213,0.04836862724198202
phase47,137,143.0,158,8,0.437115727783198,0.5559561479191969,0.2567909292033294,0.4441893259753118,0.5493647217627888,0.2660806113200904,0.01747909300332555,0.042254737185284025
phase48,137,143.0,158,8,0.5625859417095556,0.7498751880268784,0.3847928909938279,0.39462061364894463,0.5109375025964513,0.2611147217365716,0.006715784895945907,0.03569415182572141
phase39,138,144.0,158,8,0.3574575614726588,0.4439550804501113,-0.07068950858308487,0.18708692171119656,0.26398869817106374,-0.005892493722245762,0.040808411775015985,0.04856276992481085
phase47,138,144.0,158,8,0.43567865060451244,0.5556850488101059,0.2545786693369369,0.44137386131068923,0.5477059381977462,0.2631042454989587,0.012346508235001072,0.04377855746859677
phase48,138,144.0,158,8,0.565470311557451,0.7542701678905075,0.3857649895927682,0.39090335722245617,0.5045865629426968,0.2547128582390431,0.026804483228689766,0.03461863784877118
phase39,139,145.0,158,8,0.3554488606754825,0.44265757245670007,-0.07919717905563393,0.19235080558327944,0.2835815002112974,-0.0051545647990449694,0.05784808149492083,0.06016315903250057
phase47,139,145.0,158,8,0.43564817656245947,0.5559046902746159,0.25665177867449884,0.43725595220876334,0.5436499535850042,0.26105348998657485,0.026769382953613474,0.03507163233403289
phase48,139,145.0,158,8,0.5669064893234207,0.7567363423953758,0.38433256433941826,0.3877983396403767,0.5005042721687561,0.25005847122742864,0.039474241229181736,0.036701013770330304
phase39,140,146.0,158,8,0.3564029463481659,0.44304669717664136,-0.08803417245748806,0.20890335538151827,0.313463706926922,-0.0030505504635307545,0.0618686612361557,0.08122233653254847
phase47,140,146.0,158,8,0.43725197645640523,0.5582396531782838,0.2614219254786623,0.4393382158262843,0.5485694546179324,0.2669859097213866,0.019874031332253447,0.03891765476052625
phase48,140,146.0,158,8,0.5672841552664311,0.7581930702097368,0.38186614479913944,0.3895611546197132,0.5021300689359331,0.24821223716635143,0.03148409428978875,0.030852748168743154
phase39,141,147.0,158,8,0.35813336009951646,0.44405214233193446,-0.09564198776183071,0.22693427205974115,0.34721233848517563,0.002861336087336408,0.06905221524854163,0.07227158333901099
phase47,141,147.0,158,8,0.4383676571890382,0.5593447132433317,0.26297954427534087,0.44199346414386964,0.5557501708234881,0.27567754309521253,0.017830207998082458,0.036757106424132734
phase48,141,147.0,158,8,0.565915605563076,0.7575502099059505,0.37763127349342807,0.3884757279798363,0.501913372336718,0.2461828038469751,0.03161576502456671,0.030820488261971042
phase39,142,148.0,158,8,0.35731071738827114,0.443456910258483,-0.09692638077575627,0.23298230238978868,0.3600669677161255,0.013247866130139285,0.03972833658782807,0.07241252397042858
phase47,142,148.0,158,8,0.43810260344160756,0.5580483674585931,0.26085549175038036,0.4444442110473139,0.5595695211364998,0.27964045330570975,0.025013953767580328,0.03295309435924598
phase48,142,148.0,158,8,0.5612208836557273,0.7524725155574238,0.3703869555470819,0.3801989711192686,0.4926397046364929,0.24006278911977175,0.03426983808110985,0.038402055351689064
phase39,143,149.0,158,8,0.35499358226586686,0.4428925622328491,-0.09234774460870743,0.2323805635698869,0.35997532555187794,0.01875123297702619,0.035632095360849846,0.06686960770696239
phase47,143,149.0,158,8,0.4353229248532568,0.5539506699007964,0.25574698356881065,0.4374435776899632,0.5526498969650095,0.2794913207891767,0.032567582320028876,0.034046086802391705
phase48,143,149.0,158,8,0.5538411892674029,0.7432964691985277,0.36104397115275627,0.3721706771578046,0.4821816592857047,0.23083888946928122,0.03544747216066505,0.04089159608834914
phase39,144,150.0,158,8,0.35157692334958185,0.4422486259943519,-0.08495771047696911,0.2234002628831998,0.35564495555246617,0.027711506881282877,0.04893671138396046,0.054748769855487434
phase47,144,150.0,158,8,0.43055236593868274,0.5479480895105813,0.24948336330646756,0.4339783476648248,0.5493119000871801,0.28061672148914096,0.024538726489296267,0.03620390724627712
phase48,144,150.0,158,8,0.5448954601139679,0.7321927118529874,0.35146947585144267,0.3659489123137126,0.47375325237384586,0.22350108904454868,0.02559442336941355,0.038354406432802524
phase39,145,151.0,158,8,0.3484388152332058,0.4415061584487582,-0.082599983162083,0.21148605732800219,0.34822660344592027,0.03426867124396593,0.04764822862646218,0.048837824526753205
phase47,145,151.0,158,8,0.42557129832158475,0.5419726736499899,0.2438014773522922,0.42983357510943554,0.542752620649199,0.27887958643264077,0.024016058035621363,0.042003400635937466
phase48,145,151.0,158,8,0.5360781402653496,0.7214171560802812,0.34279350235779976,0.36158390887828484,0.46670112862671437,0.2189733171339736,0.017297334654218094,0.03838814602173253
phase39,146,152.0,158,8,0.3462605682906139,0.44007155889429544,-0.09039528133174879,0.20750911457877863,0.34130703297633674,0.03058112770915722,0.025148575135954143,0.05118204399396511
phase47,146,152.0,158,8,0.42091311856094515,0.5366556724739342,0.238672355772773,0.4260126065150701,0.5351994293402162,0.2743260044480421,0.01965354509642591,0.039566610182423224
phase48,146,152.0,158,8,0.5289799857404274,0.7129773817874244,0.3361488855548478,0.3592897897883076,0.4636989091738885,0.21666251623334154,0.0072813460990086565,0.035180798666080704
phase39,147,153.0,158,8,0.34596861255542527,0.43880793086226516,-0.11167264206528163,0.21611586334492372,0.342938754444082,0.016182261144897292,0.05183040851903645,0.08684934810065419
phase47,147,153.0,158,8,0.41675928626774517,0.5322784144067855,0.234786629538296,0.42593983674745006,0.5333294922207831,0.27266806387276654,0.007134980013163038,0.03959873837681189
phase48,147,153.0,158,8,0.5233248172917754,0.706197985398755,0.33099795635872425,0.3554771304531401,0.4568121704564931,0.21249512632256407,0.015667376396962578,0.03166927783664164
phase39,148,154.0,158,8,0.34779474527059373,0.4389392894916586,-0.1379182897761563,0.22301530198363462,0.3417934513759688,-0.0006068408180460727,0.0490012189201117,0.09996771679658928
phase47,148,154.0,158,8,0.4125051214958887,0.5285365352885815,0.23112675627141563,0.4272762248918154,0.5334884198038755,0.2711851884748617,0.0066970519814467,0.03996843503707386
phase48,148,154.0,158,8,0.5176689773749542,0.6996631696084586,0.32643219077826086,0.35080050466554524,0.44489218379083617,0.20407859556545416,0.02940796317772379,0.030759459740252293
phase39,149,155.0,158,8,0.3488585910844595,0.43893881673559376,-0.1516186701900714,0.2141958107940657,0.32009719414752796,-0.01362127785840428,0.05587969472961617,0.08432044531690792
phase47,149,155.0,158,8,0.4100721325800372,0.5253934210987027,0.2267651670735475,0.4248806874530492,0.5301513593854282,0.2668945216349553,0.017095369172785483,0.0319404425825693
phase48,149,155.0,158,8,0.5114919344985668,0.6927381349886708,0.3213188185885886,0.34708218438068406,0.4367367765161345,0.19713268274209905,0.020290609805708203,0.03248694108143311
phase39,150,156.0,158,8,0.3452175110541822,0.4352125941782148,-0.14797023826915337,0.21100802241882988,0.30843386412354534,-0.01364487667512082,0.02642214154158262,0.06688414516158536
phase47,150,156.0,158,8,0.4069805417059734,0.5215809224245932,0.22128880626623929,0.4229990534450655,0.5261031371586555,0.2603959016328766,0.017823800007683615,0.03064918838027651
phase48,150,156.0,158,8,0.5046875430533252,0.6850849884521193,0.31510030241048703,0.3433312099811934,0.4300447718573022,0.19233165751719694,0.018169909530064653,0.03505729068982265
phase39,151,157.0,158,8,0.33876982886453283,0.42783446396020397,-0.12897576465454064,0.20844459747768718,0.30015936549319155,-0.002626022440311404,0.03728022560195699,0.07521166080059842
phase47,151,157.0,158,8,0.4035967822954712,0.5174820536085936,0.21579251786146308,0.4224740281430557,0.5236781875415366,0.25498662866171284,0.009693348193420182,0.030207234715594264
phase48,151,157.0,158,8,0.49763383209967055,0.6767090664646422,0.3083339005542447,0.3375091487019761,0.42204966785298004,0.18799369010246925,0.018414906765757345,0.03680545696830482
phase39,152,158.0,158,8,0.33231731042783125,0.42136822496789794,-0.10422670593132037,0.20529504859368697,0.28982202828196635,0.007340285161659188,0.03570453605487862,0.10501011813159586
phase47,152,158.0,158,8,0.4007651770571062,0.5137313538606028,0.2114824058219049,0.4231447520118745,0.5242700557001084,0.25264687490705606,0.00905780069780193,0.03109112740493188
phase48,152,158.0,158,8,0.4906806119358032,0.6687162483316281,0.30244550335000187,0.33289067273222717,0.41407984101512635,0.18277357527798577,0.01853855116927256,0.03494784606382578
phase39,153,159.0,158,8,0.3269665656579797,0.41719613948382395,-0.07944834838450031,0.20406791540391378,0.2794614971573112,0.01775563946766212,0.04595100706463685,0.09114006292135762
phase47,153,159.0,158,8,0.39806870364268193,0.5102288636581798,0.20977383463412425,0.42884378039415294,0.5316512851422853,0.25600097659549514,0.016292321156508468,0.03759861503682605
phase48,153,159.0,158,8,0.48535735620225967,0.6623555728350842,0.29874063348968233,0.329402088464129,0.40790889661116353,0.1792722303053541,0.015307206344460852,0.03277017676586855
phase39,154,160.0,158,8,0.3245477047938632,0.41482370392393886,-0.05942149349078015,0.19907164334278082,0.2641130078650349,0.028482701193208948,0.056635923617473515,0.07141825086887761
phase47,154,160.0,158,8,0.3930662552822522,0.504134831500794,0.21442300297308542,0.43644406264857416,0.5420695896062435,0.2628310676944474,0.024855296692605396,0.048362116413060666
phase48,154,160.0,158,8,0.48305331810884033,0.6591792094974398,0.2982898113388017,0.3281007779577034,0.405494803451345,0.1800469986383335,0.012874694540243502,0.02664601691583446
phase39,155,161.0,158,8,0.32674131849586957,0.41253834808996215,-0.04595736794223327,0.19855187197923574,0.2581737754748572,0.042320576978848945,0.0667218521268662,0.09459625191063514
phase47,155,161.0,158,8,0.390641664762043,0.5035997090824108,0.2230291852854101,0.43925445738822266,0.5463200722752073,0.2672111581737917,0.016169689846642566,0.04513283443262665
phase48,155,161.0,158,8,0.4846536760723271,0.6602929815159142,0.3014637704671478,0.33191141496947596,0.4090167508377865,0.18596495024016213,0.026771449873223382,0.025764775296241247
phase39,156,162.0,158,8,0.32457921817880814,0.4088327231388617,-0.03820290303352685,0.19640168634811717,0.25640952245398707,0.06012659368391515,0.08259650157202966,0.06712901462438997
phase47,156,162.0,158,8,0.3929056447503294,0.5071198456224433,0.22959785698718757,0.4333786574340721,0.5419931654031106,0.26747907639141344,0.014525016230358907,0.044012316800565505
phase48,156,162.0,158,8,0.4879283087563404,0.664436915479524,0.3067476835995188,0.3395448469900799,0.4165198500258369,0.19311456018697437,0.03275540123053322,0.02613484123945933
phase39,157,163.0,158,8,0.32290858217354396,0.4054201706476217,-0.03619412396295579,0.19604780765458385,0.2520221581196236,0.0518802357807856,0.01725045987908893,0.061059971161724756
phase47,157,163.0,158,8,0.39626381478510936,0.5111798639359187,0.23569725617302067,0.4270055624996827,0.5380475913294447,0.27112316700533357,0.024355154817863357,0.043272454888751546
phase48,157,163.0,158,8,0.4896860441589411,0.6672372003791869,0.3104686976669421,0.34455663050182683,0.4219035914348934,0.1966199493807108,0.020627884207865623,0.028538550239412434
phase39,158,164.0,158,8,0.32032668942426584,0.40391537238596265,-0.042017839556338143,0.18886229031385848,0.2403668204296141,0.04455386304612008,0.02876242030060023,0.054160403605806054
phase47,158,164.0,158,8,0.39723757812149063,0.5121774592088515,0.23827262761626086,0.4226702122601069,0.5313515468094261,0.27009209698739167,0.01538395942308628,0.03679251377863398
phase48,158,164.0,158,8,0.48756504038279525,0.6653205300903153,0.30982687806854936,0.3442966086253013,0.4215436456440066,0.19493149932290843,0.009097497467083658,0.025324723772003926
phase39,159,165.0,158,8,0.3160069243649623,0.401560099466457,-0.055525630740844385,0.1878918102595678,0.23438688924912046,0.02904282867439012,0.03485589105247703,0.0806299889735349
phase47,159,165.0,158,8,0.39391301077835583,0.5081492016491536,0.2343316385729503,0.4169413581488146,0.5225684397069368,0.26530937577957947,0.021256199332494893,0.031108189495272325
phase48,159,165.0,158,8,0.48259377413061066,0.6599954672878486,0.3058262705985755,0.33862083261007725,0.41652873517733807,0.19133593325077447,0.01671397151038216,0.023768846081152935
phase39,160,166.0,158,8,0.31217778751109426,0.39714345684069086,-0.07036663228428,0.18945449754906685,0.23314010744421573,0.01284828001707039,0.03755407369846643,0.0887051044115336
phase47,160,166.0,158,8,0.38834736160221994,0.5013226907029299,0.22643691263851456,0.4103396035863659,0.5108949777292783,0.25584233470024464,0.029738016278388627,0.032043970917338065
phase48,160,166.0,158,8,0.4766857261328884,0.6539000914261037,0.3008745912461468,0.33379559171611617,0.4108185710147641,0.18663650486043704,0.01692949814907036,0.02960298003768207
phase39,161,167.0,158,8,0.30801888396767374,0.3912819115962039,-0.07660596832637863,0.1894516578171862,0.23265896533864625,0.006317615897546092,0.024307923961470378,0.07782315213874105
phase47,161,167.0,158,8,0.38266552519119457,0.49429492632592503,0.2178830216296628,0.4098055064641176,0.5039468102770467,0.24605174097432603,0.020044331616694097,0.031579841353720994
phase48,161,167.0,158,8,0.47016910983793236,0.6473332065672551,0.2955540251835751,0.3289211906784363,0.404038098624431,0.1806376903058674,0.02108202752164127,0.032057851594175804
phase39,162,168.0,158,8,0.30394625419649884,0.38567507964389286,-0.07291918283280413,0.1897424108357525,0.2337790664938123,0.006418400857859496,0.010787255922910076,0.06862451923289538
phase47,162,168.0,158,8,0.37729598652102553,0.48751105455917804,0.20952864593344275,0.40352376306166005,0.494212494432564,0.23679762333959287,0.022785260329171605,0.038813072002649746
phase48,162,168.0,158,8,0.4645809213293218,0.6425461549972872,0.2924235878465911,0.32324753627624503,0.39779681321262295,0.17602377041908834,0.02092309872569648,0.029208513575912594
phase39,163,169.0,158,8,0.3028453212536022,0.3827684136155231,-0.05931125506209037,0.19541634408611996,0.23958338171634702,0.011842562100928267,0.022743900020201067,0.07187330595850684
phase47,163,169.0,158,8,0.3748538436112347,0.48232260482912426,0.20295196264576212,0.39599858029321733,0.48145033163366513,0.2235614072517984,0.02246789259845001,0.03692054651766008
phase48,163,169.0,158,8,0.45882506819460106,0.6376387345996478,0.2896408038905805,0.31972540278858186,0.39162087317755945,0.16923470688319342,0.020391138318485595,0.030773286120630995
phase39,164,170.0,158,8,0.30638879718218265,0.38425588360705903,-0.04197954205669092,0.21047972296211337,0.2565508466109522,0.027585414905752614,0.07532678144674593,0.0691903484250425
phase47,164,170.0,158,8,0.3743557072594452,0.47917447704929733,0.19983101646681492,0.3877731107379686,0.469542231111239,0.2130706241094792,0.025183824376560207,0.03357770585040161
phase48,164,170.0,158,8,0.45215103292187986,0.6310525610477576,0.28562908717685326,0.31133742647082363,0.3836738866047684,0.16685981644511372,0.022528241477544463,0.03217996705881935
phase39,165,171.0,158,8,0.3089573928189879,0.38856883921238533,-0.02633487535653477,0.2128032140334497,0.26488739177082216,0.04268533263577656,0.057330154220142836,0.07937712254050228
phase47,165,171.0,158,8,0.3743068380786562,0.4770770828591105,0.19829386198829224,0.384139789923269,0.4611163482207243,0.2032748515141225,0.024650542531425356,0.03057771871640385
phase48,165,171.0,158,8,0.44660995555361077,0.6227595620081995,0.27999370678611785,0.3053590369624548,0.3747710358582859,0.16196416702504446,0.022374047997375735,0.038266292905619365
phase39,166,172.0,158,8,0.31313480059384374,0.3949381384786518,-0.012853367409917478,0.2174198934002789,0.2748915182932067,0.052716384663533455,0.040830799306117736,0.0747968688614013
phase47,166,172.0,158,8,0.37360819220892494,0.4753381169918005,0.19691542985105626,0.3826309408980163,0.45736766807902607,0.1982291008823106,0.013614251983592273,0.0333800891538632
phase48,166,172.0,158,8,0.4413256920318595,0.6140625791636969,0.2738785624505417,0.3029608446931944,0.3686365742045034,0.1569378223245046,0.0172509778040478,0.03950276118987627
phase39,167,173.0,158,8,0.31789205762336514,0.40240022058183617,0.0010140912704179662,0.21440567230205865,0.28185626467444524,0.07040594231991792,0.06501792708633819,0.07436465612517548
phase47,167,173.0,158,8,0.37241106375831723,0.4741485244121911,0.19635480725909113,0.3819140115627817,0.4561830046130425,0.2006319817931801,0.013638342634594644,0.03823004604381151
phase48,167,173.0,158,8,0.4368872224290413,0.6056488054819694,0.26810794374859775,0.3019530977457341,0.3674787378012783,0.15655064420943132,0.0026713687987233834,0.04023595880216004
phase39,168,174.0,158,8,0.3225976575281523,0.41041958607845025,0.015402590572640214,0.21036322766944793,0.28650112704015634,0.0850576174932175,0.054387886157662164,0.08180980411865836
phase47,168,174.0,158,8,0.37150882253965256,0.47398501599263854,0.1977425422577135,0.38003075701013955,0.4550014433161804,0.20391127910817586,0.014878171194115495,0.03379906515198959
phase48,168,174.0,158,8,0.43242776961197776,0.5974971811836102,0.26293984820755106,0.3004435311657051,0.3635707211760996,0.1549347075714106,0.012075604633070596,0.038798161936350176
phase39,169,175.0,158,8,0.32695211488255704,0.41594525261805926,0.025833949165319208,0.21366012694899572,0.28681326984303,0.09218214784920953,0.034763715280776826,0.06377901124257837
phase47,169,175.0,158,8,0.3715314792554695,0.47538183797801964,0.2013650356891931,0.37446320505149666,0.4524051170463082,0.20512280149683826,0.019534434630339256,0.04406516890959529
phase48,169,175.0,158,8,0.42748455072190233,0.588953679544798,0.2578714297736031,0.29596250555289094,0.3541732978660859,0.15108918233479351,0.028232526082811467,0.03534553558135373
phase39,170,176.0,158,8,0.3280141778852852,0.41687322732428783,0.029010068144482988,0.21489604867872347,0.28304970445721955,0.09323332857979727,0.017873814113873985,0.054209780268428195
phase47,170,176.0,158,8,0.3748788272447997,0.48038405906054854,0.20695667316013017,0.37817588379134226,0.45943595553428274,0.21168444690715815,0.03303952153801996,0.047665669925968775
phase48,170,176.0,158,8,0.4213414672730435,0.5795398573383226,0.2518653779861382,0.290744264512961,0.3444289824768286,0.1465691295207383,0.02755624581210412,0.03362785402328222
phase39,171,177.0,158,8,0.32826531524298747,0.4138030508340639,0.022857768162720064,0.20737042080278834,0.267877615465766,0.08062599797153547,0.0358588036211632,0.062090387335875394
phase47,171,177.0,158,8,0.38101697152651937,0.4883241879857059,0.2140044286886817,0.3827453986759062,0.465229979288632,0.21564099293870953,0.024780513572498636,0.05276777146711309
phase48,171,177.0,158,8,0.4144236793526056,0.5698950965055471,0.24488545835845396,0.2853796642146308,0.3352069732838311,0.14150541745050027,0.025034427746037327,0.0336029834669315
phase39,172,178.0,158,8,0.32359688156738964,0.40711635791501055,0.006724128714504945,0.1892623083722499,0.23789125073833375,0.055739222703964475,0.07997764381167613,0.09052201901111484
phase47,172,178.0,158,8,0.38638505307418963,0.49488114187995175,0.22092262318519745,0.38436538088109307,0.4660548047722223,0.2186619887691238,0.014759190158346449,0.047398875146040374
phase48,172,178.0,158,8,0.40776387530866354,0.5611503236616914,0.2379670933820671,0.280909318826445,0.32794307977434317,0.1368771071252609,0.020030597853621566,0.031035316787906723
phase39,173,179.0,158,8,0.3149597579320754,0.39957076595596625,-0.011769914125675447,0.1717304627398596,0.20950202435455054,0.030511475896308204,0.08502071706381648,0.0973415847101702
phase47,173,179.0,158,8,0.38773489100631797,0.49688992430511336,0.2248646156122781,0.3848833262370934,0.4654757901277652,0.21785454217021005,0.010228350333334867,0.03986913442907777
phase48,173,179.0,158,8,0.401699144076524,0.5538340246245604,0.2319014391458201,0.27562897086620364,0.3203980899537488,0.13210801052106236,0.01932751115604442,0.030712159969167274
phase39,174,180.0,158,8,0.30772265297446244,0.39333324577602274,-0.01828521281889197,0.16467767038083114,0.19796101960683415,0.024049842751518447,0.04424009688435937,0.07622751960483294
phase47,174,180.0,158,8,0.3854846690132476,0.4952905399836559,0.22612457159129107,0.3808258428899446,0.46185549336721515,0.2142915126621293,0.015003377906481227,0.033915945112809424
phase48,174,180.0,158,8,0.3964000022971497,0.5481358710125804,0.22735374025193725,0.2705650854715993,0.31403530303871474,0.12823166597261304,0.01526159804981457,0.027011232156767588
phase39,175,181.0,158,8,0.30176616430928405,0.3873770485441259,-0.007567724003212991,0.16291639433756688,0.1965197501899178,0.024461061966849273,0.01962950104058052,0.059395738496183854
phase47,175,181.0,158,8,0.38297723041856424,0.49295433775960457,0.22699991007732712,0.37449591276834937,0.4567562610785486,0.21076834417734647,0.01737022587376362,0.03159625680797365
phase48,175,181.0,158,8,0.3917262603296851,0.5439274794388749,0.22428322233690184,0.26665545577788996,0.30964936142984,0.12566788651756866,0.009516920580765963,0.027766810530191057
phase39,176,182.0,158,8,0.2975112807992025,0.38147514073990496,0.01095496639477384,0.16643287725217903,0.1983392421988663,0.03409878686268941,0.02790153387161513,0.0639739159378414
phase47,176,182.0,158,8,0.3847939242954743,0.4920856746391883,0.22793756462927983,0.3699558590386489,0.4494512480097011,0.20475157476011296,0.01632901617883693,0.03442552010801441
phase48,176,182.0,158,8,0.38771821820628904,0.5406959667436882,0.22251076038598058,0.2632952225130848,0.30638625682635473,0.12397750010821562,0.006633203928857778,0.023551435050008875
phase39,177,183.0,158,8,0.2948001097435355,0.37798288278609243,0.02401537349695623,0.16689731955934262,0.19796393996303896,0.039556237470259825,0.01813337749733534,0.05776182351545392
phase47,177,183.0,158,8,0.38715268100415445,0.4931490495641249,0.2311286597668338,0.3692632203612095,0.4459843746433473,0.2014409559017104,0.010134818154846846,0.036633856246524814
phase48,177,183.0,158,8,0.3852585893971997,0.538786904289569,0.22266106121722498,0.26168139674928714,0.3044616668424195,0.12250685147789897,0.006119280181386608,0.01956998447641532
phase39,178,184.0,158,8,0.29033840338007505,0.3747214125542432,0.026226556170377693,0.16123748324127618,0.19168415417641607,0.036478064708885594,0.01598907528961546,0.04379017597916857
phase47,178,184.0,158,8,0.39153007762887376,0.4966748813103814,0.23783605088879287,0.37060190899628853,0.44684069575002205,0.2023212671901603,0.01197490649340329,0.03954706271937374
phase48,178,184.0,158,8,0.3848169117611175,0.538823019847979,0.22490715085981453,0.26038366809124225,0.30472438268093643,0.12426501134532975,0.0073780709969947,0.024690597082778924
phase39,179,185.0,158,8,0.28784963635476796,0.3728054681863703,0.019381723484906445,0.15374173313299067,0.1807963900830448,0.02688026113372466,0.02973763159959115,0.06554451280087231
phase47,179,185.0,158,8,0.3955737706918655,0.5010103134762115,0.2459635036149471,0.37526372677059416,0.453969955079229,0.20760793625001883,0.03211536267330184,0.046426191636071444
phase48,179,185.0,158,8,0.38709489216251985,0.5403006970172959,0.22843386060681622,0.2606562080225292,0.30667349282384604,0.12664672345584393,0.008497447350299623,0.025570106639398484
phase39,180,186.0,158,8,0.28736255441934294,0.3750972586421267,0.011297544320980056,0.14639564279664696,0.17284639531065402,0.017915839454390015,0.025642040380285946,0.06186836375424717
phase47,180,186.0,158,8,0.3978130172002735,0.5043621035610075,0.25207474710114786,0.3790954325843683,0.4567917070281308,0.21167299236584736,0.020978499396166937,0.0445623903627465
phase48,180,186.0,158,8,0.3894886510820123,0.5419071011058878,0.2320381142270288,0.2612595125699321,0.3086226770941876,0.1283472166605436,0.006694755300076813,0.028172998168807983
phase39,181,187.0,158,8,0.28825805973172663,0.3787889967601049,0.011636903107315159,0.14532208433783433,0.17203456471428852,0.01181170977223156,0.018558162034627252,0.052172211167684855
phase47,181,187.0,158,8,0.3986632976429102,0.5063115465208011,0.25450728191599936,0.3798466335152909,0.45806232120955026,0.21250485051130064,0.010946970030803582,0.03699802911179072
phase48,181,187.0,158,8,0.3911397152733889,0.5425691538438605,0.23461800252497328,0.2634829316581565,0.312477475516301,0.13134325065590013,0.011242063599405671,0.02886827235045646
phase39,182,188.0,158,8,0.29082778757238753,0.38284643459302553,0.022039161246321052,0.15082694365363902,0.17747465792306102,0.018473804259781512,0.02164946695934704,0.049687193568312665
phase47,182,188.0,158,8,0.3983996468248673,0.5075430112250732,0.2544862071390941,0.3802675338674548,0.46146470057436184,0.21400260769900092,0.015540641308126267,0.03550242157504498
phase48,182,188.0,158,8,0.3906795945364525,0.5406627206699128,0.23451706216969234,0.26308376386439125,0.3126413275967193,0.13168374710812714,0.0038005338218772165,0.027390114171629624
phase39,183,189.0,158,8,0.2931359357972993,0.38566120051540925,0.03513148477728169,0.1592029601869236,0.18680682718697422,0.03060783573559145,0.025464797745442833,0.04856733845011516
phase47,183,189.0,158,8,0.39753467359846817,0.5085599558313898,0.25350734591136925,0.3855093006771677,0.4671269754986538,0.22079066973440598,0.014271070646613721,0.03645081730910722
phase48,183,189.0,158,8,0.387689713344832,0.5359487282897535,0.23141155465505683,0.2600179582158074,0.3080314717853132,0.12884059339801401,0.014712153919336484,0.034932329208250235
phase39,184,190.0,158,8,0.2939191220574452,0.38544905435071475,0.043761201874883124,0.16924554997127284,0.19637411302634689,0.041992083947364645,0.02411444652897154,0.048080390665235305
phase47,184,190.0,158,8,0.39571514565254984,0.5087453633937874,0.25210779966717467,0.3901741693367966,0.4713982777318237,0.2269407867680675,0.018106651555628912,0.03689582840745234
phase48,184,190.0,158,8,0.38248561888005594,0.529749178332036,0.22603754688503414,0.25523872641984047,0.3007804579655443,0.12408206471318428,0.020686549834178558,0.04006192617291822
phase39,185,191.0,158,8,0.2917130244035167,0.381813082724344,0.04409466524426018,0.17318599626322195,0.19900029036546224,0.04697349958918984,0.01804713830262834,0.048844651930253946
phase47,185,191.0,158,8,0.39215965215739806,0.5074891761020367,0.249782315555665,0.3915334345122409,0.47293873698888045,0.22942546702612943,0.016945512096841274,0.03523773881109476
phase48,185,191.0,158,8,0.37565841202736094,0.5225524098123882,0.21901442773969132,0.2588387310737261,0.3075345477482097,0.12748160572670852,0.029062246778695604,0.04448908696793961
phase39,186,192.0,158,8,0.2860552933839808,0.3754135677789615,0.03232800362200336,0.17196135865651208,0.19772297260748564,0.044234356291753985,0.01619439684507835,0.06345142477342867
phase47,186,192.0,158,8,0.3874614214100169,0.5054238427842043,0.24664114737477266,0.38981534917349225,0.47635392253444997,0.22825955105941464,0.027020347510100646,0.0368632424342144
phase48,186,192.0,158,8,0.3685880764234122,0.514768126011658,0.21140925947231276,0.25834665301770265,0.30504514482523126,0.12665509818329268,0.011992712578349794,0.042966000780146896
phase39,187,193.0,158,8,0.27656648194046596,0.3683252629297375,0.008927761648153629,0.15523796182060745,0.1910696723611911,0.0205790737537892,0.06538841656264126,0.09893169196761636
phase47,187,193.0,158,8,0.3854787392756588,0.5030502808925922,0.24271614533206598,0.39459905877296597,0.48172511844106536,0.22821739211349845,0.026144300108912152,0.041794757558292484
phase48,187,193.0,158,8,0.3618255311859653,0.5069708985568365,0.204085323774716,0.2546568406379015,0.2994488975977204,0.12256030698761067,0.016959129355201823,0.04150278365289087
phase39,188,194.0,158,8,0.271018917527534,0.3629412571737463,-0.018220521651617062,0.1453697627578826,0.18936861373836944,-0.004568360340240107,0.06964708259891561,0.09612562726516335
phase47,188,194.0,158,8,0.3838088938936663,0.5006887184133382,0.2388610822351295,0.392931948777992,0.48426585717954007,0.22983782994059399,0.02240982401651523,0.04360514334564885
phase48,188,194.0,158,8,0.355898798827756,0.49984291714077744,0.19738687507922545,0.25251062191640183,0.2955972356395854,0.12004377887764617,0.012978490781402473,0.040233593359087924
phase39,189,195.0,158,8,0.2691578468244147,0.3585251787438574,-0.038838527341449686,0.15322680033685143,0.19058975208154902,-0.02142600542047013,0.038363481378056494,0.079819854536491
phase47,189,195.0,158,8,0.382256288364255,0.49854224146316434,0.2358608035635145,0.3872050290753263,0.4849406843629952,0.22664331521156822,0.04857488235108944,0.04406444396510124
phase48,189,195.0,158,8,0.35011989148418565,0.4933220772607612,0.19132264572239593,0.2505409460743885,0.2924389561135325,0.11779493084530934,0.011206821305481627,0.032575948164202485
phase39,190,196.0,158,8,0.2661822459050747,0.35290536981698495,-0.04884565549143036,0.15721329077220425,0.19248373131698246,-0.027917022215498855,0.030021904585992847,0.05406755534102137
phase47,190,196.0,158,8,0.38079048628747375,0.497006522259242,0.23463568605269441,0.38099783771294693,0.4798853289859776,0.22015640236339717,0.023251884725065425,0.04140131549759639
phase48,190,196.0,158,8,0.34449339980393023,0.48685332381398966,0.18590721162467058,0.24828264404670053,0.28992235639648356,0.11552557274967845,0.008805051745306878,0.03231092610979769
phase39,191,197.0,158,8,0.26249671853492595,0.34632333936543713,-0.048841746030002235,0.15199993427672953,0.1923096993687723,-0.021107168125715114,0.022394436919488565,0.05189407704861587
phase47,191,197.0,158,8,0.3798927339370168,0.4960556405008962,0.23521760439979758,0.3768394033044813,0.47334684076907263,0.21479328945112908,0.01374821609346388,0.03602777869495349
phase48,191,197.0,158,8,0.33974996399352225,0.48069715941405844,0.1812976462205482,0.2461934367145029,0.28781994872913624,0.11350101614904218,0.006592988748224203,0.03051259894209336
phase39,192,198.0,158,8,0.2586350608019269,0.34037913365795847,-0.04039843314141078,0.14566262836006794,0.19322789633588225,-0.006426288515124279,0.02691773258941685,0.051730685109414275
phase47,192,198.0,158,8,0.379732622818745,0.49532728978817675,0.2364216395395713,0.37310462388176935,0.46690496787329533,0.20945122195990995,0.020101336063577103,0.031145010156201438
phase48,192,198.0,158,8,0.33607557102838553,0.4752827129368053,0.17753228630458534,0.2442364274341321,0.2857153999949991,0.11150757196631977,0.006417541250704727,0.028675106132864777
phase39,193,199.0,158,8,0.2600420905917293,0.33813513140449836,-0.025905097635627507,0.13664541355032833,0.19542957787518636,0.010969835606380762,0.03419747596890481,0.053922881813404475
phase47,193,199.0,158,8,0.37997378361288997,0.4947266086964594,0.23736915153889487,0.371629093774446,0.4631728832507655,0.20639250166548084,0.021507248823763432,0.03209575183232412
phase48,193,199.0,158,8,0.3328146814530202,0.470560491920083,0.17450113957999974,0.2410631458167264,0.28132323652261343,0.1082625341939295,0.01387628765625281,0.02861447632461936
phase39,194,200.0,158,8,0.26284782349372204,0.3394117488823378,-0.010784055415187182,0.1372884070047804,0.20048148541403635,0.020980887018788863,0.02086118035438584,0.04213831799670689
phase47,194,200.0,158,8,0.3802181889706968,0.49424138101009407,0.23773191553602352,0.369969555357628,0.45836413939207604,0.20357817182558546,0.022968515329112583,0.030983867130245844
phase48,194,200.0,158,8,0.32941928250962543,0.4654776360819799,0.17100082396542562,0.23539691241172356,0.2731020027898157,0.10245245248953727,0.026210055250471456,0.026754291345349016
phase39,195,201.0,158,8,0.26359890621014126,0.34185474836814417,0.002693202713966291,0.1401221335672015,0.20251790818098747,0.03184056337682517,0.0290173508561501,0.0541037677285064
phase47,195,201.0,158,8,0.38176991953271233,0.4951643671682402,0.23788798519008697,0.369290318454479,0.45405919872054984,0.20202608257075594,0.023236195532593172,0.04106758553052132
phase48,195,201.0,158,8,0.32552339678075215,0.46006715336267673,0.16678872273932102,0.2338595814813249,0.27289845308736593,0.10076182467470951,0.018195918536732185,0.0254275898901728
phase39,196,202.0,158,8,0.2658562816049217,0.3450894149614597,0.007783298444873301,0.13999498207680394,0.20362556848906443,0.034566794362134945,0.010075885776062594,0.0529327392180262
phase47,196,202.0,158,8,0.38310965650401724,0.4971573754496067,0.2390390831624425,0.3682683973577492,0.44972973391907484,0.20019712080783325,0.009787113931569235,0.03618002654900359
phase48,196,202.0,158,8,0.3217727488026928,0.4549906843598895,0.1629539382929766,0.2317799595866893,0.270339703425037,0.09851819495348357,0.011413590692617551,0.022272656852241786
phase39,197,203.0,158,8,0.2648423713747864,0.3469389900971232,0.003283688179473093,0.13707480916446568,0.20251408478330749,0.028877705636602857,0.021569570691460434,0.0584727054754135
phase47,197,203.0,158,8,0.3817798196104581,0.4982877885430597,0.24105130139822012,0.36923817944234294,0.450311386278795,0.2000997316508073,0.009273279999798456,0.03676670704281664
phase48,197,203.0,158,8,0.31830303973619034,0.4506018505680245,0.16012381608004142,0.22793091173259772,0.26495355774439583,0.09450287870091201,0.021102011844696053,0.02186129157219683
phase39,198,204.0,158,8,0.26292659667494206,0.3474558740686642,-0.0060216968462065085,0.13839495372427502,0.19956454609365923,0.022376432354556997,0.0200417332590967,0.06578573825611089
phase47,198,204.0,158,8,0.38283118186862664,0.49913087517007665,0.2420994614599039,0.375807745323151,0.4585911865128991,0.20568466758337478,0.030308389911650867,0.03335839945068698
phase48,198,204.0,158,8,0.3153919833765972,0.4470956140095209,0.15860355443245158,0.226094372059104,0.261855274584571,0.09265806239190999,0.013936183198053289,0.02342879308280388
phase39,199,205.0,158,8,0.2611772281570174,0.3471128988920633,-0.01264299604677796,0.14189130273714012,0.19564699491626827,0.011263419531428398,0.019956355609001837,0.05551660607284801
phase47,199,205.0,158,8,0.38173776316698826,0.4991367907233642,0.24088146904994598,0.38430697502501787,0.4710901977147854,0.21367859450405957,0.040072086948287684,0.03886705570488828
phase48,199,205.0,158,8,0.31319515281830757,0.4444689136341903,0.15826576937056117,0.22614319228413438,0.26239813925694977,0.09286541424558514,0.0022071342262314883,0.022997112135426486
phase39,200,206.0,158,8,0.2608238970755969,0.3464411264699276,-0.01395646198481946,0.14773733487360796,0.1967891598348962,0.00760177096497161,0.020574251550346905,0.04667442890847472
phase47,200,206.0,158,8,0.3793963533778477,0.49753042331812675,0.23798133232824997,0.38882170404455796,0.47894584010280106,0.2180309473578682,0.024013828962348764,0.03872637250001097
phase48,200,206.0,158,8,0.3115117327011439,0.44215150622461485,0.15807620272704342,0.22527695768711153,0.2612888159446436,0.09225752820825173,0.005342597617641862,0.01767096403986722
