variant,horizon_sec,event,n_stations,median_shape_r,median_delta_mw,mae_delta_mw
new3,30,Anchorage2018,8,0.5950016209870357,-0.1483244334850129,0.34959717376787636
new3,30,Maule2010,4,0.5156150741212567,-0.5983065149359739,0.48286809361829097
new3,30,Noto2024,116,0.401668421103375,0.19767821387519957,0.3477759749853964
new3,30,Parkfield2004,11,0.5835831472293395,0.08415710831438794,0.11481965721976559
new3,30,RatIslands2014,1,0.7493310267034716,0.39704629539854874,0.39704629539854874
new3,30,SandPoint2020,4,-0.41456714304198977,-0.2214509027104281,0.47320588830437704
new3,60,Anchorage2018,8,0.6061893762835298,0.04119387033804056,0.16704498528059886
new3,60,Maule2010,6,0.35080634684425327,-0.21527046083190893,0.2829505693084046
new3,60,Noto2024,392,-0.13038627248643164,0.2016425684088241,0.3466437854335027
new3,60,Parkfield2004,11,0.7126807754760821,0.20028991023351939,0.18472760039489378
new3,60,RatIslands2014,3,0.5781351993762738,0.14392452496556274,0.24047121849248132
new3,60,SandPoint2020,9,0.0845233885853481,-0.23093396876805627,0.340071500345052
new3,90,Anchorage2018,8,0.6733076493316129,0.020272507378156224,0.168538191616863
new3,90,Maule2010,14,0.49628706227849056,-0.32615273173181514,0.3507552272538959
new3,90,Noto2024,396,0.3026415944793532,0.14335013951410858,0.2187911245595461
new3,90,Parkfield2004,11,0.7358262934354609,0.1616859277675431,0.15854630776538728
new3,90,RatIslands2014,3,0.49650421613999696,-0.28053442752433,0.3447174182208019
new3,90,SandPoint2020,9,0.5178221080309969,-0.01869856991293517,0.26422210167458515
new3,120,Anchorage2018,8,0.6954055146902266,0.00046920505390257716,0.1751787746314284
new3,120,Maule2010,18,-0.05414812361451864,-0.5496053801006466,0.546830636830471
new3,120,Noto2024,397,0.6789481491536757,0.36221503403470034,0.3501980651438663
new3,120,Parkfield2004,11,0.7560142035942449,0.1267312424872573,0.13205762791517373
new3,120,RatIslands2014,3,0.6539382437490463,0.05271879262093471,0.1655301871623586
new3,120,SandPoint2020,9,0.6226791533211125,-0.03208145729757916,0.2849765610134987
new3,160,Anchorage2018,8,0.70370597635405,0.008521775134417986,0.22547893706217026
new3,160,Maule2010,18,-0.028241858351048244,-0.873974680337501,0.7348734212717831
new3,160,Noto2024,397,0.7483869697619233,0.4468827166926248,0.4312433234640339
new3,160,Parkfield2004,11,0.7959476501347198,0.045891373434345795,0.08035287652216178
new3,160,RatIslands2014,3,0.683841403552034,-0.10801274450781229,0.20415423343413183
new3,160,SandPoint2020,9,0.6582129503134615,0.014651330547216901,0.2796690043519432
new3,200,Anchorage2018,8,0.7147550974794309,0.0037135706087210174,0.23886692553277733
new3,200,Maule2010,18,0.7353107768379749,-0.0027084910282466623,0.19870888255995003
new3,200,Noto2024,397,0.7677156551519498,0.3867092597431423,0.3777265564997907
new3,200,Parkfield2004,11,0.9180671389912252,0.055026984820059965,0.10268444811048423
new3,200,RatIslands2014,3,0.7066321649855121,-0.08390758760383665,0.18051581344275971
new3,200,SandPoint2020,9,0.6720186217666264,0.008522140756937802,0.27176110087392963
old,30,Anchorage2018,8,-0.5526040583270218,-0.09882451128953651,0.19867851539395165
old,30,Maule2010,4,0.9316711490649562,-0.7866868284821096,0.6735361929011325
old,30,Noto2024,116,0.811548426329151,-0.01957571705787009,0.26434639483394534
old,30,Parkfield2004,11,-0.7595960598332249,0.07828404359259622,0.11265255392637136
old,30,RatIslands2014,1,0.21716606693020649,0.10586638648823055,0.10586638648823055
old,30,SandPoint2020,4,0.6681946661295601,-0.3162777665845491,0.3657263565341691
old,60,Anchorage2018,8,-0.004458345999139857,0.24029935671596103,0.24028928417170325
old,60,Maule2010,6,0.8284239809474421,-0.13272319230858987,0.34893291728664205
old,60,Noto2024,392,0.6906567941890468,0.2747939389987266,0.36187802206410125
old,60,Parkfield2004,11,0.27302311748093444,0.14471262078223113,0.16015983119220217
old,60,RatIslands2014,3,0.5871066861682802,-0.0946425578192942,0.1677250442069266
old,60,SandPoint2020,9,0.4937956208589081,-0.2429299044690909,0.35199897129143554
old,90,Anchorage2018,8,0.45500019591154073,0.15495555153078122,0.28563892420116255
old,90,Maule2010,14,0.7958122231849822,-0.23045669789784773,0.32701782140746266
old,90,Noto2024,396,0.7048213834745045,0.2799340874677889,0.31428411240833787
old,90,Parkfield2004,11,0.4927124396025229,0.13934125471791425,0.152332400436081
old,90,RatIslands2014,3,0.5776487391728817,0.00039780018685853236,0.036045711054002005
old,90,SandPoint2020,9,0.6163588837185455,-0.11820040798833276,0.2044857232655271
old,120,Anchorage2018,8,0.7050378067068197,0.04192814107680487,0.21072210969282656
old,120,Maule2010,18,0.4813587861391114,-0.5830734887618605,0.5597064960606937
old,120,Noto2024,397,0.7941937668682393,0.37889384215421984,0.3753831321421622
old,120,Parkfield2004,11,0.6305541582246429,0.18896376184452368,0.17825751582786803
old,120,RatIslands2014,3,0.7903170156109974,-0.2090356632262118,0.17507215767369053
old,120,SandPoint2020,9,0.6781363637747623,-0.15539207911089647,0.21387029647599112
old,160,Anchorage2018,8,0.8503300441505134,0.03753887240718745,0.16513500215580523
old,160,Maule2010,18,0.6500117219280773,-0.6149793244323307,0.5295522501631695
old,160,Noto2024,397,0.7517660568165805,0.3609896709534892,0.39113350906449057
old,160,Parkfield2004,11,0.6786133336859109,0.20533982951872076,0.20360982925958956
old,160,RatIslands2014,3,0.726139767899029,0.020002677281574677,0.16690732840257283
old,160,SandPoint2020,9,0.6948274937548264,-0.09190778170553404,0.2367568565404482
old,200,Anchorage2018,8,0.8109163726166952,0.020555885304278654,0.15500283167476647
old,200,Maule2010,18,0.8041036031819174,0.09812690561385917,0.17257238240311729
old,200,Noto2024,397,0.7838284389572742,0.3374091280080762,0.3730068290295835
old,200,Parkfield2004,11,0.745139716884271,0.213664785413906,0.21888732348979448
old,200,RatIslands2014,3,0.6368280793474075,0.017315882091500256,0.15156888323997642
old,200,SandPoint2020,9,0.7123561981040659,-0.07416483913614247,0.24927423805088575
new3,30,ALL,144,0.48833035021403703,0.10199899395712331,0.3376607565344141
new3,60,ALL,429,-0.07347862600791914,0.17067488871308445,0.33737176678544295
new3,90,ALL,441,0.3398467623133497,0.1249316638138982,0.2223499423927951
new3,120,ALL,446,0.6751466897133409,0.30713580155179443,0.34705611443899176
new3,160,ALL,446,0.7449179354953952,0.40871474676818664,0.426566183578082
new3,200,ALL,446,0.7661420774982837,0.34170792591503707,0.35776247645328974
old,30,ALL,144,0.7979365522440074,-0.029701171531928416,0.2621923930646444
old,60,ALL,429,0.6850781511811869,0.23905444978798762,0.3526923553463382
old,90,ALL,441,0.697708063541518,0.2501317564636807,0.30599554298041776
old,120,ALL,446,0.7873225757264422,0.3437606923730514,0.37040017731498875
old,160,ALL,446,0.7495850995787736,0.3049815802989557,0.3834176355038419
old,200,ALL,446,0.7806959151008764,0.31227881974914107,0.3532196681882612
new3,30,EVENT_MEDIAN,144,0.5495991106752981,-0.03208366258531248,0.2744939114532585
new3,60,EVENT_MEDIAN,429,0.4644707731102635,0.09255919765180165,0.172209217257652
new3,90,EVENT_MEDIAN,441,0.5071631620854969,0.0007869687326105268,0.15844905063814804
new3,120,EVENT_MEDIAN,446,0.6664431964513611,0.026593998837418642,0.18730351859917013
new3,160,EVENT_MEDIAN,446,0.693773689953042,0.011586552840817443,0.24965577010898646
new3,200,EVENT_MEDIAN,446,0.7250329371587029,0.0061178556828294095,0.0900980057601574
old,30,EVENT_MEDIAN,144,0.4426803665298833,-0.0592001141737033,0.23425254224914868
old,60,EVENT_MEDIAN,429,0.5404511535135942,0.02503503148146846,0.1883502618489823
old,90,EVENT_MEDIAN,441,0.5970038114457137,0.06986952745238639,0.15388096663158723
old,120,EVENT_MEDIAN,446,0.691587085240791,-0.0567319690170458,0.25954782936241955
old,160,EVENT_MEDIAN,446,0.7104836308269278,0.028770774844381064,0.22179302604980614
old,200,EVENT_MEDIAN,446,0.7644840779207727,0.05934139545906891,0.1268729042612938
