observation_horizon_sec,release_time_sec,event_count,total_event_count,coverage,coverage_fraction,available_station_count,unavailable_station_count,unavailable_reason_counts,event_equal_mae,event_equal_rmse,event_equal_bias,within_target_event_count,within_target_event_fraction
1.0,6.0,5,8,5,0.625,128,30,"{""pre_p_baseline_not_available"": 30}",0.81334303855896,0.8680007778626578,-0.81334303855896,0,0.0
2.0,7.0,5,8,5,0.625,128,30,"{""pre_p_baseline_not_available"": 30}",0.8127755546569825,0.8675968772705857,-0.8127755546569825,0,0.0
3.0,8.0,5,8,5,0.625,128,30,"{""pre_p_baseline_not_available"": 30}",0.8125608825683595,0.8673636374510498,-0.8125608825683595,0,0.0
4.0,9.0,5,8,5,0.625,128,30,"{""pre_p_baseline_not_available"": 30}",0.8113693141937256,0.865861827459226,-0.8113693141937256,0,0.0
5.0,10.0,6,8,6,0.75,129,29,"{""pre_p_baseline_not_available"": 29}",0.8030665000279744,0.8491284738339088,-0.8030665000279744,0,0.0
6.0,11.0,6,8,6,0.75,129,29,"{""pre_p_baseline_not_available"": 29}",0.8017411708831786,0.847527500696724,-0.8017411708831786,0,0.0
7.0,12.0,6,8,6,0.75,129,29,"{""pre_p_baseline_not_available"": 29}",0.797892697652181,0.8442211109000752,-0.797892697652181,0,0.0
8.0,13.0,6,8,6,0.75,129,29,"{""pre_p_baseline_not_available"": 29}",0.7983744621276855,0.8457094967774647,-0.7983744621276855,0,0.0
9.0,14.0,7,8,7,0.875,130,28,"{""pre_p_baseline_not_available"": 28}",0.6877298627580916,0.7836161758156975,-0.6802537645612443,1,0.14285714285714285
10.0,15.0,7,8,7,0.875,131,27,"{""pre_p_baseline_not_available"": 27}",0.683851671218872,0.7841307303378439,-0.683851671218872,1,0.14285714285714285
11.0,16.0,7,8,7,0.875,131,27,"{""pre_p_baseline_not_available"": 27}",0.6783037730625697,0.7790048600132905,-0.6783037730625697,1,0.14285714285714285
12.0,17.0,7,8,7,0.875,131,27,"{""pre_p_baseline_not_available"": 27}",0.6754235812595912,0.773895496926126,-0.6727380616324288,1,0.14285714285714285
13.0,18.0,7,8,7,0.875,131,27,"{""pre_p_baseline_not_available"": 27}",0.6652242047446115,0.7602786914808447,-0.6566869395119802,1,0.14285714285714285
14.0,19.0,7,8,7,0.875,132,26,"{""pre_p_baseline_not_available"": 26}",0.6199884687151228,0.717683836359786,-0.6069429125104631,1,0.14285714285714285
15.0,20.0,7,8,7,0.875,134,24,"{""pre_p_baseline_not_available"": 24}",0.5747784478323801,0.6842564342491019,-0.5562604359218052,1,0.14285714285714285
16.0,21.0,7,8,7,0.875,135,23,"{""pre_p_baseline_not_available"": 23}",0.52696213722229,0.6519541152754356,-0.5075449466705322,2,0.2857142857142857
17.0,22.0,7,8,7,0.875,135,23,"{""pre_p_baseline_not_available"": 23}",0.5136877059936523,0.6477368003649212,-0.48230176653180795,2,0.2857142857142857
18.0,23.0,7,8,7,0.875,136,22,"{""pre_p_baseline_not_available"": 22}",0.5280028002602714,0.6461226297214452,-0.4627765451158795,2,0.2857142857142857
19.0,24.0,7,8,7,0.875,136,22,"{""pre_p_baseline_not_available"": 22}",0.5353853293827602,0.6440454763751355,-0.4525004318782261,1,0.14285714285714285
20.0,25.0,7,8,7,0.875,136,22,"{""pre_p_baseline_not_available"": 22}",0.5399663380214147,0.6391136037276606,-0.44120562417166564,1,0.14285714285714285
21.0,26.0,7,8,7,0.875,136,22,"{""pre_p_baseline_not_available"": 22}",0.5402007375444685,0.6313809353251022,-0.4279308864048548,0,0.0
22.0,27.0,7,8,7,0.875,136,22,"{""pre_p_baseline_not_available"": 22}",0.5367021833147322,0.6210566741800304,-0.4145865985325404,0,0.0
23.0,28.0,7,8,7,0.875,136,22,"{""pre_p_baseline_not_available"": 22}",0.5322342872619629,0.6119140869978107,-0.4030225481305803,0,0.0
24.0,29.0,7,8,7,0.875,136,22,"{""pre_p_baseline_not_available"": 22}",0.5242890221732004,0.6015504888667959,-0.3939281054905482,1,0.14285714285714285
25.0,30.0,8,8,8,1.0,158,0,{},0.4951975524425507,0.587200387377886,-0.3808162629604339,2,0.25
26.0,31.0,8,8,8,1.0,158,0,{},0.49203281402587895,0.5829895720966175,-0.3783511638641357,2,0.25
27.0,32.0,8,8,8,1.0,158,0,{},0.48818077445030217,0.579350606143691,-0.3757193505764007,2,0.25
28.0,33.0,8,8,8,1.0,158,0,{},0.47921766638755803,0.5657048092353968,-0.36703727841377254,1,0.125
29.0,34.0,8,8,8,1.0,158,0,{},0.4685414016246796,0.5522926453787746,-0.35754535794258113,0,0.0
30.0,35.0,8,8,8,1.0,158,0,{},0.45540054440498356,0.5402764258760702,-0.34198353886604305,1,0.125
31.0,36.0,8,8,8,1.0,158,0,{},0.4320191323757172,0.5264435292552022,-0.31112466454505916,1,0.125
32.0,37.0,8,8,8,1.0,158,0,{},0.4189234554767609,0.511259284475082,-0.2822620093822479,2,0.25
33.0,38.0,8,8,8,1.0,158,0,{},0.40790285468101506,0.4957459818433185,-0.2681383907794952,2,0.25
34.0,39.0,8,8,8,1.0,158,0,{},0.40201197862625127,0.4891576767207875,-0.2639635920524597,2,0.25
35.0,40.0,8,8,8,1.0,158,0,{},0.39907677769660954,0.48717386695838966,-0.26260630488395686,2,0.25
36.0,41.0,8,8,8,1.0,158,0,{},0.39501600265502934,0.48406411751395534,-0.2616505146026611,2,0.25
37.0,42.0,8,8,8,1.0,158,0,{},0.4025478839874268,0.48204100302153946,-0.273555052280426,1,0.125
38.0,43.0,8,8,8,1.0,158,0,{},0.3945719182491303,0.4726759311244547,-0.26836137175559993,1,0.125
39.0,44.0,8,8,8,1.0,158,0,{},0.38914086222648625,0.46545147249362095,-0.2592853724956512,1,0.125
40.0,45.0,8,8,8,1.0,158,0,{},0.3847735702991486,0.45992764412275283,-0.25147084593772884,1,0.125
41.0,46.0,8,8,8,1.0,158,0,{},0.37793289422988896,0.4522459701980873,-0.23988695144653316,1,0.125
42.0,47.0,8,8,8,1.0,158,0,{},0.3738233327865601,0.44739581631177744,-0.23166848421096797,1,0.125
43.0,48.0,8,8,8,1.0,158,0,{},0.3680198967456818,0.4418322671085888,-0.2265227854251861,1,0.125
44.0,49.0,8,8,8,1.0,158,0,{},0.3608727633953095,0.4362629370175273,-0.22126082777976985,1,0.125
45.0,50.0,8,8,8,1.0,158,0,{},0.3548987686634064,0.4344346448364554,-0.21597061753273006,1,0.125
46.0,51.0,8,8,8,1.0,158,0,{},0.350341010093689,0.4322452246745092,-0.2099132657051086,1,0.125
47.0,52.0,8,8,8,1.0,158,0,{},0.3473170876502991,0.4301331011235687,-0.20463271141052242,1,0.125
48.0,53.0,8,8,8,1.0,158,0,{},0.34552105069160466,0.42814575028677404,-0.2008667409420013,1,0.125
49.0,54.0,8,8,8,1.0,158,0,{},0.3450810790061951,0.4271474790735925,-0.19878317117691036,1,0.125
50.0,55.0,8,8,8,1.0,158,0,{},0.3441715717315674,0.4263174746810301,-0.19718296527862544,1,0.125
51.0,56.0,8,8,8,1.0,158,0,{},0.34168456792831425,0.42594676285158817,-0.19537152051925655,1,0.125
52.0,57.0,8,8,8,1.0,158,0,{},0.3417507588863373,0.42523269292380106,-0.19494478106498714,1,0.125
53.0,58.0,8,8,8,1.0,158,0,{},0.34034760594367985,0.4219900360572884,-0.19210754036903377,1,0.125
54.0,59.0,8,8,8,1.0,158,0,{},0.337153571844101,0.41757374932753344,-0.18736533522605892,1,0.125
55.0,60.0,8,8,8,1.0,158,0,{},0.3339104533195496,0.4137138525873926,-0.1830619096755981,1,0.125
56.0,61.0,8,8,8,1.0,158,0,{},0.33398135304450993,0.4110043718239752,-0.18254057765007015,1,0.125
57.0,62.0,8,8,8,1.0,158,0,{},0.3328283607959748,0.4106973666829182,-0.1810208976268768,1,0.125
58.0,63.0,8,8,8,1.0,158,0,{},0.3309722423553467,0.408551964839657,-0.17926110029220577,1,0.125
59.0,64.0,8,8,8,1.0,158,0,{},0.3312535464763642,0.40891972738221194,-0.18004290461540218,1,0.125
60.0,65.0,8,8,8,1.0,158,0,{},0.3333876013755799,0.40941984446889174,-0.18254209756851192,1,0.125
61.0,66.0,8,8,8,1.0,158,0,{},0.32795234322547917,0.4060571868996397,-0.17823485732078548,1,0.125
62.0,67.0,8,8,8,1.0,158,0,{},0.31852485537528996,0.4009320311655999,-0.17121474146842952,1,0.125
63.0,68.0,8,8,8,1.0,158,0,{},0.3131268501281739,0.39948713884699133,-0.16853536367416377,2,0.25
64.0,69.0,8,8,8,1.0,158,0,{},0.30744622945785527,0.39886200398503874,-0.1648916125297546,3,0.375
65.0,70.0,8,8,8,1.0,158,0,{},0.30831365585327153,0.3990646364292868,-0.167766523361206,3,0.375
66.0,71.0,8,8,8,1.0,158,0,{},0.3092910528182984,0.39883687575180243,-0.170685601234436,3,0.375
67.0,72.0,8,8,8,1.0,158,0,{},0.3092174410820008,0.39916333526664294,-0.17267603874206539,2,0.25
68.0,73.0,8,8,8,1.0,158,0,{},0.3068207979202271,0.3980189603446583,-0.1728446006774902,2,0.25
69.0,74.0,8,8,8,1.0,158,0,{},0.3035607814788819,0.39442368184468135,-0.17175663709640498,2,0.25
70.0,75.0,8,8,8,1.0,158,0,{},0.2936403930187226,0.3852351265299299,-0.1627081453800201,2,0.25
71.0,76.0,8,8,8,1.0,158,0,{},0.2918618798255921,0.3872175458500107,-0.1603132605552673,2,0.25
72.0,77.0,8,8,8,1.0,158,0,{},0.291144746541977,0.38783632522607464,-0.15872321724891658,2,0.25
73.0,78.0,8,8,8,1.0,158,0,{},0.29064126610755925,0.38717368116840684,-0.15753630995750423,3,0.375
74.0,79.0,8,8,8,1.0,158,0,{},0.2864890575408936,0.38573604500928976,-0.1523970484733581,4,0.5
75.0,80.0,8,8,8,1.0,158,0,{},0.282977569103241,0.3848212628621462,-0.1478685855865478,4,0.5
76.0,81.0,8,8,8,1.0,158,0,{},0.28590618371963505,0.38314135722921344,-0.14992303848266597,4,0.5
77.0,82.0,8,8,8,1.0,158,0,{},0.2873825013637543,0.3837709063121765,-0.15056614279747005,4,0.5
78.0,83.0,8,8,8,1.0,158,0,{},0.28416596651077275,0.3829946054395807,-0.1465834498405456,4,0.5
79.0,84.0,8,8,8,1.0,158,0,{},0.28082436323165894,0.38281921476719705,-0.14121515750885005,4,0.5
80.0,85.0,8,8,8,1.0,158,0,{},0.27804020047187805,0.37757047998042237,-0.13350145220756526,4,0.5
81.0,86.0,8,8,8,1.0,158,0,{},0.2755562663078308,0.3724190240086966,-0.128033173084259,4,0.5
82.0,87.0,8,8,8,1.0,158,0,{},0.271334707736969,0.3702000028960061,-0.13075215816497798,4,0.5
83.0,88.0,8,8,8,1.0,158,0,{},0.26925789117813115,0.367138733517538,-0.13284118175506587,4,0.5
84.0,89.0,8,8,8,1.0,158,0,{},0.2638893306255341,0.36300832439783953,-0.13019613623619075,4,0.5
85.0,90.0,8,8,8,1.0,158,0,{},0.259959626197815,0.3610398024786879,-0.1246430397033691,4,0.5
86.0,91.0,8,8,8,1.0,158,0,{},0.26338592171669006,0.35982451666275,-0.12214742302894588,4,0.5
87.0,92.0,8,8,8,1.0,158,0,{},0.2695351541042328,0.35734899194824393,-0.12348423600196834,4,0.5
88.0,93.0,8,8,8,1.0,158,0,{},0.2722807824611664,0.3580660591809661,-0.12409220337867732,4,0.5
89.0,94.0,8,8,8,1.0,158,0,{},0.2712940275669098,0.3545975063018838,-0.1230892956256866,5,0.625
90.0,95.0,8,8,8,1.0,158,0,{},0.2682916224002838,0.35314162271264465,-0.12144510149955745,5,0.625
91.0,96.0,8,8,8,1.0,158,0,{},0.2627216875553131,0.34595056343618136,-0.11685333847999568,5,0.625
92.0,97.0,8,8,8,1.0,158,0,{},0.25967979431152344,0.3411165823654577,-0.11457039117813106,5,0.625
93.0,98.0,8,8,8,1.0,158,0,{},0.25960999727249146,0.34297528689636975,-0.11466218233108516,5,0.625
94.0,99.0,8,8,8,1.0,158,0,{},0.26119035482406616,0.3482978660804016,-0.1187008142471313,5,0.625
95.0,100.0,8,8,8,1.0,158,0,{},0.2579994201660156,0.3453754193005453,-0.11807234287261958,5,0.625
96.0,101.0,8,8,8,1.0,158,0,{},0.25625723600387573,0.34533668455917044,-0.11800719499588008,5,0.625
97.0,102.0,8,8,8,1.0,158,0,{},0.25232160091400146,0.3397206893286264,-0.11412013769149776,5,0.625
98.0,103.0,8,8,8,1.0,158,0,{},0.2507854700088501,0.3379719567968532,-0.11138589382171626,5,0.625
99.0,104.0,8,8,8,1.0,158,0,{},0.24934187531471252,0.3360344020555569,-0.1085626900196075,5,0.625
100.0,105.0,8,8,8,1.0,158,0,{},0.25096967816352844,0.33851636726256396,-0.10936508774757381,5,0.625
101.0,106.0,8,8,8,1.0,158,0,{},0.24966484308242798,0.33695910960925385,-0.10819960832595821,5,0.625
102.0,107.0,8,8,8,1.0,158,0,{},0.24881938099861145,0.33783880035197766,-0.10862199664115901,5,0.625
103.0,108.0,8,8,8,1.0,158,0,{},0.251211941242218,0.34157225591588525,-0.10796190500259395,4,0.5
104.0,109.0,8,8,8,1.0,158,0,{},0.24996745586395264,0.34117179036800727,-0.10777993202209468,4,0.5
105.0,110.0,8,8,8,1.0,158,0,{},0.2479090154170991,0.33991039685247326,-0.10809085965156551,4,0.5
106.0,111.0,8,8,8,1.0,158,0,{},0.2528645157814027,0.3408884446487972,-0.11252720355987544,4,0.5
107.0,112.0,8,8,8,1.0,158,0,{},0.25613624453544626,0.3383310108420603,-0.11408357024192806,4,0.5
108.0,113.0,8,8,8,1.0,158,0,{},0.2621609926223756,0.34153870071448594,-0.11802793741226192,4,0.5
109.0,114.0,8,8,8,1.0,158,0,{},0.26582220792770395,0.3426683198596046,-0.12115980386734004,4,0.5
110.0,115.0,8,8,8,1.0,158,0,{},0.26683414578437814,0.3428517629880759,-0.1229446947574615,4,0.5
111.0,116.0,8,8,8,1.0,158,0,{},0.2641292214393616,0.34173695679982513,-0.12261308431625362,4,0.5
112.0,117.0,8,8,8,1.0,158,0,{},0.2682257294654846,0.3417143999368908,-0.1256312251091003,4,0.5
113.0,118.0,8,8,8,1.0,158,0,{},0.2676975429058075,0.3387820392573536,-0.12247453331947322,4,0.5
114.0,119.0,8,8,8,1.0,158,0,{},0.26614710688591003,0.3350600786377963,-0.12002454400062557,3,0.375
115.0,120.0,8,8,8,1.0,158,0,{},0.26719141006469727,0.33717412998656965,-0.12060363292694087,3,0.375
116.0,121.0,8,8,8,1.0,158,0,{},0.26703178882598877,0.3381768859015496,-0.1209426641464233,3,0.375
117.0,122.0,8,8,8,1.0,158,0,{},0.26878708600997925,0.3389365752627936,-0.12259991168975826,3,0.375
118.0,123.0,8,8,8,1.0,158,0,{},0.27300092577934265,0.34326752400524696,-0.12635622620582576,3,0.375
119.0,124.0,8,8,8,1.0,158,0,{},0.2768056392669678,0.34979455187310027,-0.1297348856925964,3,0.375
120.0,125.0,8,8,8,1.0,158,0,{},0.27455633878707886,0.3491505969248634,-0.12699861526489253,3,0.375
121.0,126.0,8,8,8,1.0,158,0,{},0.27154383063316345,0.3446397492236815,-0.12323347926139827,3,0.375
122.0,127.0,8,8,8,1.0,158,0,{},0.2709498405456543,0.3428096421350397,-0.12203676700592037,3,0.375
123.0,128.0,8,8,8,1.0,158,0,{},0.2707185745239258,0.34078491456037735,-0.1214171171188354,3,0.375
124.0,129.0,8,8,8,1.0,158,0,{},0.2692005932331085,0.3360007639595708,-0.11924461722373958,3,0.375
125.0,130.0,8,8,8,1.0,158,0,{},0.27042898535728455,0.3363176508293897,-0.11979464888572688,3,0.375
126.0,131.0,8,8,8,1.0,158,0,{},0.2709817588329315,0.33616329038178233,-0.12174145579338069,3,0.375
127.0,132.0,8,8,8,1.0,158,0,{},0.2697070240974426,0.3350259052601041,-0.12169028520584102,3,0.375
128.0,133.0,8,8,8,1.0,158,0,{},0.2667110860347748,0.33077649133569414,-0.12089316248893733,3,0.375
129.0,134.0,8,8,8,1.0,158,0,{},0.2586229145526886,0.3201857082720043,-0.11727820038795467,3,0.375
130.0,135.0,8,8,8,1.0,158,0,{},0.24919787049293518,0.308291088236455,-0.11126379370689388,3,0.375
131.0,136.0,8,8,8,1.0,158,0,{},0.24716780185699472,0.30513201415165914,-0.10921485424041744,3,0.375
132.0,137.0,8,8,8,1.0,158,0,{},0.24894068241119394,0.3055163586274325,-0.10871655941009517,3,0.375
133.0,138.0,8,8,8,1.0,158,0,{},0.24835238456726083,0.3030949869383994,-0.10715855360031123,3,0.375
134.0,139.0,8,8,8,1.0,158,0,{},0.24893379807472238,0.30531904647128016,-0.10899482369422908,3,0.375
135.0,140.0,8,8,8,1.0,158,0,{},0.24794272184371957,0.30597666270850166,-0.11055721044540401,3,0.375
136.0,141.0,8,8,8,1.0,158,0,{},0.24513057470321664,0.303007915951066,-0.11143482923507686,3,0.375
137.0,142.0,8,8,8,1.0,158,0,{},0.24428001642227182,0.3038848958085634,-0.11477262973785396,4,0.5
138.0,143.0,8,8,8,1.0,158,0,{},0.2425354480743409,0.3027799200004789,-0.11751688718795772,4,0.5
139.0,144.0,8,8,8,1.0,158,0,{},0.24222886562347412,0.30529843577663385,-0.12031604051589961,4,0.5
140.0,145.0,8,8,8,1.0,158,0,{},0.24230259656906128,0.3051417501877424,-0.12152792215347286,4,0.5
141.0,146.0,8,8,8,1.0,158,0,{},0.2442452609539032,0.3078562308853664,-0.1224934875965118,4,0.5
142.0,147.0,8,8,8,1.0,158,0,{},0.24213957786560059,0.30302199798829993,-0.12081582546234126,4,0.5
143.0,148.0,8,8,8,1.0,158,0,{},0.2408812940120697,0.30182103970223434,-0.12048999667167659,4,0.5
144.0,149.0,8,8,8,1.0,158,0,{},0.229202538728714,0.28557424853414926,-0.10994867682456966,4,0.5
145.0,150.0,8,8,8,1.0,158,0,{},0.2198585867881775,0.27462941529264423,-0.10147906541824336,4,0.5
146.0,151.0,8,8,8,1.0,158,0,{},0.21694990992546082,0.2715122726139973,-0.0994960486888885,4,0.5
147.0,152.0,8,8,8,1.0,158,0,{},0.21491358280181894,0.27019383302421246,-0.0982220888137817,4,0.5
148.0,153.0,8,8,8,1.0,158,0,{},0.2150902509689332,0.26940352633952036,-0.09700448513031001,4,0.5
149.0,154.0,8,8,8,1.0,158,0,{},0.214732712507248,0.267364316179497,-0.09497426152229305,4,0.5
150.0,155.0,8,8,8,1.0,158,0,{},0.21441129446029672,0.2662725904417669,-0.09465552568435665,4,0.5
151.0,156.0,8,8,8,1.0,158,0,{},0.21519351601600656,0.26769915250967635,-0.09622649550437923,4,0.5
152.0,157.0,8,8,8,1.0,158,0,{},0.21451557278633127,0.267424494751675,-0.09764943718910213,4,0.5
153.0,158.0,8,8,8,1.0,158,0,{},0.2115136444568635,0.26379522279780604,-0.09661559462547298,4,0.5
154.0,159.0,8,8,8,1.0,158,0,{},0.20921323299407968,0.26087904309941146,-0.09511549472808833,4,0.5
155.0,160.0,8,8,8,1.0,158,0,{},0.20759106278419504,0.25838910972895984,-0.09374849200248714,4,0.5
156.0,161.0,8,8,8,1.0,158,0,{},0.2053253114223481,0.25521782002591764,-0.09338085055351253,4,0.5
157.0,162.0,8,8,8,1.0,158,0,{},0.2035115122795106,0.25413297750141717,-0.09607232809066768,4,0.5
158.0,163.0,8,8,8,1.0,158,0,{},0.19922611713409433,0.2495517396259241,-0.09574235677719112,4,0.5
159.0,164.0,8,8,8,1.0,158,0,{},0.19770944714546212,0.24737001780388607,-0.09575490355491634,4,0.5
160.0,165.0,8,8,8,1.0,158,0,{},0.1989384353160859,0.2476197110885675,-0.09610198140144344,4,0.5
161.0,166.0,8,8,8,1.0,158,0,{},0.20056397318840036,0.248889705860808,-0.0999380767345428,4,0.5
162.0,167.0,8,8,8,1.0,158,0,{},0.20347710847854628,0.2477639955607845,-0.10352094173431392,4,0.5
163.0,168.0,8,8,8,1.0,158,0,{},0.2019589185714723,0.23907374752258936,-0.10356874465942378,4,0.5
164.0,169.0,8,8,8,1.0,158,0,{},0.20156916379928602,0.23236085327754952,-0.10453714132308956,4,0.5
165.0,170.0,8,8,8,1.0,158,0,{},0.19679644107818617,0.2212710964016096,-0.10214496850967403,4,0.5
166.0,171.0,8,8,8,1.0,158,0,{},0.19707309603691114,0.21405682363564732,-0.09644947648048396,4,0.5
167.0,172.0,8,8,8,1.0,158,0,{},0.1954867780208589,0.21220787852077755,-0.09111271500587459,4,0.5
168.0,173.0,8,8,8,1.0,158,0,{},0.19457965493202223,0.2090674511145222,-0.08562336564064021,4,0.5
169.0,174.0,8,8,8,1.0,158,0,{},0.18752756118774427,0.20377985335948576,-0.0775047659873962,4,0.5
170.0,175.0,8,8,8,1.0,158,0,{},0.1858943045139314,0.20020901421316456,-0.07546679377555843,4,0.5
171.0,176.0,8,8,8,1.0,158,0,{},0.18150090575218214,0.19529924617806624,-0.06910983920097347,4,0.5
172.0,177.0,8,8,8,1.0,158,0,{},0.1723433375358583,0.18590357323931897,-0.05723537206649776,4,0.5
173.0,178.0,8,8,8,1.0,158,0,{},0.16918098330497755,0.18322370712766767,-0.05128274559974666,3,0.375
174.0,179.0,8,8,8,1.0,158,0,{},0.17213659882545485,0.19024357112303583,-0.04118345379829402,3,0.375
175.0,180.0,8,8,8,1.0,158,0,{},0.1754982411861421,0.19823953395636343,-0.03404108881950374,3,0.375
176.0,181.0,8,8,8,1.0,158,0,{},0.17350676059722914,0.1986224518234769,-0.027869772911071733,3,0.375
177.0,182.0,8,8,8,1.0,158,0,{},0.17026146650314344,0.19602381141309255,-0.02349765300750728,3,0.375
178.0,183.0,8,8,8,1.0,158,0,{},0.1699939608573915,0.19469106888118617,-0.02411485910415645,3,0.375
179.0,184.0,8,8,8,1.0,158,0,{},0.16632642745971693,0.19119188202045848,-0.02223296165466304,4,0.5
180.0,185.0,8,8,8,1.0,158,0,{},0.16986294984817518,0.19965694153627012,-0.016994130611419633,4,0.5
181.0,186.0,8,8,8,1.0,158,0,{},0.17272483706474318,0.2095945222404868,-0.008568447828292802,4,0.5
182.0,187.0,8,8,8,1.0,158,0,{},0.1749690413475038,0.22016400694758428,5.829334259077612e-06,4,0.5
183.0,188.0,8,8,8,1.0,158,0,{},0.17144098281860365,0.22068008329422656,0.005195009708404585,4,0.5
184.0,189.0,8,8,8,1.0,158,0,{},0.16737442612648024,0.2171152438653382,0.0065891325473785844,4,0.5
185.0,190.0,8,8,8,1.0,158,0,{},0.16502558588981642,0.21410990997700857,0.006378906965255782,5,0.625
186.0,191.0,8,8,8,1.0,158,0,{},0.15760206580162062,0.21015453443553306,0.01229365468025212,5,0.625
187.0,192.0,8,8,8,1.0,158,0,{},0.1536011338233949,0.20693600008483673,0.014781761169433638,6,0.75
188.0,193.0,8,8,8,1.0,158,0,{},0.1464450299739839,0.20184497890284292,0.01981790661811833,6,0.75
189.0,194.0,8,8,8,1.0,158,0,{},0.13437380790710463,0.195670588672894,0.0296758890151978,6,0.75
190.0,195.0,8,8,8,1.0,158,0,{},0.12625052928924574,0.19146372788065819,0.03688256740570073,6,0.75
191.0,196.0,8,8,8,1.0,158,0,{},0.12279199957847609,0.18885298360262923,0.03966428637504582,6,0.75
192.0,197.0,8,8,8,1.0,158,0,{},0.1228367626667024,0.18848521427465598,0.03981419205665593,6,0.75
193.0,198.0,8,8,8,1.0,158,0,{},0.12617134451866163,0.18859747235867666,0.03584386706352238,6,0.75
194.0,199.0,8,8,8,1.0,158,0,{},0.12803074121475233,0.18889645178072517,0.033447551727294966,6,0.75
195.0,200.0,8,8,8,1.0,158,0,{},0.13142158985137953,0.19062656970256323,0.03040270805358891,6,0.75
196.0,201.0,8,8,8,1.0,158,0,{},0.1372580468654634,0.19284456699487346,0.023073750734329268,6,0.75
197.0,202.0,8,8,8,1.0,158,0,{},0.14177393317222609,0.194434988356196,0.016358751058578536,6,0.75
198.0,203.0,8,8,8,1.0,158,0,{},0.14546498060226454,0.19586904084556775,0.011282134056091353,5,0.625
199.0,204.0,8,8,8,1.0,158,0,{},0.1481074929237367,0.1969774581072421,0.007922279834747359,5,0.625
200.0,205.0,8,8,8,1.0,158,0,{},0.14773725867271437,0.19678912726836223,0.007601755857467696,5,0.625
