event,station,observation_horizon_sec,release_time_sec,reason,baseline_ready_time_sec
Luding 2022 M6.6,SCDA,1.0,6.0,pre_p_baseline_not_available,22.7963191187208
Luding 2022 M6.6,SCJL,1.0,6.0,pre_p_baseline_not_available,13.146371283351936
Luding 2022 M6.6,SCMB,1.0,6.0,pre_p_baseline_not_available,19.883349805786576
Luding 2022 M6.6,SCXD,1.0,6.0,pre_p_baseline_not_available,19.614738926354857
Luding 2022 M6.6,SCXJ,1.0,6.0,pre_p_baseline_not_available,18.73985084438294
Luding 2022 M6.6,SCYX,1.0,6.0,pre_p_baseline_not_available,14.933615429054356
Mandalay 2025 M7.7,SCPZ,1.0,6.0,pre_p_baseline_not_available,30.0
Mandalay 2025 M7.7,XIAG,1.0,6.0,pre_p_baseline_not_available,30.0
Mandalay 2025 M7.7,YNGM,1.0,6.0,pre_p_baseline_not_available,30.0
Mandalay 2025 M7.7,YNJD,1.0,6.0,pre_p_baseline_not_available,30.0
Mandalay 2025 M7.7,YNLA,1.0,6.0,pre_p_baseline_not_available,30.0
Mandalay 2025 M7.7,YNLC,1.0,6.0,pre_p_baseline_not_available,30.0
Mandalay 2025 M7.7,YNRL,1.0,6.0,pre_p_baseline_not_available,30.0
Mandalay 2025 M7.7,YNSD,1.0,6.0,pre_p_baseline_not_available,30.0
Mandalay 2025 M7.7,YNTH,1.0,6.0,pre_p_baseline_not_available,30.0
Mandalay 2025 M7.7,YNXP,1.0,6.0,pre_p_baseline_not_available,30.0
Mandalay 2025 M7.7,YNYA,1.0,6.0,pre_p_baseline_not_available,30.0
Mandalay 2025 M7.7,YNYL,1.0,6.0,pre_p_baseline_not_available,30.0
Xizang 2025 M7.1,LHAS,1.0,6.0,pre_p_baseline_not_available,30.0
Xizang 2025 M7.1,XZAR,1.0,6.0,pre_p_baseline_not_available,9.742753178031489
Xizang 2025 M7.1,XZBG,1.0,6.0,pre_p_baseline_not_available,30.0
Xizang 2025 M7.1,XZDX,1.0,6.0,pre_p_baseline_not_available,30.0
Xizang 2025 M7.1,XZGE,1.0,6.0,pre_p_baseline_not_available,30.0
Xizang 2025 M7.1,XZGZ,1.0,6.0,pre_p_baseline_not_available,30.0
Xizang 2025 M7.1,XZNM,1.0,6.0,pre_p_baseline_not_available,30.0
Xizang 2025 M7.1,XZNQ,1.0,6.0,pre_p_baseline_not_available,30.0
Xizang 2025 M7.1,XZRK,1.0,6.0,pre_p_baseline_not_available,20.48380984747857
Xizang 2025 M7.1,XZRT,1.0,6.0,pre_p_baseline_not_available,30.0
Xizang 2025 M7.1,XZSH,1.0,6.0,pre_p_baseline_not_available,30.0
Xizang 2025 M7.1,XZZB,1.0,6.0,pre_p_baseline_not_available,30.0
Luding 2022 M6.6,SCDA,2.0,7.0,pre_p_baseline_not_available,22.7963191187208
Luding 2022 M6.6,SCJL,2.0,7.0,pre_p_baseline_not_available,13.146371283351936
Luding 2022 M6.6,SCMB,2.0,7.0,pre_p_baseline_not_available,19.883349805786576
Luding 2022 M6.6,SCXD,2.0,7.0,pre_p_baseline_not_available,19.614738926354857
Luding 2022 M6.6,SCXJ,2.0,7.0,pre_p_baseline_not_available,18.73985084438294
Luding 2022 M6.6,SCYX,2.0,7.0,pre_p_baseline_not_available,14.933615429054356
Mandalay 2025 M7.7,SCPZ,2.0,7.0,pre_p_baseline_not_available,30.0
Mandalay 2025 M7.7,XIAG,2.0,7.0,pre_p_baseline_not_available,30.0
Mandalay 2025 M7.7,YNGM,2.0,7.0,pre_p_baseline_not_available,30.0
Mandalay 2025 M7.7,YNJD,2.0,7.0,pre_p_baseline_not_available,30.0
Mandalay 2025 M7.7,YNLA,2.0,7.0,pre_p_baseline_not_available,30.0
Mandalay 2025 M7.7,YNLC,2.0,7.0,pre_p_baseline_not_available,30.0
Mandalay 2025 M7.7,YNRL,2.0,7.0,pre_p_baseline_not_available,30.0
Mandalay 2025 M7.7,YNSD,2.0,7.0,pre_p_baseline_not_available,30.0
Mandalay 2025 M7.7,YNTH,2.0,7.0,pre_p_baseline_not_available,30.0
Mandalay 2025 M7.7,YNXP,2.0,7.0,pre_p_baseline_not_available,30.0
Mandalay 2025 M7.7,YNYA,2.0,7.0,pre_p_baseline_not_available,30.0
Mandalay 2025 M7.7,YNYL,2.0,7.0,pre_p_baseline_not_available,30.0
Xizang 2025 M7.1,LHAS,2.0,7.0,pre_p_baseline_not_available,30.0
Xizang 2025 M7.1,XZAR,2.0,7.0,pre_p_baseline_not_available,9.742753178031489
Xizang 2025 M7.1,XZBG,2.0,7.0,pre_p_baseline_not_available,30.0
Xizang 2025 M7.1,XZDX,2.0,7.0,pre_p_baseline_not_available,30.0
Xizang 2025 M7.1,XZGE,2.0,7.0,pre_p_baseline_not_available,30.0
Xizang 2025 M7.1,XZGZ,2.0,7.0,pre_p_baseline_not_available,30.0
Xizang 2025 M7.1,XZNM,2.0,7.0,pre_p_baseline_not_available,30.0
Xizang 2025 M7.1,XZNQ,2.0,7.0,pre_p_baseline_not_available,30.0
Xizang 2025 M7.1,XZRK,2.0,7.0,pre_p_baseline_not_available,20.48380984747857
Xizang 2025 M7.1,XZRT,2.0,7.0,pre_p_baseline_not_available,30.0
Xizang 2025 M7.1,XZSH,2.0,7.0,pre_p_baseline_not_available,30.0
Xizang 2025 M7.1,XZZB,2.0,7.0,pre_p_baseline_not_available,30.0
Luding 2022 M6.6,SCDA,3.0,8.0,pre_p_baseline_not_available,22.7963191187208
Luding 2022 M6.6,SCJL,3.0,8.0,pre_p_baseline_not_available,13.146371283351936
Luding 2022 M6.6,SCMB,3.0,8.0,pre_p_baseline_not_available,19.883349805786576
Luding 2022 M6.6,SCXD,3.0,8.0,pre_p_baseline_not_available,19.614738926354857
Luding 2022 M6.6,SCXJ,3.0,8.0,pre_p_baseline_not_available,18.73985084438294
Luding 2022 M6.6,SCYX,3.0,8.0,pre_p_baseline_not_available,14.933615429054356
Mandalay 2025 M7.7,SCPZ,3.0,8.0,pre_p_baseline_not_available,30.0
Mandalay 2025 M7.7,XIAG,3.0,8.0,pre_p_baseline_not_available,30.0
Mandalay 2025 M7.7,YNGM,3.0,8.0,pre_p_baseline_not_available,30.0
Mandalay 2025 M7.7,YNJD,3.0,8.0,pre_p_baseline_not_available,30.0
Mandalay 2025 M7.7,YNLA,3.0,8.0,pre_p_baseline_not_available,30.0
Mandalay 2025 M7.7,YNLC,3.0,8.0,pre_p_baseline_not_available,30.0
Mandalay 2025 M7.7,YNRL,3.0,8.0,pre_p_baseline_not_available,30.0
Mandalay 2025 M7.7,YNSD,3.0,8.0,pre_p_baseline_not_available,30.0
Mandalay 2025 M7.7,YNTH,3.0,8.0,pre_p_baseline_not_available,30.0
Mandalay 2025 M7.7,YNXP,3.0,8.0,pre_p_baseline_not_available,30.0
Mandalay 2025 M7.7,YNYA,3.0,8.0,pre_p_baseline_not_available,30.0
Mandalay 2025 M7.7,YNYL,3.0,8.0,pre_p_baseline_not_available,30.0
Xizang 2025 M7.1,LHAS,3.0,8.0,pre_p_baseline_not_available,30.0
Xizang 2025 M7.1,XZAR,3.0,8.0,pre_p_baseline_not_available,9.742753178031489
Xizang 2025 M7.1,XZBG,3.0,8.0,pre_p_baseline_not_available,30.0
Xizang 2025 M7.1,XZDX,3.0,8.0,pre_p_baseline_not_available,30.0
Xizang 2025 M7.1,XZGE,3.0,8.0,pre_p_baseline_not_available,30.0
Xizang 2025 M7.1,XZGZ,3.0,8.0,pre_p_baseline_not_available,30.0
Xizang 2025 M7.1,XZNM,3.0,8.0,pre_p_baseline_not_available,30.0
Xizang 2025 M7.1,XZNQ,3.0,8.0,pre_p_baseline_not_available,30.0
Xizang 2025 M7.1,XZRK,3.0,8.0,pre_p_baseline_not_available,20.48380984747857
Xizang 2025 M7.1,XZRT,3.0,8.0,pre_p_baseline_not_available,30.0
Xizang 2025 M7.1,XZSH,3.0,8.0,pre_p_baseline_not_available,30.0
Xizang 2025 M7.1,XZZB,3.0,8.0,pre_p_baseline_not_available,30.0
Luding 2022 M6.6,SCDA,4.0,9.0,pre_p_baseline_not_available,22.7963191187208
Luding 2022 M6.6,SCJL,4.0,9.0,pre_p_baseline_not_available,13.146371283351936
Luding 2022 M6.6,SCMB,4.0,9.0,pre_p_baseline_not_available,19.883349805786576
Luding 2022 M6.6,SCXD,4.0,9.0,pre_p_baseline_not_available,19.614738926354857
Luding 2022 M6.6,SCXJ,4.0,9.0,pre_p_baseline_not_available,18.73985084438294
Luding 2022 M6.6,SCYX,4.0,9.0,pre_p_baseline_not_available,14.933615429054356
Mandalay 2025 M7.7,SCPZ,4.0,9.0,pre_p_baseline_not_available,30.0
Mandalay 2025 M7.7,XIAG,4.0,9.0,pre_p_baseline_not_available,30.0
Mandalay 2025 M7.7,YNGM,4.0,9.0,pre_p_baseline_not_available,30.0
Mandalay 2025 M7.7,YNJD,4.0,9.0,pre_p_baseline_not_available,30.0
Mandalay 2025 M7.7,YNLA,4.0,9.0,pre_p_baseline_not_available,30.0
Mandalay 2025 M7.7,YNLC,4.0,9.0,pre_p_baseline_not_available,30.0
Mandalay 2025 M7.7,YNRL,4.0,9.0,pre_p_baseline_not_available,30.0
Mandalay 2025 M7.7,YNSD,4.0,9.0,pre_p_baseline_not_available,30.0
Mandalay 2025 M7.7,YNTH,4.0,9.0,pre_p_baseline_not_available,30.0
Mandalay 2025 M7.7,YNXP,4.0,9.0,pre_p_baseline_not_available,30.0
Mandalay 2025 M7.7,YNYA,4.0,9.0,pre_p_baseline_not_available,30.0
Mandalay 2025 M7.7,YNYL,4.0,9.0,pre_p_baseline_not_available,30.0
Xizang 2025 M7.1,LHAS,4.0,9.0,pre_p_baseline_not_available,30.0
Xizang 2025 M7.1,XZAR,4.0,9.0,pre_p_baseline_not_available,9.742753178031489
Xizang 2025 M7.1,XZBG,4.0,9.0,pre_p_baseline_not_available,30.0
Xizang 2025 M7.1,XZDX,4.0,9.0,pre_p_baseline_not_available,30.0
Xizang 2025 M7.1,XZGE,4.0,9.0,pre_p_baseline_not_available,30.0
Xizang 2025 M7.1,XZGZ,4.0,9.0,pre_p_baseline_not_available,30.0
Xizang 2025 M7.1,XZNM,4.0,9.0,pre_p_baseline_not_available,30.0
Xizang 2025 M7.1,XZNQ,4.0,9.0,pre_p_baseline_not_available,30.0
Xizang 2025 M7.1,XZRK,4.0,9.0,pre_p_baseline_not_available,20.48380984747857
Xizang 2025 M7.1,XZRT,4.0,9.0,pre_p_baseline_not_available,30.0
Xizang 2025 M7.1,XZSH,4.0,9.0,pre_p_baseline_not_available,30.0
Xizang 2025 M7.1,XZZB,4.0,9.0,pre_p_baseline_not_available,30.0
Luding 2022 M6.6,SCDA,5.0,10.0,pre_p_baseline_not_available,22.7963191187208
Luding 2022 M6.6,SCJL,5.0,10.0,pre_p_baseline_not_available,13.146371283351936
Luding 2022 M6.6,SCMB,5.0,10.0,pre_p_baseline_not_available,19.883349805786576
Luding 2022 M6.6,SCXD,5.0,10.0,pre_p_baseline_not_available,19.614738926354857
Luding 2022 M6.6,SCXJ,5.0,10.0,pre_p_baseline_not_available,18.73985084438294
Luding 2022 M6.6,SCYX,5.0,10.0,pre_p_baseline_not_available,14.933615429054356
Mandalay 2025 M7.7,SCPZ,5.0,10.0,pre_p_baseline_not_available,30.0
Mandalay 2025 M7.7,XIAG,5.0,10.0,pre_p_baseline_not_available,30.0
Mandalay 2025 M7.7,YNGM,5.0,10.0,pre_p_baseline_not_available,30.0
Mandalay 2025 M7.7,YNJD,5.0,10.0,pre_p_baseline_not_available,30.0
Mandalay 2025 M7.7,YNLA,5.0,10.0,pre_p_baseline_not_available,30.0
Mandalay 2025 M7.7,YNLC,5.0,10.0,pre_p_baseline_not_available,30.0
Mandalay 2025 M7.7,YNRL,5.0,10.0,pre_p_baseline_not_available,30.0
Mandalay 2025 M7.7,YNSD,5.0,10.0,pre_p_baseline_not_available,30.0
Mandalay 2025 M7.7,YNTH,5.0,10.0,pre_p_baseline_not_available,30.0
Mandalay 2025 M7.7,YNXP,5.0,10.0,pre_p_baseline_not_available,30.0
Mandalay 2025 M7.7,YNYA,5.0,10.0,pre_p_baseline_not_available,30.0
Mandalay 2025 M7.7,YNYL,5.0,10.0,pre_p_baseline_not_available,30.0
Xizang 2025 M7.1,LHAS,5.0,10.0,pre_p_baseline_not_available,30.0
Xizang 2025 M7.1,XZBG,5.0,10.0,pre_p_baseline_not_available,30.0
Xizang 2025 M7.1,XZDX,5.0,10.0,pre_p_baseline_not_available,30.0
Xizang 2025 M7.1,XZGE,5.0,10.0,pre_p_baseline_not_available,30.0
Xizang 2025 M7.1,XZGZ,5.0,10.0,pre_p_baseline_not_available,30.0
Xizang 2025 M7.1,XZNM,5.0,10.0,pre_p_baseline_not_available,30.0
Xizang 2025 M7.1,XZNQ,5.0,10.0,pre_p_baseline_not_available,30.0
Xizang 2025 M7.1,XZRK,5.0,10.0,pre_p_baseline_not_available,20.48380984747857
Xizang 2025 M7.1,XZRT,5.0,10.0,pre_p_baseline_not_available,30.0
Xizang 2025 M7.1,XZSH,5.0,10.0,pre_p_baseline_not_available,30.0
Xizang 2025 M7.1,XZZB,5.0,10.0,pre_p_baseline_not_available,30.0
Luding 2022 M6.6,SCDA,6.0,11.0,pre_p_baseline_not_available,22.7963191187208
Luding 2022 M6.6,SCJL,6.0,11.0,pre_p_baseline_not_available,13.146371283351936
Luding 2022 M6.6,SCMB,6.0,11.0,pre_p_baseline_not_available,19.883349805786576
Luding 2022 M6.6,SCXD,6.0,11.0,pre_p_baseline_not_available,19.614738926354857
Luding 2022 M6.6,SCXJ,6.0,11.0,pre_p_baseline_not_available,18.73985084438294
Luding 2022 M6.6,SCYX,6.0,11.0,pre_p_baseline_not_available,14.933615429054356
Mandalay 2025 M7.7,SCPZ,6.0,11.0,pre_p_baseline_not_available,30.0
Mandalay 2025 M7.7,XIAG,6.0,11.0,pre_p_baseline_not_available,30.0
Mandalay 2025 M7.7,YNGM,6.0,11.0,pre_p_baseline_not_available,30.0
Mandalay 2025 M7.7,YNJD,6.0,11.0,pre_p_baseline_not_available,30.0
Mandalay 2025 M7.7,YNLA,6.0,11.0,pre_p_baseline_not_available,30.0
Mandalay 2025 M7.7,YNLC,6.0,11.0,pre_p_baseline_not_available,30.0
Mandalay 2025 M7.7,YNRL,6.0,11.0,pre_p_baseline_not_available,30.0
Mandalay 2025 M7.7,YNSD,6.0,11.0,pre_p_baseline_not_available,30.0
Mandalay 2025 M7.7,YNTH,6.0,11.0,pre_p_baseline_not_available,30.0
Mandalay 2025 M7.7,YNXP,6.0,11.0,pre_p_baseline_not_available,30.0
Mandalay 2025 M7.7,YNYA,6.0,11.0,pre_p_baseline_not_available,30.0
Mandalay 2025 M7.7,YNYL,6.0,11.0,pre_p_baseline_not_available,30.0
Xizang 2025 M7.1,LHAS,6.0,11.0,pre_p_baseline_not_available,30.0
Xizang 2025 M7.1,XZBG,6.0,11.0,pre_p_baseline_not_available,30.0
Xizang 2025 M7.1,XZDX,6.0,11.0,pre_p_baseline_not_available,30.0
Xizang 2025 M7.1,XZGE,6.0,11.0,pre_p_baseline_not_available,30.0
Xizang 2025 M7.1,XZGZ,6.0,11.0,pre_p_baseline_not_available,30.0
Xizang 2025 M7.1,XZNM,6.0,11.0,pre_p_baseline_not_available,30.0
Xizang 2025 M7.1,XZNQ,6.0,11.0,pre_p_baseline_not_available,30.0
Xizang 2025 M7.1,XZRK,6.0,11.0,pre_p_baseline_not_available,20.48380984747857
Xizang 2025 M7.1,XZRT,6.0,11.0,pre_p_baseline_not_available,30.0
Xizang 2025 M7.1,XZSH,6.0,11.0,pre_p_baseline_not_available,30.0
Xizang 2025 M7.1,XZZB,6.0,11.0,pre_p_baseline_not_available,30.0
Luding 2022 M6.6,SCDA,7.0,12.0,pre_p_baseline_not_available,22.7963191187208
Luding 2022 M6.6,SCJL,7.0,12.0,pre_p_baseline_not_available,13.146371283351936
Luding 2022 M6.6,SCMB,7.0,12.0,pre_p_baseline_not_available,19.883349805786576
Luding 2022 M6.6,SCXD,7.0,12.0,pre_p_baseline_not_available,19.614738926354857
Luding 2022 M6.6,SCXJ,7.0,12.0,pre_p_baseline_not_available,18.73985084438294
Luding 2022 M6.6,SCYX,7.0,12.0,pre_p_baseline_not_available,14.933615429054356
Mandalay 2025 M7.7,SCPZ,7.0,12.0,pre_p_baseline_not_available,30.0
Mandalay 2025 M7.7,XIAG,7.0,12.0,pre_p_baseline_not_available,30.0
Mandalay 2025 M7.7,YNGM,7.0,12.0,pre_p_baseline_not_available,30.0
Mandalay 2025 M7.7,YNJD,7.0,12.0,pre_p_baseline_not_available,30.0
Mandalay 2025 M7.7,YNLA,7.0,12.0,pre_p_baseline_not_available,30.0
Mandalay 2025 M7.7,YNLC,7.0,12.0,pre_p_baseline_not_available,30.0
Mandalay 2025 M7.7,YNRL,7.0,12.0,pre_p_baseline_not_available,30.0
Mandalay 2025 M7.7,YNSD,7.0,12.0,pre_p_baseline_not_available,30.0
Mandalay 2025 M7.7,YNTH,7.0,12.0,pre_p_baseline_not_available,30.0
Mandalay 2025 M7.7,YNXP,7.0,12.0,pre_p_baseline_not_available,30.0
Mandalay 2025 M7.7,YNYA,7.0,12.0,pre_p_baseline_not_available,30.0
Mandalay 2025 M7.7,YNYL,7.0,12.0,pre_p_baseline_not_available,30.0
Xizang 2025 M7.1,LHAS,7.0,12.0,pre_p_baseline_not_available,30.0
Xizang 2025 M7.1,XZBG,7.0,12.0,pre_p_baseline_not_available,30.0
Xizang 2025 M7.1,XZDX,7.0,12.0,pre_p_baseline_not_available,30.0
Xizang 2025 M7.1,XZGE,7.0,12.0,pre_p_baseline_not_available,30.0
Xizang 2025 M7.1,XZGZ,7.0,12.0,pre_p_baseline_not_available,30.0
Xizang 2025 M7.1,XZNM,7.0,12.0,pre_p_baseline_not_available,30.0
Xizang 2025 M7.1,XZNQ,7.0,12.0,pre_p_baseline_not_available,30.0
Xizang 2025 M7.1,XZRK,7.0,12.0,pre_p_baseline_not_available,20.48380984747857
Xizang 2025 M7.1,XZRT,7.0,12.0,pre_p_baseline_not_available,30.0
Xizang 2025 M7.1,XZSH,7.0,12.0,pre_p_baseline_not_available,30.0
Xizang 2025 M7.1,XZZB,7.0,12.0,pre_p_baseline_not_available,30.0
Luding 2022 M6.6,SCDA,8.0,13.0,pre_p_baseline_not_available,22.7963191187208
Luding 2022 M6.6,SCJL,8.0,13.0,pre_p_baseline_not_available,13.146371283351936
Luding 2022 M6.6,SCMB,8.0,13.0,pre_p_baseline_not_available,19.883349805786576
Luding 2022 M6.6,SCXD,8.0,13.0,pre_p_baseline_not_available,19.614738926354857
Luding 2022 M6.6,SCXJ,8.0,13.0,pre_p_baseline_not_available,18.73985084438294
Luding 2022 M6.6,SCYX,8.0,13.0,pre_p_baseline_not_available,14.933615429054356
Mandalay 2025 M7.7,SCPZ,8.0,13.0,pre_p_baseline_not_available,30.0
Mandalay 2025 M7.7,XIAG,8.0,13.0,pre_p_baseline_not_available,30.0
Mandalay 2025 M7.7,YNGM,8.0,13.0,pre_p_baseline_not_available,30.0
Mandalay 2025 M7.7,YNJD,8.0,13.0,pre_p_baseline_not_available,30.0
Mandalay 2025 M7.7,YNLA,8.0,13.0,pre_p_baseline_not_available,30.0
Mandalay 2025 M7.7,YNLC,8.0,13.0,pre_p_baseline_not_available,30.0
Mandalay 2025 M7.7,YNRL,8.0,13.0,pre_p_baseline_not_available,30.0
Mandalay 2025 M7.7,YNSD,8.0,13.0,pre_p_baseline_not_available,30.0
Mandalay 2025 M7.7,YNTH,8.0,13.0,pre_p_baseline_not_available,30.0
Mandalay 2025 M7.7,YNXP,8.0,13.0,pre_p_baseline_not_available,30.0
Mandalay 2025 M7.7,YNYA,8.0,13.0,pre_p_baseline_not_available,30.0
Mandalay 2025 M7.7,YNYL,8.0,13.0,pre_p_baseline_not_available,30.0
Xizang 2025 M7.1,LHAS,8.0,13.0,pre_p_baseline_not_available,30.0
Xizang 2025 M7.1,XZBG,8.0,13.0,pre_p_baseline_not_available,30.0
Xizang 2025 M7.1,XZDX,8.0,13.0,pre_p_baseline_not_available,30.0
Xizang 2025 M7.1,XZGE,8.0,13.0,pre_p_baseline_not_available,30.0
Xizang 2025 M7.1,XZGZ,8.0,13.0,pre_p_baseline_not_available,30.0
Xizang 2025 M7.1,XZNM,8.0,13.0,pre_p_baseline_not_available,30.0
Xizang 2025 M7.1,XZNQ,8.0,13.0,pre_p_baseline_not_available,30.0
Xizang 2025 M7.1,XZRK,8.0,13.0,pre_p_baseline_not_available,20.48380984747857
Xizang 2025 M7.1,XZRT,8.0,13.0,pre_p_baseline_not_available,30.0
Xizang 2025 M7.1,XZSH,8.0,13.0,pre_p_baseline_not_available,30.0
Xizang 2025 M7.1,XZZB,8.0,13.0,pre_p_baseline_not_available,30.0
Luding 2022 M6.6,SCDA,9.0,14.0,pre_p_baseline_not_available,22.7963191187208
Luding 2022 M6.6,SCMB,9.0,14.0,pre_p_baseline_not_available,19.883349805786576
Luding 2022 M6.6,SCXD,9.0,14.0,pre_p_baseline_not_available,19.614738926354857
Luding 2022 M6.6,SCXJ,9.0,14.0,pre_p_baseline_not_available,18.73985084438294
Luding 2022 M6.6,SCYX,9.0,14.0,pre_p_baseline_not_available,14.933615429054356
Mandalay 2025 M7.7,SCPZ,9.0,14.0,pre_p_baseline_not_available,30.0
Mandalay 2025 M7.7,XIAG,9.0,14.0,pre_p_baseline_not_available,30.0
Mandalay 2025 M7.7,YNGM,9.0,14.0,pre_p_baseline_not_available,30.0
Mandalay 2025 M7.7,YNJD,9.0,14.0,pre_p_baseline_not_available,30.0
Mandalay 2025 M7.7,YNLA,9.0,14.0,pre_p_baseline_not_available,30.0
Mandalay 2025 M7.7,YNLC,9.0,14.0,pre_p_baseline_not_available,30.0
Mandalay 2025 M7.7,YNRL,9.0,14.0,pre_p_baseline_not_available,30.0
Mandalay 2025 M7.7,YNSD,9.0,14.0,pre_p_baseline_not_available,30.0
Mandalay 2025 M7.7,YNTH,9.0,14.0,pre_p_baseline_not_available,30.0
Mandalay 2025 M7.7,YNXP,9.0,14.0,pre_p_baseline_not_available,30.0
Mandalay 2025 M7.7,YNYA,9.0,14.0,pre_p_baseline_not_available,30.0
Mandalay 2025 M7.7,YNYL,9.0,14.0,pre_p_baseline_not_available,30.0
Xizang 2025 M7.1,LHAS,9.0,14.0,pre_p_baseline_not_available,30.0
Xizang 2025 M7.1,XZBG,9.0,14.0,pre_p_baseline_not_available,30.0
Xizang 2025 M7.1,XZDX,9.0,14.0,pre_p_baseline_not_available,30.0
Xizang 2025 M7.1,XZGE,9.0,14.0,pre_p_baseline_not_available,30.0
Xizang 2025 M7.1,XZGZ,9.0,14.0,pre_p_baseline_not_available,30.0
Xizang 2025 M7.1,XZNM,9.0,14.0,pre_p_baseline_not_available,30.0
Xizang 2025 M7.1,XZNQ,9.0,14.0,pre_p_baseline_not_available,30.0
Xizang 2025 M7.1,XZRK,9.0,14.0,pre_p_baseline_not_available,20.48380984747857
Xizang 2025 M7.1,XZRT,9.0,14.0,pre_p_baseline_not_available,30.0
Xizang 2025 M7.1,XZSH,9.0,14.0,pre_p_baseline_not_available,30.0
Xizang 2025 M7.1,XZZB,9.0,14.0,pre_p_baseline_not_available,30.0
Luding 2022 M6.6,SCDA,10.0,15.0,pre_p_baseline_not_available,22.7963191187208
Luding 2022 M6.6,SCMB,10.0,15.0,pre_p_baseline_not_available,19.883349805786576
Luding 2022 M6.6,SCXD,10.0,15.0,pre_p_baseline_not_available,19.614738926354857
Luding 2022 M6.6,SCXJ,10.0,15.0,pre_p_baseline_not_available,18.73985084438294
Mandalay 2025 M7.7,SCPZ,10.0,15.0,pre_p_baseline_not_available,30.0
Mandalay 2025 M7.7,XIAG,10.0,15.0,pre_p_baseline_not_available,30.0
Mandalay 2025 M7.7,YNGM,10.0,15.0,pre_p_baseline_not_available,30.0
Mandalay 2025 M7.7,YNJD,10.0,15.0,pre_p_baseline_not_available,30.0
Mandalay 2025 M7.7,YNLA,10.0,15.0,pre_p_baseline_not_available,30.0
Mandalay 2025 M7.7,YNLC,10.0,15.0,pre_p_baseline_not_available,30.0
Mandalay 2025 M7.7,YNRL,10.0,15.0,pre_p_baseline_not_available,30.0
Mandalay 2025 M7.7,YNSD,10.0,15.0,pre_p_baseline_not_available,30.0
Mandalay 2025 M7.7,YNTH,10.0,15.0,pre_p_baseline_not_available,30.0
Mandalay 2025 M7.7,YNXP,10.0,15.0,pre_p_baseline_not_available,30.0
Mandalay 2025 M7.7,YNYA,10.0,15.0,pre_p_baseline_not_available,30.0
Mandalay 2025 M7.7,YNYL,10.0,15.0,pre_p_baseline_not_available,30.0
Xizang 2025 M7.1,LHAS,10.0,15.0,pre_p_baseline_not_available,30.0
Xizang 2025 M7.1,XZBG,10.0,15.0,pre_p_baseline_not_available,30.0
Xizang 2025 M7.1,XZDX,10.0,15.0,pre_p_baseline_not_available,30.0
Xizang 2025 M7.1,XZGE,10.0,15.0,pre_p_baseline_not_available,30.0
Xizang 2025 M7.1,XZGZ,10.0,15.0,pre_p_baseline_not_available,30.0
Xizang 2025 M7.1,XZNM,10.0,15.0,pre_p_baseline_not_available,30.0
Xizang 2025 M7.1,XZNQ,10.0,15.0,pre_p_baseline_not_available,30.0
Xizang 2025 M7.1,XZRK,10.0,15.0,pre_p_baseline_not_available,20.48380984747857
Xizang 2025 M7.1,XZRT,10.0,15.0,pre_p_baseline_not_available,30.0
Xizang 2025 M7.1,XZSH,10.0,15.0,pre_p_baseline_not_available,30.0
Xizang 2025 M7.1,XZZB,10.0,15.0,pre_p_baseline_not_available,30.0
Luding 2022 M6.6,SCDA,11.0,16.0,pre_p_baseline_not_available,22.7963191187208
Luding 2022 M6.6,SCMB,11.0,16.0,pre_p_baseline_not_available,19.883349805786576
Luding 2022 M6.6,SCXD,11.0,16.0,pre_p_baseline_not_available,19.614738926354857
Luding 2022 M6.6,SCXJ,11.0,16.0,pre_p_baseline_not_available,18.73985084438294
Mandalay 2025 M7.7,SCPZ,11.0,16.0,pre_p_baseline_not_available,30.0
Mandalay 2025 M7.7,XIAG,11.0,16.0,pre_p_baseline_not_available,30.0
Mandalay 2025 M7.7,YNGM,11.0,16.0,pre_p_baseline_not_available,30.0
Mandalay 2025 M7.7,YNJD,11.0,16.0,pre_p_baseline_not_available,30.0
Mandalay 2025 M7.7,YNLA,11.0,16.0,pre_p_baseline_not_available,30.0
Mandalay 2025 M7.7,YNLC,11.0,16.0,pre_p_baseline_not_available,30.0
Mandalay 2025 M7.7,YNRL,11.0,16.0,pre_p_baseline_not_available,30.0
Mandalay 2025 M7.7,YNSD,11.0,16.0,pre_p_baseline_not_available,30.0
Mandalay 2025 M7.7,YNTH,11.0,16.0,pre_p_baseline_not_available,30.0
Mandalay 2025 M7.7,YNXP,11.0,16.0,pre_p_baseline_not_available,30.0
Mandalay 2025 M7.7,YNYA,11.0,16.0,pre_p_baseline_not_available,30.0
Mandalay 2025 M7.7,YNYL,11.0,16.0,pre_p_baseline_not_available,30.0
Xizang 2025 M7.1,LHAS,11.0,16.0,pre_p_baseline_not_available,30.0
Xizang 2025 M7.1,XZBG,11.0,16.0,pre_p_baseline_not_available,30.0
Xizang 2025 M7.1,XZDX,11.0,16.0,pre_p_baseline_not_available,30.0
Xizang 2025 M7.1,XZGE,11.0,16.0,pre_p_baseline_not_available,30.0
Xizang 2025 M7.1,XZGZ,11.0,16.0,pre_p_baseline_not_available,30.0
Xizang 2025 M7.1,XZNM,11.0,16.0,pre_p_baseline_not_available,30.0
Xizang 2025 M7.1,XZNQ,11.0,16.0,pre_p_baseline_not_available,30.0
Xizang 2025 M7.1,XZRK,11.0,16.0,pre_p_baseline_not_available,20.48380984747857
Xizang 2025 M7.1,XZRT,11.0,16.0,pre_p_baseline_not_available,30.0
Xizang 2025 M7.1,XZSH,11.0,16.0,pre_p_baseline_not_available,30.0
Xizang 2025 M7.1,XZZB,11.0,16.0,pre_p_baseline_not_available,30.0
Luding 2022 M6.6,SCDA,12.0,17.0,pre_p_baseline_not_available,22.7963191187208
Luding 2022 M6.6,SCMB,12.0,17.0,pre_p_baseline_not_available,19.883349805786576
Luding 2022 M6.6,SCXD,12.0,17.0,pre_p_baseline_not_available,19.614738926354857
Luding 2022 M6.6,SCXJ,12.0,17.0,pre_p_baseline_not_available,18.73985084438294
Mandalay 2025 M7.7,SCPZ,12.0,17.0,pre_p_baseline_not_available,30.0
Mandalay 2025 M7.7,XIAG,12.0,17.0,pre_p_baseline_not_available,30.0
Mandalay 2025 M7.7,YNGM,12.0,17.0,pre_p_baseline_not_available,30.0
Mandalay 2025 M7.7,YNJD,12.0,17.0,pre_p_baseline_not_available,30.0
Mandalay 2025 M7.7,YNLA,12.0,17.0,pre_p_baseline_not_available,30.0
Mandalay 2025 M7.7,YNLC,12.0,17.0,pre_p_baseline_not_available,30.0
Mandalay 2025 M7.7,YNRL,12.0,17.0,pre_p_baseline_not_available,30.0
Mandalay 2025 M7.7,YNSD,12.0,17.0,pre_p_baseline_not_available,30.0
Mandalay 2025 M7.7,YNTH,12.0,17.0,pre_p_baseline_not_available,30.0
Mandalay 2025 M7.7,YNXP,12.0,17.0,pre_p_baseline_not_available,30.0
Mandalay 2025 M7.7,YNYA,12.0,17.0,pre_p_baseline_not_available,30.0
Mandalay 2025 M7.7,YNYL,12.0,17.0,pre_p_baseline_not_available,30.0
Xizang 2025 M7.1,LHAS,12.0,17.0,pre_p_baseline_not_available,30.0
Xizang 2025 M7.1,XZBG,12.0,17.0,pre_p_baseline_not_available,30.0
Xizang 2025 M7.1,XZDX,12.0,17.0,pre_p_baseline_not_available,30.0
Xizang 2025 M7.1,XZGE,12.0,17.0,pre_p_baseline_not_available,30.0
Xizang 2025 M7.1,XZGZ,12.0,17.0,pre_p_baseline_not_available,30.0
Xizang 2025 M7.1,XZNM,12.0,17.0,pre_p_baseline_not_available,30.0
Xizang 2025 M7.1,XZNQ,12.0,17.0,pre_p_baseline_not_available,30.0
Xizang 2025 M7.1,XZRK,12.0,17.0,pre_p_baseline_not_available,20.48380984747857
Xizang 2025 M7.1,XZRT,12.0,17.0,pre_p_baseline_not_available,30.0
Xizang 2025 M7.1,XZSH,12.0,17.0,pre_p_baseline_not_available,30.0
Xizang 2025 M7.1,XZZB,12.0,17.0,pre_p_baseline_not_available,30.0
Luding 2022 M6.6,SCDA,13.0,18.0,pre_p_baseline_not_available,22.7963191187208
Luding 2022 M6.6,SCMB,13.0,18.0,pre_p_baseline_not_available,19.883349805786576
Luding 2022 M6.6,SCXD,13.0,18.0,pre_p_baseline_not_available,19.614738926354857
Luding 2022 M6.6,SCXJ,13.0,18.0,pre_p_baseline_not_available,18.73985084438294
Mandalay 2025 M7.7,SCPZ,13.0,18.0,pre_p_baseline_not_available,30.0
Mandalay 2025 M7.7,XIAG,13.0,18.0,pre_p_baseline_not_available,30.0
Mandalay 2025 M7.7,YNGM,13.0,18.0,pre_p_baseline_not_available,30.0
Mandalay 2025 M7.7,YNJD,13.0,18.0,pre_p_baseline_not_available,30.0
Mandalay 2025 M7.7,YNLA,13.0,18.0,pre_p_baseline_not_available,30.0
Mandalay 2025 M7.7,YNLC,13.0,18.0,pre_p_baseline_not_available,30.0
Mandalay 2025 M7.7,YNRL,13.0,18.0,pre_p_baseline_not_available,30.0
Mandalay 2025 M7.7,YNSD,13.0,18.0,pre_p_baseline_not_available,30.0
Mandalay 2025 M7.7,YNTH,13.0,18.0,pre_p_baseline_not_available,30.0
Mandalay 2025 M7.7,YNXP,13.0,18.0,pre_p_baseline_not_available,30.0
Mandalay 2025 M7.7,YNYA,13.0,18.0,pre_p_baseline_not_available,30.0
Mandalay 2025 M7.7,YNYL,13.0,18.0,pre_p_baseline_not_available,30.0
Xizang 2025 M7.1,LHAS,13.0,18.0,pre_p_baseline_not_available,30.0
Xizang 2025 M7.1,XZBG,13.0,18.0,pre_p_baseline_not_available,30.0
Xizang 2025 M7.1,XZDX,13.0,18.0,pre_p_baseline_not_available,30.0
Xizang 2025 M7.1,XZGE,13.0,18.0,pre_p_baseline_not_available,30.0
Xizang 2025 M7.1,XZGZ,13.0,18.0,pre_p_baseline_not_available,30.0
Xizang 2025 M7.1,XZNM,13.0,18.0,pre_p_baseline_not_available,30.0
Xizang 2025 M7.1,XZNQ,13.0,18.0,pre_p_baseline_not_available,30.0
Xizang 2025 M7.1,XZRK,13.0,18.0,pre_p_baseline_not_available,20.48380984747857
Xizang 2025 M7.1,XZRT,13.0,18.0,pre_p_baseline_not_available,30.0
Xizang 2025 M7.1,XZSH,13.0,18.0,pre_p_baseline_not_available,30.0
Xizang 2025 M7.1,XZZB,13.0,18.0,pre_p_baseline_not_available,30.0
Luding 2022 M6.6,SCDA,14.0,19.0,pre_p_baseline_not_available,22.7963191187208
Luding 2022 M6.6,SCMB,14.0,19.0,pre_p_baseline_not_available,19.883349805786576
Luding 2022 M6.6,SCXD,14.0,19.0,pre_p_baseline_not_available,19.614738926354857
Mandalay 2025 M7.7,SCPZ,14.0,19.0,pre_p_baseline_not_available,30.0
Mandalay 2025 M7.7,XIAG,14.0,19.0,pre_p_baseline_not_available,30.0
Mandalay 2025 M7.7,YNGM,14.0,19.0,pre_p_baseline_not_available,30.0
Mandalay 2025 M7.7,YNJD,14.0,19.0,pre_p_baseline_not_available,30.0
Mandalay 2025 M7.7,YNLA,14.0,19.0,pre_p_baseline_not_available,30.0
Mandalay 2025 M7.7,YNLC,14.0,19.0,pre_p_baseline_not_available,30.0
Mandalay 2025 M7.7,YNRL,14.0,19.0,pre_p_baseline_not_available,30.0
Mandalay 2025 M7.7,YNSD,14.0,19.0,pre_p_baseline_not_available,30.0
Mandalay 2025 M7.7,YNTH,14.0,19.0,pre_p_baseline_not_available,30.0
Mandalay 2025 M7.7,YNXP,14.0,19.0,pre_p_baseline_not_available,30.0
Mandalay 2025 M7.7,YNYA,14.0,19.0,pre_p_baseline_not_available,30.0
Mandalay 2025 M7.7,YNYL,14.0,19.0,pre_p_baseline_not_available,30.0
Xizang 2025 M7.1,LHAS,14.0,19.0,pre_p_baseline_not_available,30.0
Xizang 2025 M7.1,XZBG,14.0,19.0,pre_p_baseline_not_available,30.0
Xizang 2025 M7.1,XZDX,14.0,19.0,pre_p_baseline_not_available,30.0
Xizang 2025 M7.1,XZGE,14.0,19.0,pre_p_baseline_not_available,30.0
Xizang 2025 M7.1,XZGZ,14.0,19.0,pre_p_baseline_not_available,30.0
Xizang 2025 M7.1,XZNM,14.0,19.0,pre_p_baseline_not_available,30.0
Xizang 2025 M7.1,XZNQ,14.0,19.0,pre_p_baseline_not_available,30.0
Xizang 2025 M7.1,XZRK,14.0,19.0,pre_p_baseline_not_available,20.48380984747857
Xizang 2025 M7.1,XZRT,14.0,19.0,pre_p_baseline_not_available,30.0
Xizang 2025 M7.1,XZSH,14.0,19.0,pre_p_baseline_not_available,30.0
Xizang 2025 M7.1,XZZB,14.0,19.0,pre_p_baseline_not_available,30.0
Luding 2022 M6.6,SCDA,15.0,20.0,pre_p_baseline_not_available,22.7963191187208
Mandalay 2025 M7.7,SCPZ,15.0,20.0,pre_p_baseline_not_available,30.0
Mandalay 2025 M7.7,XIAG,15.0,20.0,pre_p_baseline_not_available,30.0
Mandalay 2025 M7.7,YNGM,15.0,20.0,pre_p_baseline_not_available,30.0
Mandalay 2025 M7.7,YNJD,15.0,20.0,pre_p_baseline_not_available,30.0
Mandalay 2025 M7.7,YNLA,15.0,20.0,pre_p_baseline_not_available,30.0
Mandalay 2025 M7.7,YNLC,15.0,20.0,pre_p_baseline_not_available,30.0
Mandalay 2025 M7.7,YNRL,15.0,20.0,pre_p_baseline_not_available,30.0
Mandalay 2025 M7.7,YNSD,15.0,20.0,pre_p_baseline_not_available,30.0
Mandalay 2025 M7.7,YNTH,15.0,20.0,pre_p_baseline_not_available,30.0
Mandalay 2025 M7.7,YNXP,15.0,20.0,pre_p_baseline_not_available,30.0
Mandalay 2025 M7.7,YNYA,15.0,20.0,pre_p_baseline_not_available,30.0
Mandalay 2025 M7.7,YNYL,15.0,20.0,pre_p_baseline_not_available,30.0
Xizang 2025 M7.1,LHAS,15.0,20.0,pre_p_baseline_not_available,30.0
Xizang 2025 M7.1,XZBG,15.0,20.0,pre_p_baseline_not_available,30.0
Xizang 2025 M7.1,XZDX,15.0,20.0,pre_p_baseline_not_available,30.0
Xizang 2025 M7.1,XZGE,15.0,20.0,pre_p_baseline_not_available,30.0
Xizang 2025 M7.1,XZGZ,15.0,20.0,pre_p_baseline_not_available,30.0
Xizang 2025 M7.1,XZNM,15.0,20.0,pre_p_baseline_not_available,30.0
Xizang 2025 M7.1,XZNQ,15.0,20.0,pre_p_baseline_not_available,30.0
Xizang 2025 M7.1,XZRK,15.0,20.0,pre_p_baseline_not_available,20.48380984747857
Xizang 2025 M7.1,XZRT,15.0,20.0,pre_p_baseline_not_available,30.0
Xizang 2025 M7.1,XZSH,15.0,20.0,pre_p_baseline_not_available,30.0
Xizang 2025 M7.1,XZZB,15.0,20.0,pre_p_baseline_not_available,30.0
Luding 2022 M6.6,SCDA,16.0,21.0,pre_p_baseline_not_available,22.7963191187208
Mandalay 2025 M7.7,SCPZ,16.0,21.0,pre_p_baseline_not_available,30.0
Mandalay 2025 M7.7,XIAG,16.0,21.0,pre_p_baseline_not_available,30.0
Mandalay 2025 M7.7,YNGM,16.0,21.0,pre_p_baseline_not_available,30.0
Mandalay 2025 M7.7,YNJD,16.0,21.0,pre_p_baseline_not_available,30.0
Mandalay 2025 M7.7,YNLA,16.0,21.0,pre_p_baseline_not_available,30.0
Mandalay 2025 M7.7,YNLC,16.0,21.0,pre_p_baseline_not_available,30.0
Mandalay 2025 M7.7,YNRL,16.0,21.0,pre_p_baseline_not_available,30.0
Mandalay 2025 M7.7,YNSD,16.0,21.0,pre_p_baseline_not_available,30.0
Mandalay 2025 M7.7,YNTH,16.0,21.0,pre_p_baseline_not_available,30.0
Mandalay 2025 M7.7,YNXP,16.0,21.0,pre_p_baseline_not_available,30.0
Mandalay 2025 M7.7,YNYA,16.0,21.0,pre_p_baseline_not_available,30.0
Mandalay 2025 M7.7,YNYL,16.0,21.0,pre_p_baseline_not_available,30.0
Xizang 2025 M7.1,LHAS,16.0,21.0,pre_p_baseline_not_available,30.0
Xizang 2025 M7.1,XZBG,16.0,21.0,pre_p_baseline_not_available,30.0
Xizang 2025 M7.1,XZDX,16.0,21.0,pre_p_baseline_not_available,30.0
Xizang 2025 M7.1,XZGE,16.0,21.0,pre_p_baseline_not_available,30.0
Xizang 2025 M7.1,XZGZ,16.0,21.0,pre_p_baseline_not_available,30.0
Xizang 2025 M7.1,XZNM,16.0,21.0,pre_p_baseline_not_available,30.0
Xizang 2025 M7.1,XZNQ,16.0,21.0,pre_p_baseline_not_available,30.0
Xizang 2025 M7.1,XZRT,16.0,21.0,pre_p_baseline_not_available,30.0
Xizang 2025 M7.1,XZSH,16.0,21.0,pre_p_baseline_not_available,30.0
Xizang 2025 M7.1,XZZB,16.0,21.0,pre_p_baseline_not_available,30.0
Luding 2022 M6.6,SCDA,17.0,22.0,pre_p_baseline_not_available,22.7963191187208
Mandalay 2025 M7.7,SCPZ,17.0,22.0,pre_p_baseline_not_available,30.0
Mandalay 2025 M7.7,XIAG,17.0,22.0,pre_p_baseline_not_available,30.0
Mandalay 2025 M7.7,YNGM,17.0,22.0,pre_p_baseline_not_available,30.0
Mandalay 2025 M7.7,YNJD,17.0,22.0,pre_p_baseline_not_available,30.0
Mandalay 2025 M7.7,YNLA,17.0,22.0,pre_p_baseline_not_available,30.0
Mandalay 2025 M7.7,YNLC,17.0,22.0,pre_p_baseline_not_available,30.0
Mandalay 2025 M7.7,YNRL,17.0,22.0,pre_p_baseline_not_available,30.0
Mandalay 2025 M7.7,YNSD,17.0,22.0,pre_p_baseline_not_available,30.0
Mandalay 2025 M7.7,YNTH,17.0,22.0,pre_p_baseline_not_available,30.0
Mandalay 2025 M7.7,YNXP,17.0,22.0,pre_p_baseline_not_available,30.0
Mandalay 2025 M7.7,YNYA,17.0,22.0,pre_p_baseline_not_available,30.0
Mandalay 2025 M7.7,YNYL,17.0,22.0,pre_p_baseline_not_available,30.0
Xizang 2025 M7.1,LHAS,17.0,22.0,pre_p_baseline_not_available,30.0
Xizang 2025 M7.1,XZBG,17.0,22.0,pre_p_baseline_not_available,30.0
Xizang 2025 M7.1,XZDX,17.0,22.0,pre_p_baseline_not_available,30.0
Xizang 2025 M7.1,XZGE,17.0,22.0,pre_p_baseline_not_available,30.0
Xizang 2025 M7.1,XZGZ,17.0,22.0,pre_p_baseline_not_available,30.0
Xizang 2025 M7.1,XZNM,17.0,22.0,pre_p_baseline_not_available,30.0
Xizang 2025 M7.1,XZNQ,17.0,22.0,pre_p_baseline_not_available,30.0
Xizang 2025 M7.1,XZRT,17.0,22.0,pre_p_baseline_not_available,30.0
Xizang 2025 M7.1,XZSH,17.0,22.0,pre_p_baseline_not_available,30.0
Xizang 2025 M7.1,XZZB,17.0,22.0,pre_p_baseline_not_available,30.0
Mandalay 2025 M7.7,SCPZ,18.0,23.0,pre_p_baseline_not_available,30.0
Mandalay 2025 M7.7,XIAG,18.0,23.0,pre_p_baseline_not_available,30.0
Mandalay 2025 M7.7,YNGM,18.0,23.0,pre_p_baseline_not_available,30.0
Mandalay 2025 M7.7,YNJD,18.0,23.0,pre_p_baseline_not_available,30.0
Mandalay 2025 M7.7,YNLA,18.0,23.0,pre_p_baseline_not_available,30.0
Mandalay 2025 M7.7,YNLC,18.0,23.0,pre_p_baseline_not_available,30.0
Mandalay 2025 M7.7,YNRL,18.0,23.0,pre_p_baseline_not_available,30.0
Mandalay 2025 M7.7,YNSD,18.0,23.0,pre_p_baseline_not_available,30.0
Mandalay 2025 M7.7,YNTH,18.0,23.0,pre_p_baseline_not_available,30.0
Mandalay 2025 M7.7,YNXP,18.0,23.0,pre_p_baseline_not_available,30.0
Mandalay 2025 M7.7,YNYA,18.0,23.0,pre_p_baseline_not_available,30.0
Mandalay 2025 M7.7,YNYL,18.0,23.0,pre_p_baseline_not_available,30.0
Xizang 2025 M7.1,LHAS,18.0,23.0,pre_p_baseline_not_available,30.0
Xizang 2025 M7.1,XZBG,18.0,23.0,pre_p_baseline_not_available,30.0
Xizang 2025 M7.1,XZDX,18.0,23.0,pre_p_baseline_not_available,30.0
Xizang 2025 M7.1,XZGE,18.0,23.0,pre_p_baseline_not_available,30.0
Xizang 2025 M7.1,XZGZ,18.0,23.0,pre_p_baseline_not_available,30.0
Xizang 2025 M7.1,XZNM,18.0,23.0,pre_p_baseline_not_available,30.0
Xizang 2025 M7.1,XZNQ,18.0,23.0,pre_p_baseline_not_available,30.0
Xizang 2025 M7.1,XZRT,18.0,23.0,pre_p_baseline_not_available,30.0
Xizang 2025 M7.1,XZSH,18.0,23.0,pre_p_baseline_not_available,30.0
Xizang 2025 M7.1,XZZB,18.0,23.0,pre_p_baseline_not_available,30.0
Mandalay 2025 M7.7,SCPZ,19.0,24.0,pre_p_baseline_not_available,30.0
Mandalay 2025 M7.7,XIAG,19.0,24.0,pre_p_baseline_not_available,30.0
Mandalay 2025 M7.7,YNGM,19.0,24.0,pre_p_baseline_not_available,30.0
Mandalay 2025 M7.7,YNJD,19.0,24.0,pre_p_baseline_not_available,30.0
Mandalay 2025 M7.7,YNLA,19.0,24.0,pre_p_baseline_not_available,30.0
Mandalay 2025 M7.7,YNLC,19.0,24.0,pre_p_baseline_not_available,30.0
Mandalay 2025 M7.7,YNRL,19.0,24.0,pre_p_baseline_not_available,30.0
Mandalay 2025 M7.7,YNSD,19.0,24.0,pre_p_baseline_not_available,30.0
Mandalay 2025 M7.7,YNTH,19.0,24.0,pre_p_baseline_not_available,30.0
Mandalay 2025 M7.7,YNXP,19.0,24.0,pre_p_baseline_not_available,30.0
Mandalay 2025 M7.7,YNYA,19.0,24.0,pre_p_baseline_not_available,30.0
Mandalay 2025 M7.7,YNYL,19.0,24.0,pre_p_baseline_not_available,30.0
Xizang 2025 M7.1,LHAS,19.0,24.0,pre_p_baseline_not_available,30.0
Xizang 2025 M7.1,XZBG,19.0,24.0,pre_p_baseline_not_available,30.0
Xizang 2025 M7.1,XZDX,19.0,24.0,pre_p_baseline_not_available,30.0
Xizang 2025 M7.1,XZGE,19.0,24.0,pre_p_baseline_not_available,30.0
Xizang 2025 M7.1,XZGZ,19.0,24.0,pre_p_baseline_not_available,30.0
Xizang 2025 M7.1,XZNM,19.0,24.0,pre_p_baseline_not_available,30.0
Xizang 2025 M7.1,XZNQ,19.0,24.0,pre_p_baseline_not_available,30.0
Xizang 2025 M7.1,XZRT,19.0,24.0,pre_p_baseline_not_available,30.0
Xizang 2025 M7.1,XZSH,19.0,24.0,pre_p_baseline_not_available,30.0
Xizang 2025 M7.1,XZZB,19.0,24.0,pre_p_baseline_not_available,30.0
Mandalay 2025 M7.7,SCPZ,20.0,25.0,pre_p_baseline_not_available,30.0
Mandalay 2025 M7.7,XIAG,20.0,25.0,pre_p_baseline_not_available,30.0
Mandalay 2025 M7.7,YNGM,20.0,25.0,pre_p_baseline_not_available,30.0
Mandalay 2025 M7.7,YNJD,20.0,25.0,pre_p_baseline_not_available,30.0
Mandalay 2025 M7.7,YNLA,20.0,25.0,pre_p_baseline_not_available,30.0
Mandalay 2025 M7.7,YNLC,20.0,25.0,pre_p_baseline_not_available,30.0
Mandalay 2025 M7.7,YNRL,20.0,25.0,pre_p_baseline_not_available,30.0
Mandalay 2025 M7.7,YNSD,20.0,25.0,pre_p_baseline_not_available,30.0
Mandalay 2025 M7.7,YNTH,20.0,25.0,pre_p_baseline_not_available,30.0
Mandalay 2025 M7.7,YNXP,20.0,25.0,pre_p_baseline_not_available,30.0
Mandalay 2025 M7.7,YNYA,20.0,25.0,pre_p_baseline_not_available,30.0
Mandalay 2025 M7.7,YNYL,20.0,25.0,pre_p_baseline_not_available,30.0
Xizang 2025 M7.1,LHAS,20.0,25.0,pre_p_baseline_not_available,30.0
Xizang 2025 M7.1,XZBG,20.0,25.0,pre_p_baseline_not_available,30.0
Xizang 2025 M7.1,XZDX,20.0,25.0,pre_p_baseline_not_available,30.0
Xizang 2025 M7.1,XZGE,20.0,25.0,pre_p_baseline_not_available,30.0
Xizang 2025 M7.1,XZGZ,20.0,25.0,pre_p_baseline_not_available,30.0
Xizang 2025 M7.1,XZNM,20.0,25.0,pre_p_baseline_not_available,30.0
Xizang 2025 M7.1,XZNQ,20.0,25.0,pre_p_baseline_not_available,30.0
Xizang 2025 M7.1,XZRT,20.0,25.0,pre_p_baseline_not_available,30.0
Xizang 2025 M7.1,XZSH,20.0,25.0,pre_p_baseline_not_available,30.0
Xizang 2025 M7.1,XZZB,20.0,25.0,pre_p_baseline_not_available,30.0
Mandalay 2025 M7.7,SCPZ,21.0,26.0,pre_p_baseline_not_available,30.0
Mandalay 2025 M7.7,XIAG,21.0,26.0,pre_p_baseline_not_available,30.0
Mandalay 2025 M7.7,YNGM,21.0,26.0,pre_p_baseline_not_available,30.0
Mandalay 2025 M7.7,YNJD,21.0,26.0,pre_p_baseline_not_available,30.0
Mandalay 2025 M7.7,YNLA,21.0,26.0,pre_p_baseline_not_available,30.0
Mandalay 2025 M7.7,YNLC,21.0,26.0,pre_p_baseline_not_available,30.0
Mandalay 2025 M7.7,YNRL,21.0,26.0,pre_p_baseline_not_available,30.0
Mandalay 2025 M7.7,YNSD,21.0,26.0,pre_p_baseline_not_available,30.0
Mandalay 2025 M7.7,YNTH,21.0,26.0,pre_p_baseline_not_available,30.0
Mandalay 2025 M7.7,YNXP,21.0,26.0,pre_p_baseline_not_available,30.0
Mandalay 2025 M7.7,YNYA,21.0,26.0,pre_p_baseline_not_available,30.0
Mandalay 2025 M7.7,YNYL,21.0,26.0,pre_p_baseline_not_available,30.0
Xizang 2025 M7.1,LHAS,21.0,26.0,pre_p_baseline_not_available,30.0
Xizang 2025 M7.1,XZBG,21.0,26.0,pre_p_baseline_not_available,30.0
Xizang 2025 M7.1,XZDX,21.0,26.0,pre_p_baseline_not_available,30.0
Xizang 2025 M7.1,XZGE,21.0,26.0,pre_p_baseline_not_available,30.0
Xizang 2025 M7.1,XZGZ,21.0,26.0,pre_p_baseline_not_available,30.0
Xizang 2025 M7.1,XZNM,21.0,26.0,pre_p_baseline_not_available,30.0
Xizang 2025 M7.1,XZNQ,21.0,26.0,pre_p_baseline_not_available,30.0
Xizang 2025 M7.1,XZRT,21.0,26.0,pre_p_baseline_not_available,30.0
Xizang 2025 M7.1,XZSH,21.0,26.0,pre_p_baseline_not_available,30.0
Xizang 2025 M7.1,XZZB,21.0,26.0,pre_p_baseline_not_available,30.0
Mandalay 2025 M7.7,SCPZ,22.0,27.0,pre_p_baseline_not_available,30.0
Mandalay 2025 M7.7,XIAG,22.0,27.0,pre_p_baseline_not_available,30.0
Mandalay 2025 M7.7,YNGM,22.0,27.0,pre_p_baseline_not_available,30.0
Mandalay 2025 M7.7,YNJD,22.0,27.0,pre_p_baseline_not_available,30.0
Mandalay 2025 M7.7,YNLA,22.0,27.0,pre_p_baseline_not_available,30.0
Mandalay 2025 M7.7,YNLC,22.0,27.0,pre_p_baseline_not_available,30.0
Mandalay 2025 M7.7,YNRL,22.0,27.0,pre_p_baseline_not_available,30.0
Mandalay 2025 M7.7,YNSD,22.0,27.0,pre_p_baseline_not_available,30.0
Mandalay 2025 M7.7,YNTH,22.0,27.0,pre_p_baseline_not_available,30.0
Mandalay 2025 M7.7,YNXP,22.0,27.0,pre_p_baseline_not_available,30.0
Mandalay 2025 M7.7,YNYA,22.0,27.0,pre_p_baseline_not_available,30.0
Mandalay 2025 M7.7,YNYL,22.0,27.0,pre_p_baseline_not_available,30.0
Xizang 2025 M7.1,LHAS,22.0,27.0,pre_p_baseline_not_available,30.0
Xizang 2025 M7.1,XZBG,22.0,27.0,pre_p_baseline_not_available,30.0
Xizang 2025 M7.1,XZDX,22.0,27.0,pre_p_baseline_not_available,30.0
Xizang 2025 M7.1,XZGE,22.0,27.0,pre_p_baseline_not_available,30.0
Xizang 2025 M7.1,XZGZ,22.0,27.0,pre_p_baseline_not_available,30.0
Xizang 2025 M7.1,XZNM,22.0,27.0,pre_p_baseline_not_available,30.0
Xizang 2025 M7.1,XZNQ,22.0,27.0,pre_p_baseline_not_available,30.0
Xizang 2025 M7.1,XZRT,22.0,27.0,pre_p_baseline_not_available,30.0
Xizang 2025 M7.1,XZSH,22.0,27.0,pre_p_baseline_not_available,30.0
Xizang 2025 M7.1,XZZB,22.0,27.0,pre_p_baseline_not_available,30.0
Mandalay 2025 M7.7,SCPZ,23.0,28.0,pre_p_baseline_not_available,30.0
Mandalay 2025 M7.7,XIAG,23.0,28.0,pre_p_baseline_not_available,30.0
Mandalay 2025 M7.7,YNGM,23.0,28.0,pre_p_baseline_not_available,30.0
Mandalay 2025 M7.7,YNJD,23.0,28.0,pre_p_baseline_not_available,30.0
Mandalay 2025 M7.7,YNLA,23.0,28.0,pre_p_baseline_not_available,30.0
Mandalay 2025 M7.7,YNLC,23.0,28.0,pre_p_baseline_not_available,30.0
Mandalay 2025 M7.7,YNRL,23.0,28.0,pre_p_baseline_not_available,30.0
Mandalay 2025 M7.7,YNSD,23.0,28.0,pre_p_baseline_not_available,30.0
Mandalay 2025 M7.7,YNTH,23.0,28.0,pre_p_baseline_not_available,30.0
Mandalay 2025 M7.7,YNXP,23.0,28.0,pre_p_baseline_not_available,30.0
Mandalay 2025 M7.7,YNYA,23.0,28.0,pre_p_baseline_not_available,30.0
Mandalay 2025 M7.7,YNYL,23.0,28.0,pre_p_baseline_not_available,30.0
Xizang 2025 M7.1,LHAS,23.0,28.0,pre_p_baseline_not_available,30.0
Xizang 2025 M7.1,XZBG,23.0,28.0,pre_p_baseline_not_available,30.0
Xizang 2025 M7.1,XZDX,23.0,28.0,pre_p_baseline_not_available,30.0
Xizang 2025 M7.1,XZGE,23.0,28.0,pre_p_baseline_not_available,30.0
Xizang 2025 M7.1,XZGZ,23.0,28.0,pre_p_baseline_not_available,30.0
Xizang 2025 M7.1,XZNM,23.0,28.0,pre_p_baseline_not_available,30.0
Xizang 2025 M7.1,XZNQ,23.0,28.0,pre_p_baseline_not_available,30.0
Xizang 2025 M7.1,XZRT,23.0,28.0,pre_p_baseline_not_available,30.0
Xizang 2025 M7.1,XZSH,23.0,28.0,pre_p_baseline_not_available,30.0
Xizang 2025 M7.1,XZZB,23.0,28.0,pre_p_baseline_not_available,30.0
Mandalay 2025 M7.7,SCPZ,24.0,29.0,pre_p_baseline_not_available,30.0
Mandalay 2025 M7.7,XIAG,24.0,29.0,pre_p_baseline_not_available,30.0
Mandalay 2025 M7.7,YNGM,24.0,29.0,pre_p_baseline_not_available,30.0
Mandalay 2025 M7.7,YNJD,24.0,29.0,pre_p_baseline_not_available,30.0
Mandalay 2025 M7.7,YNLA,24.0,29.0,pre_p_baseline_not_available,30.0
Mandalay 2025 M7.7,YNLC,24.0,29.0,pre_p_baseline_not_available,30.0
Mandalay 2025 M7.7,YNRL,24.0,29.0,pre_p_baseline_not_available,30.0
Mandalay 2025 M7.7,YNSD,24.0,29.0,pre_p_baseline_not_available,30.0
Mandalay 2025 M7.7,YNTH,24.0,29.0,pre_p_baseline_not_available,30.0
Mandalay 2025 M7.7,YNXP,24.0,29.0,pre_p_baseline_not_available,30.0
Mandalay 2025 M7.7,YNYA,24.0,29.0,pre_p_baseline_not_available,30.0
Mandalay 2025 M7.7,YNYL,24.0,29.0,pre_p_baseline_not_available,30.0
Xizang 2025 M7.1,LHAS,24.0,29.0,pre_p_baseline_not_available,30.0
Xizang 2025 M7.1,XZBG,24.0,29.0,pre_p_baseline_not_available,30.0
Xizang 2025 M7.1,XZDX,24.0,29.0,pre_p_baseline_not_available,30.0
Xizang 2025 M7.1,XZGE,24.0,29.0,pre_p_baseline_not_available,30.0
Xizang 2025 M7.1,XZGZ,24.0,29.0,pre_p_baseline_not_available,30.0
Xizang 2025 M7.1,XZNM,24.0,29.0,pre_p_baseline_not_available,30.0
Xizang 2025 M7.1,XZNQ,24.0,29.0,pre_p_baseline_not_available,30.0
Xizang 2025 M7.1,XZRT,24.0,29.0,pre_p_baseline_not_available,30.0
Xizang 2025 M7.1,XZSH,24.0,29.0,pre_p_baseline_not_available,30.0
Xizang 2025 M7.1,XZZB,24.0,29.0,pre_p_baseline_not_available,30.0
