event,observation_horizon_sec,release_time_sec,mw_pred_median,mw_catalog,error,abs_error,station_count,magnitude_group
Aegean2014,20.0,25.0,6.2083258628845215,6.900000095367432,-0.6916742324829102,0.6916742324829102,1,mw_lt_7
Anchorage2018,20.0,25.0,6.941434383392334,7.099999904632568,-0.15856552124023438,0.15856552124023438,1,mw_7_to_lt_8
Chignic2021,20.0,25.0,7.04509425163269,8.199999809265137,-1.1549055576324463,1.1549055576324463,6,mw_ge_8
Ecuador2016,20.0,25.0,6.989439964294434,7.800000190734863,-0.8105602264404297,0.8105602264404297,3,mw_7_to_lt_8
ElMayor2010,20.0,25.0,6.536160945892334,7.199999809265137,-0.6638388633728027,0.6638388633728027,13,mw_7_to_lt_8
Eureka2014,20.0,25.0,6.483827114105225,6.800000190734863,-0.31617307662963867,0.31617307662963867,1,mw_lt_7
Ibaraki2011,20.0,25.0,7.022073268890381,7.900000095367432,-0.8779268264770508,0.8779268264770508,76,mw_7_to_lt_8
Illapel2015,20.0,25.0,7.0261499881744385,8.300000190734863,-1.2738502025604248,1.2738502025604248,4,mw_ge_8
Iquique2014,20.0,25.0,6.859067440032959,8.199999809265137,-1.3409323692321777,1.3409323692321777,3,mw_ge_8
Kaikoura2016,20.0,25.0,7.043206214904785,7.800000190734863,-0.7567939758300781,0.7567939758300781,4,mw_7_to_lt_8
Kilauea2018,20.0,25.0,7.382739067077637,6.900000095367432,0.4827389717102051,0.4827389717102051,2,mw_lt_7
Kumamoto2016,20.0,25.0,6.5006263256073,7.0,-0.4993736743927002,0.4993736743927002,24,mw_7_to_lt_8
Lefkada2015,20.0,25.0,6.966876029968262,6.5,0.4668760299682617,0.4668760299682617,1,mw_lt_7
Maule2010,20.0,25.0,7.062926292419434,8.800000190734863,-1.7370738983154297,1.7370738983154297,3,mw_ge_8
Melinka2016,20.0,25.0,7.2469940185546875,7.599999904632568,-0.35300588607788086,0.35300588607788086,1,mw_7_to_lt_8
Mentawai2010,20.0,25.0,6.043116569519043,7.800000190734863,-1.7568836212158203,1.7568836212158203,1,mw_7_to_lt_8
Miyagi2011A,20.0,25.0,7.035910606384277,7.300000190734863,-0.26408958435058594,0.26408958435058594,13,mw_7_to_lt_8
Miyagi2011B,20.0,25.0,7.008395195007324,7.099999904632568,-0.09160470962524414,0.09160470962524414,7,mw_7_to_lt_8
Napa2014,20.0,25.0,5.95977783203125,6.019999980926514,-0.06022214889526367,0.06022214889526367,3,mw_lt_7
Nepal2015,20.0,25.0,6.736058712005615,7.800000190734863,-1.063941478729248,1.063941478729248,1,mw_7_to_lt_8
Nicoya2012,20.0,25.0,6.729564666748047,7.599999904632568,-0.8704352378845215,0.8704352378845215,1,mw_7_to_lt_8
Noto2024,20.0,25.0,6.880588531494141,7.5,-0.6194114685058594,0.6194114685058594,56,mw_7_to_lt_8
Parkfield2004,20.0,25.0,6.0092551708221436,5.96999979019165,0.039255380630493164,0.039255380630493164,2,mw_lt_7
RatIslands2014,20.0,25.0,6.9340314865112305,7.900000095367432,-0.9659686088562012,0.9659686088562012,1,mw_7_to_lt_8
Ridgecrest2019,20.0,25.0,6.988525390625,7.099999904632568,-0.11147451400756836,0.11147451400756836,15,mw_7_to_lt_8
SandPoint2020,20.0,25.0,6.398998260498047,7.599999904632568,-1.2010016441345215,1.2010016441345215,1,mw_7_to_lt_8
Simeonof2020,20.0,25.0,7.1042585372924805,7.800000190734863,-0.6957416534423828,0.6957416534423828,3,mw_7_to_lt_8
Tehuantepec2017,20.0,25.0,7.074431419372559,8.199999809265137,-1.1255683898925781,1.1255683898925781,1,mw_ge_8
Tohoku2011,20.0,25.0,7.093745231628418,9.100000381469727,-2.0062551498413086,2.0062551498413086,103,mw_ge_8
Tokachi2003,20.0,25.0,6.251143217086792,8.15999984741211,-1.9088566303253174,1.9088566303253174,6,mw_ge_8
Aegean2014,40.0,45.0,7.052921295166016,6.900000095367432,0.15292119979858398,0.15292119979858398,1,mw_lt_7
Anchorage2018,40.0,45.0,7.247231960296631,7.099999904632568,0.1472320556640625,0.1472320556640625,1,mw_7_to_lt_8
Chignic2021,40.0,45.0,7.070381164550781,8.199999809265137,-1.1296186447143555,1.1296186447143555,6,mw_ge_8
Ecuador2016,40.0,45.0,7.889352321624756,7.800000190734863,0.08935213088989258,0.08935213088989258,3,mw_7_to_lt_8
ElMayor2010,40.0,45.0,7.070002555847168,7.199999809265137,-0.12999725341796875,0.12999725341796875,13,mw_7_to_lt_8
Eureka2014,40.0,45.0,6.366499900817871,6.800000190734863,-0.4335002899169922,0.4335002899169922,1,mw_lt_7
Ibaraki2011,40.0,45.0,7.066070795059204,7.900000095367432,-0.8339293003082275,0.8339293003082275,76,mw_7_to_lt_8
Illapel2015,40.0,45.0,7.045760631561279,8.300000190734863,-1.254239559173584,1.254239559173584,4,mw_ge_8
Iquique2014,40.0,45.0,7.047797203063965,8.199999809265137,-1.1522026062011719,1.1522026062011719,3,mw_ge_8
Kaikoura2016,40.0,45.0,7.062864303588867,7.800000190734863,-0.7371358871459961,0.7371358871459961,4,mw_7_to_lt_8
Kilauea2018,40.0,45.0,7.713394403457642,6.900000095367432,0.81339430809021,0.81339430809021,2,mw_lt_7
Kumamoto2016,40.0,45.0,6.982622146606445,7.0,-0.017377853393554688,0.017377853393554688,24,mw_7_to_lt_8
Lefkada2015,40.0,45.0,6.828826904296875,6.5,0.328826904296875,0.328826904296875,1,mw_lt_7
Maule2010,40.0,45.0,7.1009674072265625,8.800000190734863,-1.6990327835083008,1.6990327835083008,3,mw_ge_8
Melinka2016,40.0,45.0,7.7790937423706055,7.599999904632568,0.1790938377380371,0.1790938377380371,1,mw_7_to_lt_8
Mentawai2010,40.0,45.0,7.2522382736206055,7.800000190734863,-0.5477619171142578,0.5477619171142578,1,mw_7_to_lt_8
Miyagi2011A,40.0,45.0,7.070592403411865,7.300000190734863,-0.22940778732299805,0.22940778732299805,13,mw_7_to_lt_8
Miyagi2011B,40.0,45.0,7.034209251403809,7.099999904632568,-0.06579065322875977,0.06579065322875977,7,mw_7_to_lt_8
Napa2014,40.0,45.0,6.104618072509766,6.019999980926514,0.08461809158325195,0.08461809158325195,3,mw_lt_7
Nepal2015,40.0,45.0,8.212080001831055,7.800000190734863,0.4120798110961914,0.4120798110961914,1,mw_7_to_lt_8
Nicoya2012,40.0,45.0,7.569474697113037,7.599999904632568,-0.03052520751953125,0.03052520751953125,1,mw_7_to_lt_8
Noto2024,40.0,45.0,6.980954170227051,7.5,-0.5190458297729492,0.5190458297729492,56,mw_7_to_lt_8
Parkfield2004,40.0,45.0,6.001740455627441,5.96999979019165,0.031740665435791016,0.031740665435791016,2,mw_lt_7
RatIslands2014,40.0,45.0,7.141619682312012,7.900000095367432,-0.7583804130554199,0.7583804130554199,1,mw_7_to_lt_8
Ridgecrest2019,40.0,45.0,7.051610469818115,7.099999904632568,-0.048389434814453125,0.048389434814453125,15,mw_7_to_lt_8
SandPoint2020,40.0,45.0,6.1425275802612305,7.599999904632568,-1.457472324371338,1.457472324371338,1,mw_7_to_lt_8
Simeonof2020,40.0,45.0,7.102628231048584,7.800000190734863,-0.6973719596862793,0.6973719596862793,3,mw_7_to_lt_8
Tehuantepec2017,40.0,45.0,7.084498405456543,8.199999809265137,-1.1155014038085938,1.1155014038085938,1,mw_ge_8
Tohoku2011,40.0,45.0,7.103333950042725,9.100000381469727,-1.996666431427002,1.996666431427002,103,mw_ge_8
Tokachi2003,40.0,45.0,7.0816099643707275,8.15999984741211,-1.0783898830413818,1.0783898830413818,34,mw_ge_8
Aegean2014,60.0,65.0,6.947629451751709,6.900000095367432,0.047629356384277344,0.047629356384277344,1,mw_lt_7
Anchorage2018,60.0,65.0,7.314272880554199,7.099999904632568,0.21427297592163086,0.21427297592163086,1,mw_7_to_lt_8
Chignic2021,60.0,65.0,7.075372219085693,8.199999809265137,-1.1246275901794434,1.1246275901794434,6,mw_ge_8
Ecuador2016,60.0,65.0,7.934525966644287,7.800000190734863,0.13452577590942383,0.13452577590942383,3,mw_7_to_lt_8
ElMayor2010,60.0,65.0,7.125945091247559,7.199999809265137,-0.07405471801757812,0.07405471801757812,13,mw_7_to_lt_8
Eureka2014,60.0,65.0,7.063140869140625,6.800000190734863,0.2631406784057617,0.2631406784057617,1,mw_lt_7
Ibaraki2011,60.0,65.0,7.100998878479004,7.900000095367432,-0.7990012168884277,0.7990012168884277,76,mw_7_to_lt_8
Illapel2015,60.0,65.0,7.131810665130615,8.300000190734863,-1.168189525604248,1.168189525604248,4,mw_ge_8
Iquique2014,60.0,65.0,7.845437526702881,8.199999809265137,-0.35456228256225586,0.35456228256225586,3,mw_ge_8
Kaikoura2016,60.0,65.0,7.093034982681274,7.800000190734863,-0.7069652080535889,0.7069652080535889,4,mw_7_to_lt_8
Kilauea2018,60.0,65.0,7.863388776779175,6.900000095367432,0.9633886814117432,0.9633886814117432,2,mw_lt_7
Kumamoto2016,60.0,65.0,7.277998685836792,7.0,0.277998685836792,0.277998685836792,24,mw_7_to_lt_8
Lefkada2015,60.0,65.0,7.120616912841797,6.5,0.6206169128417969,0.6206169128417969,1,mw_lt_7
Maule2010,60.0,65.0,7.266181945800781,8.800000190734863,-1.533818244934082,1.533818244934082,3,mw_ge_8
Melinka2016,60.0,65.0,8.093921661376953,7.599999904632568,0.49392175674438477,0.49392175674438477,1,mw_7_to_lt_8
Mentawai2010,60.0,65.0,7.780568599700928,7.800000190734863,-0.019431591033935547,0.019431591033935547,1,mw_7_to_lt_8
Miyagi2011A,60.0,65.0,7.108863830566406,7.300000190734863,-0.19113636016845703,0.19113636016845703,13,mw_7_to_lt_8
Miyagi2011B,60.0,65.0,7.094028472900391,7.099999904632568,-0.005971431732177734,0.005971431732177734,7,mw_7_to_lt_8
Napa2014,60.0,65.0,6.7239789962768555,6.019999980926514,0.7039790153503418,0.7039790153503418,3,mw_lt_7
Nepal2015,60.0,65.0,8.221719741821289,7.800000190734863,0.4217195510864258,0.4217195510864258,1,mw_7_to_lt_8
Nicoya2012,60.0,65.0,7.6268110275268555,7.599999904632568,0.02681112289428711,0.02681112289428711,1,mw_7_to_lt_8
Noto2024,60.0,65.0,7.000127792358398,7.5,-0.49987220764160156,0.49987220764160156,56,mw_7_to_lt_8
Parkfield2004,60.0,65.0,6.164015054702759,5.96999979019165,0.1940152645111084,0.1940152645111084,2,mw_lt_7
RatIslands2014,60.0,65.0,7.716109275817871,7.900000095367432,-0.18389081954956055,0.18389081954956055,1,mw_7_to_lt_8
Ridgecrest2019,60.0,65.0,7.057582855224609,7.099999904632568,-0.042417049407958984,0.042417049407958984,15,mw_7_to_lt_8
SandPoint2020,60.0,65.0,7.109309196472168,7.599999904632568,-0.4906907081604004,0.4906907081604004,1,mw_7_to_lt_8
Simeonof2020,60.0,65.0,7.125962734222412,7.800000190734863,-0.6740374565124512,0.6740374565124512,3,mw_7_to_lt_8
Tehuantepec2017,60.0,65.0,7.46331787109375,8.199999809265137,-0.7366819381713867,0.7366819381713867,1,mw_ge_8
Tohoku2011,60.0,65.0,7.121420860290527,9.100000381469727,-1.9785795211791992,1.9785795211791992,103,mw_ge_8
Tokachi2003,60.0,65.0,7.090059518814087,8.15999984741211,-1.0699403285980225,1.0699403285980225,34,mw_ge_8
Aegean2014,80.0,85.0,7.026885032653809,6.900000095367432,0.12688493728637695,0.12688493728637695,1,mw_lt_7
Anchorage2018,80.0,85.0,7.273839473724365,7.099999904632568,0.17383956909179688,0.17383956909179688,1,mw_7_to_lt_8
Chignic2021,80.0,85.0,7.075112819671631,8.199999809265137,-1.1248869895935059,1.1248869895935059,6,mw_ge_8
Ecuador2016,80.0,85.0,8.039539337158203,7.800000190734863,0.23953914642333984,0.23953914642333984,3,mw_7_to_lt_8
ElMayor2010,80.0,85.0,7.137355804443359,7.199999809265137,-0.06264400482177734,0.06264400482177734,13,mw_7_to_lt_8
Eureka2014,80.0,85.0,7.020641326904297,6.800000190734863,0.2206411361694336,0.2206411361694336,1,mw_lt_7
Ibaraki2011,80.0,85.0,7.179765701293945,7.900000095367432,-0.7202343940734863,0.7202343940734863,76,mw_7_to_lt_8
Illapel2015,80.0,85.0,7.18199348449707,8.300000190734863,-1.118006706237793,1.118006706237793,4,mw_ge_8
Iquique2014,80.0,85.0,8.0693998336792,8.199999809265137,-0.1305999755859375,0.1305999755859375,3,mw_ge_8
Kaikoura2016,80.0,85.0,7.106540679931641,7.800000190734863,-0.6934595108032227,0.6934595108032227,4,mw_7_to_lt_8
Kilauea2018,80.0,85.0,8.068928241729736,6.900000095367432,1.1689281463623047,1.1689281463623047,2,mw_lt_7
Kumamoto2016,80.0,85.0,7.1224212646484375,7.0,0.1224212646484375,0.1224212646484375,24,mw_7_to_lt_8
Lefkada2015,80.0,85.0,7.1724371910095215,6.5,0.6724371910095215,0.6724371910095215,1,mw_lt_7
Maule2010,80.0,85.0,7.287178039550781,8.800000190734863,-1.512822151184082,1.512822151184082,3,mw_ge_8
Melinka2016,80.0,85.0,8.416746139526367,7.599999904632568,0.8167462348937988,0.8167462348937988,1,mw_7_to_lt_8
Mentawai2010,80.0,85.0,7.733895778656006,7.800000190734863,-0.06610441207885742,0.06610441207885742,1,mw_7_to_lt_8
Miyagi2011A,80.0,85.0,7.238484859466553,7.300000190734863,-0.06151533126831055,0.06151533126831055,13,mw_7_to_lt_8
Miyagi2011B,80.0,85.0,7.143650054931641,7.099999904632568,0.043650150299072266,0.043650150299072266,7,mw_7_to_lt_8
Napa2014,80.0,85.0,6.906394958496094,6.019999980926514,0.8863949775695801,0.8863949775695801,3,mw_lt_7
Nepal2015,80.0,85.0,8.282317161560059,7.800000190734863,0.4823169708251953,0.4823169708251953,1,mw_7_to_lt_8
Nicoya2012,80.0,85.0,7.781981468200684,7.599999904632568,0.18198156356811523,0.18198156356811523,1,mw_7_to_lt_8
Noto2024,80.0,85.0,7.045035362243652,7.5,-0.45496463775634766,0.45496463775634766,56,mw_7_to_lt_8
Parkfield2004,80.0,85.0,6.128129482269287,5.96999979019165,0.15812969207763672,0.15812969207763672,2,mw_lt_7
RatIslands2014,80.0,85.0,7.789996147155762,7.900000095367432,-0.11000394821166992,0.11000394821166992,1,mw_7_to_lt_8
Ridgecrest2019,80.0,85.0,7.097637176513672,7.099999904632568,-0.0023627281188964844,0.0023627281188964844,15,mw_7_to_lt_8
SandPoint2020,80.0,85.0,7.356806755065918,7.599999904632568,-0.2431931495666504,0.2431931495666504,1,mw_7_to_lt_8
Simeonof2020,80.0,85.0,7.1441192626953125,7.800000190734863,-0.6558809280395508,0.6558809280395508,3,mw_7_to_lt_8
Tehuantepec2017,80.0,85.0,8.027544975280762,8.199999809265137,-0.172454833984375,0.172454833984375,1,mw_ge_8
Tohoku2011,80.0,85.0,7.177966117858887,9.100000381469727,-1.9220342636108398,1.9220342636108398,103,mw_ge_8
Tokachi2003,80.0,85.0,7.269657850265503,8.15999984741211,-0.8903419971466064,0.8903419971466064,34,mw_ge_8
Aegean2014,100.0,105.0,6.934864044189453,6.900000095367432,0.034863948822021484,0.034863948822021484,1,mw_lt_7
Anchorage2018,100.0,105.0,7.310646057128906,7.099999904632568,0.2106461524963379,0.2106461524963379,1,mw_7_to_lt_8
Chignic2021,100.0,105.0,7.126437664031982,8.199999809265137,-1.0735621452331543,1.0735621452331543,6,mw_ge_8
Ecuador2016,100.0,105.0,7.9982757568359375,7.800000190734863,0.19827556610107422,0.19827556610107422,3,mw_7_to_lt_8
ElMayor2010,100.0,105.0,7.155703544616699,7.199999809265137,-0.0442962646484375,0.0442962646484375,13,mw_7_to_lt_8
Eureka2014,100.0,105.0,6.966945648193359,6.800000190734863,0.1669454574584961,0.1669454574584961,1,mw_lt_7
Ibaraki2011,100.0,105.0,7.5376811027526855,7.900000095367432,-0.3623189926147461,0.3623189926147461,76,mw_7_to_lt_8
Illapel2015,100.0,105.0,7.342071533203125,8.300000190734863,-0.9579286575317383,0.9579286575317383,4,mw_ge_8
Iquique2014,100.0,105.0,8.161050796508789,8.199999809265137,-0.038949012756347656,0.038949012756347656,3,mw_ge_8
Kaikoura2016,100.0,105.0,7.132657051086426,7.800000190734863,-0.6673431396484375,0.6673431396484375,4,mw_7_to_lt_8
Kilauea2018,100.0,105.0,7.787338972091675,6.900000095367432,0.8873388767242432,0.8873388767242432,2,mw_lt_7
Kumamoto2016,100.0,105.0,7.123678922653198,7.0,0.12367892265319824,0.12367892265319824,24,mw_7_to_lt_8
Lefkada2015,100.0,105.0,7.0724196434021,6.5,0.5724196434020996,0.5724196434020996,1,mw_lt_7
Maule2010,100.0,105.0,7.2818427085876465,8.800000190734863,-1.5181574821472168,1.5181574821472168,3,mw_ge_8
Melinka2016,100.0,105.0,8.009310722351074,7.599999904632568,0.40931081771850586,0.40931081771850586,1,mw_7_to_lt_8
Mentawai2010,100.0,105.0,7.863314628601074,7.800000190734863,0.06331443786621094,0.06331443786621094,1,mw_7_to_lt_8
Miyagi2011A,100.0,105.0,7.260331630706787,7.300000190734863,-0.03966856002807617,0.03966856002807617,13,mw_7_to_lt_8
Miyagi2011B,100.0,105.0,7.190516471862793,7.099999904632568,0.09051656723022461,0.09051656723022461,7,mw_7_to_lt_8
Napa2014,100.0,105.0,5.986331939697266,6.019999980926514,-0.03366804122924805,0.03366804122924805,3,mw_lt_7
Nepal2015,100.0,105.0,8.154886245727539,7.800000190734863,0.3548860549926758,0.3548860549926758,1,mw_7_to_lt_8
Nicoya2012,100.0,105.0,7.571061611175537,7.599999904632568,-0.02893829345703125,0.02893829345703125,1,mw_7_to_lt_8
Noto2024,100.0,105.0,7.178649425506592,7.5,-0.3213505744934082,0.3213505744934082,56,mw_7_to_lt_8
Parkfield2004,100.0,105.0,6.0667948722839355,5.96999979019165,0.09679508209228516,0.09679508209228516,2,mw_lt_7
RatIslands2014,100.0,105.0,7.974662780761719,7.900000095367432,0.07466268539428711,0.07466268539428711,1,mw_7_to_lt_8
Ridgecrest2019,100.0,105.0,7.10178279876709,7.099999904632568,0.0017828941345214844,0.0017828941345214844,15,mw_7_to_lt_8
SandPoint2020,100.0,105.0,7.4221343994140625,7.599999904632568,-0.17786550521850586,0.17786550521850586,1,mw_7_to_lt_8
Simeonof2020,100.0,105.0,7.205318450927734,7.800000190734863,-0.5946817398071289,0.5946817398071289,3,mw_7_to_lt_8
Tehuantepec2017,100.0,105.0,8.02616024017334,8.199999809265137,-0.17383956909179688,0.17383956909179688,1,mw_ge_8
Tohoku2011,100.0,105.0,7.224040985107422,9.100000381469727,-1.8759593963623047,1.8759593963623047,103,mw_ge_8
Tokachi2003,100.0,105.0,7.906215190887451,8.15999984741211,-0.2537846565246582,0.2537846565246582,34,mw_ge_8
Aegean2014,120.0,125.0,6.859368801116943,6.900000095367432,-0.04063129425048828,0.04063129425048828,1,mw_lt_7
Anchorage2018,120.0,125.0,7.351757049560547,7.099999904632568,0.2517571449279785,0.2517571449279785,1,mw_7_to_lt_8
Chignic2021,120.0,125.0,7.293852806091309,8.199999809265137,-0.9061470031738281,0.9061470031738281,6,mw_ge_8
Ecuador2016,120.0,125.0,7.993825435638428,7.800000190734863,0.19382524490356445,0.19382524490356445,3,mw_7_to_lt_8
ElMayor2010,120.0,125.0,7.163599967956543,7.199999809265137,-0.03639984130859375,0.03639984130859375,13,mw_7_to_lt_8
Eureka2014,120.0,125.0,6.871877193450928,6.800000190734863,0.07187700271606445,0.07187700271606445,1,mw_lt_7
Ibaraki2011,120.0,125.0,7.927110195159912,7.900000095367432,0.02711009979248047,0.02711009979248047,76,mw_7_to_lt_8
Illapel2015,120.0,125.0,7.391191005706787,8.300000190734863,-0.9088091850280762,0.9088091850280762,4,mw_ge_8
Iquique2014,120.0,125.0,8.170031547546387,8.199999809265137,-0.02996826171875,0.02996826171875,3,mw_ge_8
Kaikoura2016,120.0,125.0,7.171334743499756,7.800000190734863,-0.6286654472351074,0.6286654472351074,4,mw_7_to_lt_8
Kilauea2018,120.0,125.0,7.624544382095337,6.900000095367432,0.7245442867279053,0.7245442867279053,2,mw_lt_7
Kumamoto2016,120.0,125.0,7.089003324508667,7.0,0.08900332450866699,0.08900332450866699,24,mw_7_to_lt_8
Lefkada2015,120.0,125.0,6.901425838470459,6.5,0.401425838470459,0.401425838470459,1,mw_lt_7
Maule2010,120.0,125.0,7.320068359375,8.800000190734863,-1.4799318313598633,1.4799318313598633,3,mw_ge_8
Melinka2016,120.0,125.0,7.809007167816162,7.599999904632568,0.20900726318359375,0.20900726318359375,1,mw_7_to_lt_8
Mentawai2010,120.0,125.0,7.993951320648193,7.800000190734863,0.19395112991333008,0.19395112991333008,1,mw_7_to_lt_8
Miyagi2011A,120.0,125.0,7.296121120452881,7.300000190734863,-0.003879070281982422,0.003879070281982422,13,mw_7_to_lt_8
Miyagi2011B,120.0,125.0,7.199548244476318,7.099999904632568,0.09954833984375,0.09954833984375,7,mw_7_to_lt_8
Napa2014,120.0,125.0,6.386260986328125,6.019999980926514,0.36626100540161133,0.36626100540161133,3,mw_lt_7
Nepal2015,120.0,125.0,8.007132530212402,7.800000190734863,0.20713233947753906,0.20713233947753906,1,mw_7_to_lt_8
Nicoya2012,120.0,125.0,7.493396759033203,7.599999904632568,-0.10660314559936523,0.10660314559936523,1,mw_7_to_lt_8
Noto2024,120.0,125.0,7.3316450119018555,7.5,-0.16835498809814453,0.16835498809814453,56,mw_7_to_lt_8
Parkfield2004,120.0,125.0,5.967619895935059,5.96999979019165,-0.002379894256591797,0.002379894256591797,2,mw_lt_7
RatIslands2014,120.0,125.0,7.985496520996094,7.900000095367432,0.08549642562866211,0.08549642562866211,1,mw_7_to_lt_8
Ridgecrest2019,120.0,125.0,7.0936598777771,7.099999904632568,-0.00634002685546875,0.00634002685546875,15,mw_7_to_lt_8
SandPoint2020,120.0,125.0,7.930301666259766,7.599999904632568,0.33030176162719727,0.33030176162719727,1,mw_7_to_lt_8
Simeonof2020,120.0,125.0,7.271597862243652,7.800000190734863,-0.5284023284912109,0.5284023284912109,3,mw_7_to_lt_8
Tehuantepec2017,120.0,125.0,7.926555633544922,8.199999809265137,-0.27344417572021484,0.27344417572021484,1,mw_ge_8
Tohoku2011,120.0,125.0,7.454221248626709,9.100000381469727,-1.6457791328430176,1.6457791328430176,103,mw_ge_8
Tokachi2003,120.0,125.0,8.114791870117188,8.15999984741211,-0.045207977294921875,0.045207977294921875,34,mw_ge_8
Aegean2014,140.0,145.0,6.894586086273193,6.900000095367432,-0.005414009094238281,0.005414009094238281,1,mw_lt_7
Anchorage2018,140.0,145.0,7.3827223777771,7.099999904632568,0.28272247314453125,0.28272247314453125,1,mw_7_to_lt_8
Chignic2021,140.0,145.0,7.864731788635254,8.199999809265137,-0.3352680206298828,0.3352680206298828,6,mw_ge_8
Ecuador2016,140.0,145.0,7.991447448730469,7.800000190734863,0.19144725799560547,0.19144725799560547,3,mw_7_to_lt_8
ElMayor2010,140.0,145.0,7.195380210876465,7.199999809265137,-0.004619598388671875,0.004619598388671875,13,mw_7_to_lt_8
Eureka2014,140.0,145.0,6.896796226501465,6.800000190734863,0.09679603576660156,0.09679603576660156,1,mw_lt_7
Ibaraki2011,140.0,145.0,8.01002836227417,7.900000095367432,0.11002826690673828,0.11002826690673828,76,mw_7_to_lt_8
Illapel2015,140.0,145.0,7.829855918884277,8.300000190734863,-0.47014427185058594,0.47014427185058594,4,mw_ge_8
Iquique2014,140.0,145.0,8.231108665466309,8.199999809265137,0.031108856201171875,0.031108856201171875,3,mw_ge_8
Kaikoura2016,140.0,145.0,7.8733978271484375,7.800000190734863,0.07339763641357422,0.07339763641357422,4,mw_7_to_lt_8
Kilauea2018,140.0,145.0,7.514763593673706,6.900000095367432,0.6147634983062744,0.6147634983062744,2,mw_lt_7
Kumamoto2016,140.0,145.0,7.070703029632568,7.0,0.07070302963256836,0.07070302963256836,24,mw_7_to_lt_8
Lefkada2015,140.0,145.0,6.862571716308594,6.5,0.36257171630859375,0.36257171630859375,1,mw_lt_7
Maule2010,140.0,145.0,7.768568992614746,8.800000190734863,-1.0314311981201172,1.0314311981201172,3,mw_ge_8
Melinka2016,140.0,145.0,7.761958122253418,7.599999904632568,0.1619582176208496,0.1619582176208496,1,mw_7_to_lt_8
Mentawai2010,140.0,145.0,8.0191068649292,7.800000190734863,0.21910667419433594,0.21910667419433594,1,mw_7_to_lt_8
Miyagi2011A,140.0,145.0,7.295391082763672,7.300000190734863,-0.004609107971191406,0.004609107971191406,13,mw_7_to_lt_8
Miyagi2011B,140.0,145.0,7.1964850425720215,7.099999904632568,0.09648513793945312,0.09648513793945312,7,mw_7_to_lt_8
Napa2014,140.0,145.0,6.3197150230407715,6.019999980926514,0.2997150421142578,0.2997150421142578,3,mw_lt_7
Nepal2015,140.0,145.0,7.87647008895874,7.800000190734863,0.07646989822387695,0.07646989822387695,1,mw_7_to_lt_8
Nicoya2012,140.0,145.0,7.427115440368652,7.599999904632568,-0.17288446426391602,0.17288446426391602,1,mw_7_to_lt_8
Noto2024,140.0,145.0,7.593472242355347,7.5,0.09347224235534668,0.09347224235534668,56,mw_7_to_lt_8
Parkfield2004,140.0,145.0,5.946974754333496,5.96999979019165,-0.023025035858154297,0.023025035858154297,2,mw_lt_7
RatIslands2014,140.0,145.0,7.951196193695068,7.900000095367432,0.05119609832763672,0.05119609832763672,1,mw_7_to_lt_8
Ridgecrest2019,140.0,145.0,7.091744899749756,7.099999904632568,-0.0082550048828125,0.0082550048828125,15,mw_7_to_lt_8
SandPoint2020,140.0,145.0,7.939700126647949,7.599999904632568,0.33970022201538086,0.33970022201538086,1,mw_7_to_lt_8
Simeonof2020,140.0,145.0,8.017882347106934,7.800000190734863,0.2178821563720703,0.2178821563720703,3,mw_7_to_lt_8
Tehuantepec2017,140.0,145.0,7.948794364929199,8.199999809265137,-0.2512054443359375,0.2512054443359375,1,mw_ge_8
Tohoku2011,140.0,145.0,7.915677547454834,9.100000381469727,-1.1843228340148926,1.1843228340148926,103,mw_ge_8
Tokachi2003,140.0,145.0,8.182013511657715,8.15999984741211,0.02201366424560547,0.02201366424560547,34,mw_ge_8
Aegean2014,160.0,165.0,6.771263122558594,6.900000095367432,-0.1287369728088379,0.1287369728088379,1,mw_lt_7
Anchorage2018,160.0,165.0,7.397403717041016,7.099999904632568,0.29740381240844727,0.29740381240844727,1,mw_7_to_lt_8
Chignic2021,160.0,165.0,7.9576098918914795,8.199999809265137,-0.24238991737365723,0.24238991737365723,6,mw_ge_8
Ecuador2016,160.0,165.0,7.988329887390137,7.800000190734863,0.18832969665527344,0.18832969665527344,3,mw_7_to_lt_8
ElMayor2010,160.0,165.0,7.1504364013671875,7.199999809265137,-0.04956340789794922,0.04956340789794922,13,mw_7_to_lt_8
Eureka2014,160.0,165.0,6.983994960784912,6.800000190734863,0.18399477005004883,0.18399477005004883,1,mw_lt_7
Ibaraki2011,160.0,165.0,7.983395338058472,7.900000095367432,0.08339524269104004,0.08339524269104004,76,mw_7_to_lt_8
Illapel2015,160.0,165.0,8.124991416931152,8.300000190734863,-0.17500877380371094,0.17500877380371094,4,mw_ge_8
Iquique2014,160.0,165.0,8.237428665161133,8.199999809265137,0.037428855895996094,0.037428855895996094,3,mw_ge_8
Kaikoura2016,160.0,165.0,7.983063697814941,7.800000190734863,0.18306350708007812,0.18306350708007812,4,mw_7_to_lt_8
Kilauea2018,160.0,165.0,7.394947290420532,6.900000095367432,0.4949471950531006,0.4949471950531006,2,mw_lt_7
Kumamoto2016,160.0,165.0,7.073992490768433,7.0,0.07399249076843262,0.07399249076843262,24,mw_7_to_lt_8
Lefkada2015,160.0,165.0,6.153217315673828,6.5,-0.3467826843261719,0.3467826843261719,1,mw_lt_7
Maule2010,160.0,165.0,7.666162014007568,8.800000190734863,-1.133838176727295,1.133838176727295,3,mw_ge_8
Melinka2016,160.0,165.0,7.735385894775391,7.599999904632568,0.13538599014282227,0.13538599014282227,1,mw_7_to_lt_8
Mentawai2010,160.0,165.0,7.9597883224487305,7.800000190734863,0.1597881317138672,0.1597881317138672,1,mw_7_to_lt_8
Miyagi2011A,160.0,165.0,7.260298728942871,7.300000190734863,-0.03970146179199219,0.03970146179199219,13,mw_7_to_lt_8
Miyagi2011B,160.0,165.0,7.199100494384766,7.099999904632568,0.09910058975219727,0.09910058975219727,7,mw_7_to_lt_8
Napa2014,160.0,165.0,6.309293270111084,6.019999980926514,0.2892932891845703,0.2892932891845703,3,mw_lt_7
Nepal2015,160.0,165.0,7.808801174163818,7.800000190734863,0.008800983428955078,0.008800983428955078,1,mw_7_to_lt_8
Nicoya2012,160.0,165.0,7.313148498535156,7.599999904632568,-0.2868514060974121,0.2868514060974121,1,mw_7_to_lt_8
Noto2024,160.0,165.0,7.591226100921631,7.5,0.09122610092163086,0.09122610092163086,56,mw_7_to_lt_8
Parkfield2004,160.0,165.0,5.951273202896118,5.96999979019165,-0.018726587295532227,0.018726587295532227,2,mw_lt_7
RatIslands2014,160.0,165.0,7.883152008056641,7.900000095367432,-0.016848087310791016,0.016848087310791016,1,mw_7_to_lt_8
Ridgecrest2019,160.0,165.0,7.061858177185059,7.099999904632568,-0.038141727447509766,0.038141727447509766,15,mw_7_to_lt_8
SandPoint2020,160.0,165.0,7.9097137451171875,7.599999904632568,0.30971384048461914,0.30971384048461914,1,mw_7_to_lt_8
Simeonof2020,160.0,165.0,8.012629508972168,7.800000190734863,0.2126293182373047,0.2126293182373047,3,mw_7_to_lt_8
Tehuantepec2017,160.0,165.0,7.942784786224365,8.199999809265137,-0.2572150230407715,0.2572150230407715,1,mw_ge_8
Tohoku2011,160.0,165.0,8.603404998779297,9.100000381469727,-0.4965953826904297,0.4965953826904297,103,mw_ge_8
Tokachi2003,160.0,165.0,8.211852073669434,8.15999984741211,0.05185222625732422,0.05185222625732422,34,mw_ge_8
Aegean2014,180.0,185.0,6.960146903991699,6.900000095367432,0.06014680862426758,0.06014680862426758,1,mw_lt_7
Anchorage2018,180.0,185.0,7.38898229598999,7.099999904632568,0.2889823913574219,0.2889823913574219,1,mw_7_to_lt_8
Chignic2021,180.0,185.0,8.105421543121338,8.199999809265137,-0.09457826614379883,0.09457826614379883,6,mw_ge_8
Ecuador2016,180.0,185.0,7.995494842529297,7.800000190734863,0.1954946517944336,0.1954946517944336,3,mw_7_to_lt_8
ElMayor2010,180.0,185.0,7.13126277923584,7.199999809265137,-0.06873703002929688,0.06873703002929688,13,mw_7_to_lt_8
Eureka2014,180.0,185.0,6.962255001068115,6.800000190734863,0.16225481033325195,0.16225481033325195,1,mw_lt_7
Ibaraki2011,180.0,185.0,7.964217662811279,7.900000095367432,0.06421756744384766,0.06421756744384766,76,mw_7_to_lt_8
Illapel2015,180.0,185.0,8.148777484893799,8.300000190734863,-0.15122270584106445,0.15122270584106445,4,mw_ge_8
Iquique2014,180.0,185.0,8.150182723999023,8.199999809265137,-0.04981708526611328,0.04981708526611328,3,mw_ge_8
Kaikoura2016,180.0,185.0,8.157502174377441,7.800000190734863,0.3575019836425781,0.3575019836425781,4,mw_7_to_lt_8
Kilauea2018,180.0,185.0,7.111074686050415,6.900000095367432,0.2110745906829834,0.2110745906829834,2,mw_lt_7
Kumamoto2016,180.0,185.0,7.032169580459595,7.0,0.03216958045959473,0.03216958045959473,24,mw_7_to_lt_8
Lefkada2015,180.0,185.0,5.979122161865234,6.5,-0.5208778381347656,0.5208778381347656,1,mw_lt_7
Maule2010,180.0,185.0,8.559356689453125,8.800000190734863,-0.24064350128173828,0.24064350128173828,3,mw_ge_8
Melinka2016,180.0,185.0,7.712580680847168,7.599999904632568,0.11258077621459961,0.11258077621459961,1,mw_7_to_lt_8
Mentawai2010,180.0,185.0,7.859061241149902,7.800000190734863,0.05906105041503906,0.05906105041503906,1,mw_7_to_lt_8
Miyagi2011A,180.0,185.0,7.255751609802246,7.300000190734863,-0.04424858093261719,0.04424858093261719,13,mw_7_to_lt_8
Miyagi2011B,180.0,185.0,7.500598907470703,7.099999904632568,0.40059900283813477,0.40059900283813477,7,mw_7_to_lt_8
Napa2014,180.0,185.0,6.458505153656006,6.019999980926514,0.4385051727294922,0.4385051727294922,3,mw_lt_7
Nepal2015,180.0,185.0,7.780231475830078,7.800000190734863,-0.019768714904785156,0.019768714904785156,1,mw_7_to_lt_8
Nicoya2012,180.0,185.0,7.192829132080078,7.599999904632568,-0.40717077255249023,0.40717077255249023,1,mw_7_to_lt_8
Noto2024,180.0,185.0,7.546662092208862,7.5,0.046662092208862305,0.046662092208862305,56,mw_7_to_lt_8
Parkfield2004,180.0,185.0,5.930697917938232,5.96999979019165,-0.03930187225341797,0.03930187225341797,2,mw_lt_7
RatIslands2014,180.0,185.0,7.740668296813965,7.900000095367432,-0.1593317985534668,0.1593317985534668,1,mw_7_to_lt_8
Ridgecrest2019,180.0,185.0,7.104722499847412,7.099999904632568,0.00472259521484375,0.00472259521484375,15,mw_7_to_lt_8
SandPoint2020,180.0,185.0,7.798487663269043,7.599999904632568,0.1984877586364746,0.1984877586364746,1,mw_7_to_lt_8
Simeonof2020,180.0,185.0,7.904170036315918,7.800000190734863,0.10416984558105469,0.10416984558105469,3,mw_7_to_lt_8
Tehuantepec2017,180.0,185.0,7.948912620544434,8.199999809265137,-0.2510871887207031,0.2510871887207031,1,mw_ge_8
Tohoku2011,180.0,185.0,9.071321487426758,9.100000381469727,-0.02867889404296875,0.02867889404296875,103,mw_ge_8
Tokachi2003,180.0,185.0,8.192589282989502,8.15999984741211,0.03258943557739258,0.03258943557739258,34,mw_ge_8
Aegean2014,200.0,205.0,6.756337642669678,6.900000095367432,-0.1436624526977539,0.1436624526977539,1,mw_lt_7
Anchorage2018,200.0,205.0,7.36749267578125,7.099999904632568,0.26749277114868164,0.26749277114868164,1,mw_7_to_lt_8
Chignic2021,200.0,205.0,8.080399513244629,8.199999809265137,-0.11960029602050781,0.11960029602050781,6,mw_ge_8
Ecuador2016,200.0,205.0,7.9907379150390625,7.800000190734863,0.19073772430419922,0.19073772430419922,3,mw_7_to_lt_8
ElMayor2010,200.0,205.0,7.1232452392578125,7.199999809265137,-0.07675457000732422,0.07675457000732422,13,mw_7_to_lt_8
Eureka2014,200.0,205.0,6.897702693939209,6.800000190734863,0.0977025032043457,0.0977025032043457,1,mw_lt_7
Ibaraki2011,200.0,205.0,7.934218168258667,7.900000095367432,0.03421807289123535,0.03421807289123535,76,mw_7_to_lt_8
Illapel2015,200.0,205.0,8.083324909210205,8.300000190734863,-0.2166752815246582,0.2166752815246582,4,mw_ge_8
Iquique2014,200.0,205.0,8.09937572479248,8.199999809265137,-0.10062408447265625,0.10062408447265625,3,mw_ge_8
Kaikoura2016,200.0,205.0,8.019790410995483,7.800000190734863,0.21979022026062012,0.21979022026062012,4,mw_7_to_lt_8
Kilauea2018,200.0,205.0,6.964858531951904,6.900000095367432,0.06485843658447266,0.06485843658447266,2,mw_lt_7
Kumamoto2016,200.0,205.0,7.027714729309082,7.0,0.02771472930908203,0.02771472930908203,24,mw_7_to_lt_8
Lefkada2015,200.0,205.0,5.935489654541016,6.5,-0.5645103454589844,0.5645103454589844,1,mw_lt_7
Maule2010,200.0,205.0,8.893668174743652,8.800000190734863,0.09366798400878906,0.09366798400878906,3,mw_ge_8
Melinka2016,200.0,205.0,7.696258544921875,7.599999904632568,0.09625864028930664,0.09625864028930664,1,mw_7_to_lt_8
Mentawai2010,200.0,205.0,7.779576778411865,7.800000190734863,-0.020423412322998047,0.020423412322998047,1,mw_7_to_lt_8
Miyagi2011A,200.0,205.0,7.241808891296387,7.300000190734863,-0.05819129943847656,0.05819129943847656,13,mw_7_to_lt_8
Miyagi2011B,200.0,205.0,7.2014923095703125,7.099999904632568,0.10149240493774414,0.10149240493774414,7,mw_7_to_lt_8
Napa2014,200.0,205.0,6.175254821777344,6.019999980926514,0.15525484085083008,0.15525484085083008,3,mw_lt_7
Nepal2015,200.0,205.0,7.742308616638184,7.800000190734863,-0.05769157409667969,0.05769157409667969,1,mw_7_to_lt_8
Nicoya2012,200.0,205.0,7.194178581237793,7.599999904632568,-0.4058213233947754,0.4058213233947754,1,mw_7_to_lt_8
Noto2024,200.0,205.0,7.538020610809326,7.5,0.03802061080932617,0.03802061080932617,56,mw_7_to_lt_8
Parkfield2004,200.0,205.0,5.922362804412842,5.96999979019165,-0.047636985778808594,0.047636985778808594,2,mw_lt_7
RatIslands2014,200.0,205.0,7.695836544036865,7.900000095367432,-0.2041635513305664,0.2041635513305664,1,mw_7_to_lt_8
Ridgecrest2019,200.0,205.0,7.083926200866699,7.099999904632568,-0.01607370376586914,0.01607370376586914,15,mw_7_to_lt_8
SandPoint2020,200.0,205.0,7.816514492034912,7.599999904632568,0.21651458740234375,0.21651458740234375,1,mw_7_to_lt_8
Simeonof2020,200.0,205.0,7.974776268005371,7.800000190734863,0.1747760772705078,0.1747760772705078,3,mw_7_to_lt_8
Tehuantepec2017,200.0,205.0,7.945397853851318,8.199999809265137,-0.25460195541381836,0.25460195541381836,1,mw_ge_8
Tohoku2011,200.0,205.0,9.135103225708008,9.100000381469727,0.03510284423828125,0.03510284423828125,103,mw_ge_8
Tokachi2003,200.0,205.0,8.178587436676025,8.15999984741211,0.018587589263916016,0.018587589263916016,34,mw_ge_8
