event,role,mw,n_stations,mechanism,depth_km,lat,lon,origin_time,endpoint_err,old_err,crowell_err,new_err
Napa2014,test,6.02,28,Strike slip,11.2,38.22,-122.31,2014-08-24T10:20:44,0.8368308544158936,0.6664206981658936,0.8946669147941693,
ak014cbigci8,test,6.2,4,Strike slip,108.9,61.9449,-151.816,2014-09-25T17:51:17.606000Z,0.9862442016601562,1.272101640701294,0.8638978682851466,
2016p661332,test,7.1,7,Normal,21.8,-36.979,179.52,2016-09-01T16:37:55Z,0.2249360084533691,0.3266310691833496,0.0494141627070483,
Puebla2017,test,7.1,2,Normal,48.0,18.55,-98.49,2017-09-19T18:14:38,-0.2533161640167236,-0.1674747467041015,-0.2355382028827062,
Ridgecrest2019,test,7.1,130,Strike slip,8.0,35.77,-117.6,2019-07-06T03:19:53,-0.0985965728759765,-0.0881762504577636,0.0654265570968224,
us7000i9bw,test,7.6,11,Reverse,26.943,18.4552,-102.9561,2022-09-19T18:05:08.217Z,-0.1609625816345214,-0.2401299476623535,0.0999128624349303,
Ecuador2016,test,7.8,20,Reverse,21.0,0.35,-79.93,2016-04-16T23:58:36,-0.0756659507751464,0.0863735675811767,-0.1983665402096255,
Tokachi2003,test,8.16,228,Reverse,27.0,41.81,143.91,2003-09-25T19:50:06,-0.2151544094085693,-0.036956787109375,-0.0453292057902654,
Iquique2014,test,8.2,20,Reverse,25.0,-19.61,-70.77,2014-04-01T23:46:47,-0.2950823307037353,-0.1762733459472656,-0.3468221968313081,
nc73821036,train,6.4,9,Strike slip,17.91,40.525,-124.423,2022-12-20T10:34:24.770000Z,,-0.0845880508422851,-0.0359056335345053,-0.1803278923034668
2013p543824,train,6.5,8,Strike slip,15.6,-41.598,174.323,2013-07-21T05:09:30Z,,-0.0539555549621582,-0.0621192363184626,-0.094203233718872
2013p613797,train,6.5,10,Reverse,7.5,-41.702,174.162,2013-08-16T02:31:05Z,,-0.0207300186157226,0.1840907210182507,-0.1125984191894531
Lefkada2015,train,6.5,3,Strike slip,11.0,38.67,20.6,2015-11-17T07:10:07,,-0.1341156959533691,0.0662364727878532,-0.0713930130004882
Eureka2014,train,6.8,15,Strike slip,16.6,40.83,-125.13,2014-03-10T05:18:13,,-0.1103754043579101,0.1617366670348365,-0.2097201347351074
Aegean2014,train,6.9,4,Strike slip,10.0,40.3,25.38,2014-05-24T09:25:03,,-0.1662168502807617,-0.1249409917590789,-0.040165901184082
Kilauea2018,train,6.9,15,Reverse,2.1,19.31,-155.0,2018-05-04T22:32:54,,-0.0967860221862793,-0.1326005923330262,-0.0199723243713378
Kumamoto2016,train,7.0,161,Strike slip,10.0,32.79,130.75,2016-04-15T16:25:06,,-0.0623979568481445,0.1068019928444332,-0.0377740859985351
Miyagi2011B,train,7.1,46,Reverse,42.0,38.28,141.59,2011-04-07T14:32:43,,-0.0466690063476562,0.1792925626182695,-0.0381984710693359
2021p169083,train,7.2,10,Reverse,33.0,-37.405,179.962,2021-03-04T13:27:35Z,,-0.0961999893188476,0.0322707202911782,-0.159416913986206
ElMayor2010,train,7.2,84,Strike slip,6.0,32.3,-115.27,2010-04-04T22:40:43,,-0.1528983116149902,0.1959487304255196,-0.1585650444030761
Miyagi2011A,train,7.3,84,Reverse,32.0,38.44,142.84,2011-03-09T02:45:20,,-0.092980146408081,0.1023698152030716,-0.1569926738739013
us6000ah9t,train,7.4,5,Reverse,20.0,15.8861,-96.0077,2020-06-23T15:29:04.350Z,,-0.1155190467834472,-0.3104932254553123,-0.0661592483520507
Melinka2016,train,7.6,5,Reverse,38.0,-43.41,-73.94,2016-12-25T14:22:27,,-0.0038819313049316,-0.2845525409575575,-0.1644959449768066
Nicoya2012,train,7.6,9,Reverse,35.0,10.1,-85.31,2012-09-05T14:42:07,,-0.1280708312988281,-0.2850311404252608,-0.0482764244079589
Kaikoura2016,train,7.8,32,Reverse,15.2,-42.74,173.05,2016-11-13T11:02:56,,-0.1384387016296386,0.2397016850977182,-0.1488699913024902
Mentawai2010,train,7.8,9,Reverse,20.1,-3.49,100.08,2010-10-25T14:42:22,,-0.054178237915039,-0.5021417571450755,0.0147595405578613
Nepal2015,train,7.8,6,Reverse,15.0,28.15,84.71,2015-04-25T06:11:26,,-0.0332250595092773,0.4223113540953607,-0.0486197471618652
Simeonof2020,train,7.8,19,Reverse,28.0,55.07,-158.55,2020-07-22T06:12:44,,-0.1160364151000976,-0.0443588152881444,-0.1224422454833984
Ibaraki2011,train,7.9,507,Reverse,30.2,36.13,140.23,2011-03-11T06:15:45,,-0.111182689666748,-0.2707122843413616,-0.1291384696960449
Chignic2021,train,8.2,41,Reverse,30.0,55.39,-157.89,2021-07-29T06:15:48,,-0.1452598571777343,-0.0791545829836835,-0.2324552536010742
Tehuantepec2017,train,8.2,4,Normal,47.4,15.02,-93.9,2017-09-08T04:49:19,,-0.0862765312194824,0.2109383325312173,-0.1595306396484375
Illapel2015,train,8.3,24,Reverse,22.4,-31.57,-71.67,2015-09-16T22:54:32,,-0.1535100936889648,-0.2394918519908468,-0.1424169540405273
Tohoku2011,train,9.1,688,Reverse,24.4,38.32,142.37,2011-03-11T05:46:23,,-0.0139164924621582,-0.2802709570958743,-0.0663080215454101
Parkfield2004,validation,5.97,11,Strike slip,8.8,35.82,-120.36,2004-09-28T17:15:24,,0.2140126228332519,-0.0094988731170309,0.0562109947204589
Anchorage2018,validation,7.1,8,Normal,46.7,61.35,-149.96,2018-11-30T17:29:29,,0.0210089683532714,-0.2142900806458669,0.0065522193908691
Noto2024,validation,7.5,397,Reverse,10.0,37.49,137.27,2024-01-01T07:10:09,,0.3374166488647461,-0.0125434991223816,0.3867850303649902
SandPoint2020,validation,7.6,9,Strike slip,29.1,54.6,-159.62,2020-10-19T20:54:39,,-0.0741539001464843,-0.2755180972809086,0.0085396766662597
RatIslands2014,validation,7.9,3,Strike slip,109.0,51.83,178.75,2014-06-23T20:53:09,,0.0173711776733398,-0.4897239061151861,-0.0838403701782226
Maule2010,validation,8.8,18,Reverse,44.8,-35.85,-72.71,2010-02-27T06:34:15,,0.0981330871582031,-0.0123496622911929,-0.0026898384094238
