Epoch,n_runs,Train_Loss_median,Train_Loss_q25,Train_Loss_q75,Train_Data_Loss_median,Train_Data_Loss_q25,Train_Data_Loss_q75,Train_Phys_Loss_median,Train_Phys_Loss_q25,Train_Phys_Loss_q75,validation_station_mae_catalog_median,validation_station_mae_catalog_q25,validation_station_mae_catalog_q75,validation_event_mae_catalog_median,validation_event_mae_catalog_q25,validation_event_mae_catalog_q75,LR_median,LR_q25,LR_q75
1,15,1.5768134146016006,1.570583032168917,1.657191700395476,0.6268594793484733,0.6215678333864745,0.6450794867136775,1.022629965410481,0.9976040422916412,1.126491582867153,0.5600702698697749,0.41072651470269517,0.6723586807250976,0.7214422523975372,0.7192058712244034,0.7998035464968001,0.0001,0.0001,0.0001
2,15,1.3484692686732294,1.334180549850845,1.3914816599623285,0.4023379443432981,0.39165083947668833,0.43667681009609466,1.0509921336064478,1.0109009902647659,1.1321121526809956,0.5207782902668432,0.41791092314140377,0.633106460571289,0.6865723133087158,0.6826008856296539,0.7426737206322807,0.0001,0.0001,0.0001
3,15,1.191657588310178,1.153998118249615,1.2090501826009814,0.323977923867896,0.2970667080345212,0.3365933154712783,0.954385003232886,0.9291705465589131,1.000851243412258,0.4613752266795365,0.4183548674098315,0.5706942520141601,0.6420577168464661,0.6279226690530777,0.670449938092913,0.0001,0.0001,0.0001
4,15,1.0171009183656077,0.9768284330209306,1.0595661916637742,0.2682590939557998,0.2397642582654953,0.2886329700225913,0.8457308170665546,0.810116417801693,0.8774837027422482,0.4132704557319432,0.38187090686916075,0.5053866462707519,0.5902321679251534,0.5704905539751053,0.6049708468573434,0.0001,0.0001,0.0001
5,15,0.8559322276648756,0.7967367050800834,0.9453236607629145,0.2167447685929132,0.18909876080330945,0.2435000870302394,0.7592126132377887,0.6928292068737829,0.7877969497222264,0.3639269230087696,0.29614657667494304,0.45089588928222657,0.5623981952667236,0.5030442135674613,0.5768097341060638,0.0001,0.0001,0.0001
6,15,0.7301107528201766,0.6664139418436112,0.8362648295393273,0.1750571326477976,0.15548495970592147,0.20503915338612988,0.667083975781634,0.6011397017931713,0.7060019852629289,0.350485366821289,0.2722480289786369,0.4180257439909147,0.5036735534667969,0.470035970211029,0.5359451472759247,0.0001,0.0001,0.0001
7,15,0.6579075620683985,0.5827925381951671,0.7397702234536181,0.152862645049191,0.1380176090842663,0.17318313660108653,0.6119506440949466,0.5483412732868029,0.64240806944428,0.3271823177858263,0.28783059784673876,0.44196121798540144,0.4797574877738952,0.45595878362655634,0.5102869953427995,9.89183062363234e-05,9.89183062363234e-05,9.89183062363234e-05
8,15,0.6336726627525108,0.5343061660666024,0.671191541195646,0.1361487628943632,0.1330147458233379,0.15603692353821455,0.5774606708180484,0.5159021111890594,0.6022726220314949,0.3303468778706619,0.28818673320652277,0.41322020232753676,0.4439770579338074,0.36484224242823465,0.5152300000190735,9.572050015330874e-05,9.572050015330874e-05,9.572050015330874e-05
9,15,0.5820773159015415,0.5069185533487346,0.6068636991303628,0.1248135306877107,0.1169927047886318,0.14148362048232715,0.5275736651227847,0.49697098625839364,0.554291206538951,0.2824979047497783,0.2652487109044645,0.39420557109431853,0.4024264216423034,0.34126436710357666,0.4364285511629922,9.05463412215599e-05,9.05463412215599e-05,9.05463412215599e-05
10,15,0.5314047390432489,0.46583902983324366,0.5764873056184678,0.1198660906170356,0.10956384045228415,0.1332062229500027,0.4990839024915349,0.46462465560593946,0.5413319135056374,0.3166048596135325,0.28261894257435854,0.35368705771041586,0.3944776952266693,0.3566657091890062,0.4394003748893738,8.362196501476348e-05,8.362196501476348e-05,8.362196501476348e-05
11,15,0.5045105706312755,0.43309721451422445,0.5306937614219717,0.1106390577112003,0.09871227649679595,0.12258875277968424,0.4598256509234542,0.4301449468381531,0.5040466044503615,0.3199061120633509,0.28084095764160155,0.4466364388562658,0.3640128076076507,0.3446090519428253,0.44681271697793684,7.525e-05,7.525e-05,7.525e-05
12,15,0.4848369275537786,0.3998593762334452,0.5094564492535899,0.1097166310843175,0.09198428302720425,0.11408541534968844,0.4623099410471053,0.4074648529334959,0.48628691379898487,0.2841206283569336,0.26071977418722564,0.3433027249707773,0.3404352962970733,0.31939227879047394,0.41764377696173527,6.57963412215599e-05,6.57963412215599e-05,6.57963412215599e-05
13,15,0.4729602019480955,0.3847196238961423,0.4811219706580204,0.1006586536732094,0.0880046493811841,0.11184267946740015,0.4341196277962837,0.3966514437583981,0.4731631081464679,0.3081378784179687,0.26666619495654814,0.381367265140375,0.3678940236568451,0.3382609273706163,0.443374827504158,5.567415893174885e-05,5.567415893174885e-05,5.567415893174885e-05
14,15,0.430339140740507,0.3599953610313979,0.4652104087056091,0.0957624503621007,0.08564837102943094,0.1085720795292657,0.4221162732120976,0.3704691021422555,0.44169809285588435,0.3080152175562553,0.2591557214015475,0.35809847041622234,0.3331170380115509,0.2871086001396179,0.4022279126303536,4.532584106825116e-05,4.532584106825116e-05,4.532584106825116e-05
15,15,0.4156528265109226,0.3345775477759748,0.44547843742734733,0.0934149485771725,0.0853112620597425,0.09898115974340224,0.3960203773527028,0.35248118907665865,0.43299029683358947,0.2722791848723421,0.2555832907058986,0.3400759246201432,0.3360903263092041,0.2966390613998685,0.40390309265681673,3.5203658778440106e-05,3.5203658778440106e-05,3.5203658778440106e-05
16,15,0.4009868002868904,0.31936649887629553,0.4113332188610969,0.0886312679594933,0.0759522227571035,0.0939810014083079,0.3817069614289725,0.3434324482458587,0.40911094618229427,0.2771409255257062,0.2580358224849111,0.3359305381774902,0.3314162492752075,0.30940477550029755,0.38701823566641125,2.5750000000000013e-05,2.5750000000000013e-05,2.5750000000000013e-05
17,15,0.3896672412802611,0.3150191504400024,0.404383823694459,0.0859824264191011,0.077313724761732,0.0906334076858315,0.3818226981456334,0.33106360919397226,0.40556347567923384,0.2852190132141113,0.27424219438160025,0.2996211154190535,0.3266628980636596,0.27732062339782715,0.3573240552629743,1.7378034985236535e-05,1.7378034985236535e-05,1.7378034985236535e-05
18,15,0.3869747307361954,0.2948757627397586,0.39416402724398947,0.0854087541647152,0.07539587250340249,0.09144723142331221,0.3685935392111592,0.32091065134811136,0.4008699781077468,0.2878327582669317,0.27183215918000214,0.32709188339390705,0.3125280439853668,0.27838717401027674,0.35234320163726807,1.0453658778440109e-05,1.0453658778440109e-05,1.0453658778440109e-05
19,15,0.3749527075758012,0.2919040550311006,0.3916654732399121,0.0841947505977946,0.0756039338988225,0.09065055425862165,0.3653476728496317,0.3168845281391854,0.38953147786490405,0.2825795592794374,0.26446970080346177,0.30492234872765933,0.3235316276550293,0.30086319148540497,0.3562559570584978,5.279499846691251e-06,5.279499846691251e-06,5.279499846691251e-06
20,15,0.3831911502383086,0.28616868056601485,0.38934252756279686,0.0853566136850603,0.0731924482226571,0.08851620909767896,0.367366770030325,0.31407739403112334,0.3929055606059239,0.2806419225839468,0.25696969573030765,0.2958345075280731,0.3187322914600372,0.29814691841602325,0.3559040001460484,2.0816937636766182e-06,2.0816937636766182e-06,2.0816937636766182e-06
21,15,0.3871088565338684,0.3215894198614766,0.4255173493822293,0.0932417652622481,0.0835765774719143,0.0992158521064974,0.3901122635132772,0.33833086339137175,0.420347549226045,0.3227514561918593,0.28744617940178574,0.39365427052606017,0.3373822867870331,0.28549838066101074,0.39883215086800705,0.0001,0.0001,0.0001
22,15,0.3901590491054066,0.3288688448160551,0.42340493034604143,0.0898867119075145,0.0800186815234199,0.09740220866745036,0.3941035686823521,0.3438428379153857,0.4050495059742135,0.2990560836791992,0.27995772853325684,0.4056714080453956,0.3372050523757934,0.2856186181306839,0.36417971551418304,9.972883382072954e-05,9.972883382072954e-05,9.972883382072954e-05
23,15,0.3700251831668807,0.3259217482405162,0.4089563251833538,0.0870309400088389,0.0780614046957614,0.09949948686698959,0.3755084445976736,0.33981553923990254,0.409225787102493,0.3305447533467863,0.26217182194817923,0.5538866539001466,0.352297237941197,0.29234954714775085,0.3674658387899399,9.89183062363234e-05,9.89183062363234e-05,9.89183062363234e-05
24,15,0.3615080452836629,0.3156873450040934,0.40839046269272,0.0867776884413976,0.0796289536985372,0.09527907514032005,0.3699571036178887,0.33708895665868593,0.4050694727049383,0.3108779907226562,0.2819802931952722,0.3896650619506836,0.3553458154201507,0.29975901969841545,0.386101946234703,9.757729755661012e-05,9.757729755661012e-05,9.757729755661012e-05
25,15,0.3697791040141717,0.2986650406100718,0.39209593175563007,0.0878130570510445,0.0805030483138887,0.09438515358147484,0.3708229205310868,0.309142673825447,0.39172519857540244,0.3643504135661918,0.2707451788297978,0.4267136611938476,0.3429515361785888,0.2670954849038805,0.39492960274219513,9.572050015330874e-05,9.572050015330874e-05,9.572050015330874e-05
26,15,0.3323748313668077,0.30611367581657395,0.370551008044425,0.0813200558331805,0.07354923294909621,0.0913415623378692,0.3505404979147685,0.31441556631282225,0.3711131749415105,0.2748459739685058,0.2532818208568076,0.38037852749382095,0.3202369213104248,0.2792972390140806,0.3524349629878998,9.336825748732972e-05,9.336825748732972e-05,9.336825748732972e-05
27,15,0.3329761254659655,0.27715433554980595,0.3523002200073925,0.08193461408226,0.07204628942949284,0.08411299894405,0.3330418832587022,0.2944677324586358,0.3572308001688097,0.3359938850402832,0.27711264375066635,0.5117409780836597,0.3352392613887787,0.2820480912923813,0.36649043858051294,9.05463412215599e-05,9.05463412215599e-05,9.05463412215599e-05
28,15,0.3114430709965926,0.26908986852189715,0.33144363320984194,0.075448255010304,0.07031540586579316,0.08404771704245206,0.3213769228889988,0.2976458607709682,0.33798064464163785,0.3204066848754883,0.269136203429835,0.45256901180621273,0.3178789615631103,0.2535121589899063,0.3475291579961777,8.728566886113102e-05,8.728566886113102e-05,8.728566886113102e-05
29,15,0.3003958105412435,0.2631949075716258,0.3119130014502701,0.0768648422318487,0.06941921964063115,0.08002224743399519,0.298563360487011,0.2845325913026542,0.3331413713128448,0.3552608450663458,0.26724819983205483,0.4606520667726011,0.3016329492841448,0.25947580592972885,0.35246194899082184,8.362196501476348e-05,8.362196501476348e-05,8.362196501476348e-05
30,15,0.292322658434484,0.2539575849391828,0.3178975531297137,0.074507713568886,0.0666480634792066,0.07923805213581839,0.2896826796770514,0.2764784582616405,0.3398376531545272,0.3295831680297851,0.25523010021995374,0.44587340545654297,0.3155958652496338,0.2655934861728123,0.37908414006233215,7.959536998847742e-05,7.959536998847742e-05,7.959536998847742e-05
31,15,0.2797741062402306,0.26687151359964406,0.2930345663846991,0.0724559112653067,0.06632461492024205,0.0772749530655175,0.3106383585071283,0.2785744449115411,0.3143931468707718,0.2897487159994045,0.2561725680361089,0.38631105128022813,0.3020094037055969,0.26823570047106055,0.32246163487434387,7.525e-05,7.525e-05,7.525e-05
32,15,0.2661682450079959,0.24085963470419308,0.2906435826528579,0.0709519421176879,0.06444835348552926,0.07640753507415975,0.2940038715227744,0.26577548263668643,0.3105501797411174,0.3182838016349092,0.29607552144530547,0.4226713556112702,0.2946705136980329,0.25961245596408844,0.3229674994945526,7.063346383225212e-05,7.063346383225212e-05,7.063346383225212e-05
33,15,0.2546948875386828,0.24922507304789515,0.28354166981732654,0.0686932926338628,0.0619532771781148,0.0721149938218816,0.2864024449271046,0.26245378417918164,0.3029822888108139,0.3206775245666504,0.29245282932953953,0.4167995226751897,0.3000783920288086,0.2611001133918762,0.324584424495697,6.57963412215599e-05,6.57963412215599e-05,6.57963412215599e-05
34,15,0.2526513380514087,0.23127631695250872,0.27772464210434855,0.0665366883870288,0.06260176031427325,0.0735535703780973,0.2707026415102508,0.25916121991899904,0.29253660969630135,0.3079301814443057,0.28457551500430167,0.41910735450823283,0.2923255562782287,0.2381749302148819,0.31796418130397797,6.079162869547908e-05,6.079162869547908e-05,6.079162869547908e-05
35,15,0.2464807935464989,0.22925145229799176,0.2589547089110184,0.0663266928030739,0.059030978199362996,0.0713660106233113,0.273305121632197,0.25323865620221164,0.2862626091216278,0.3427609905754168,0.27796807360116654,0.4906016578674316,0.2800642762865339,0.25128661096096033,0.31823461396353586,5.567415893174885e-05,5.567415893174885e-05,5.567415893174885e-05
36,15,0.2382134572378688,0.22074000394348925,0.2504601519452576,0.0633332744457546,0.056676079525535106,0.06701476384307875,0.2614493890976216,0.24772986269574826,0.28176968992297047,0.3518406189594072,0.28352692606775654,0.38232970750946355,0.3129607737064361,0.2827633172273636,0.3354376554489136,5.0500000000000015e-05,5.0500000000000015e-05,5.0500000000000015e-05
37,15,0.236126524885562,0.22026034998840624,0.24402757906385605,0.0620632586147847,0.05543322075368435,0.06567085966548444,0.2604930799624196,0.2505877073494118,0.2773032298941842,0.3409544050079031,0.27472270097093604,0.42111248216923974,0.2775511145591736,0.2522870302200317,0.3132357384477342,4.532584106825116e-05,4.532584106825116e-05,4.532584106825116e-05
38,15,0.233486186536209,0.209096341404301,0.2410633759014624,0.0599352556293627,0.053355180444955005,0.0640431974291252,0.2506363356260088,0.2454947525101373,0.2707497418086525,0.3620877075195312,0.2788967612955173,0.45380116947530885,0.2799206674098968,0.2584891574723379,0.320532962679863,4.020837130452091e-05,4.020837130452091e-05,4.020837130452091e-05
39,15,0.2242029225938475,0.2040609806732241,0.23875523098027585,0.0602278877705746,0.05299607410585985,0.06218452035836605,0.2525255583420155,0.23773890291136052,0.26846466477882075,0.3308485946655273,0.26487918113064823,0.4271427350781627,0.2699573934078216,0.2369252890348434,0.3073149536337171,3.5203658778440106e-05,3.5203658778440106e-05,3.5203658778440106e-05
40,15,0.218817505245678,0.20691808888668917,0.2313550345527523,0.05891948851085,0.0524628694964253,0.0606900855995442,0.2491827032719097,0.2361142812749149,0.2641156917414992,0.3392980918884277,0.26191907011841425,0.42106500999214724,0.2802504130772182,0.2524786974702562,0.3171866557427815,3.0366536167747906e-05,3.0366536167747906e-05,3.0366536167747906e-05
41,15,0.2165463016825107,0.19827733166685801,0.2289598001345296,0.0578369489932845,0.05171862925027375,0.0594978734948858,0.2435380772362148,0.23256628403868945,0.2661454193224301,0.3562996597290039,0.2626890177762242,0.433243218648065,0.2777351311274937,0.24912326250757486,0.3077427446842193,2.5750000000000013e-05,2.5750000000000013e-05,2.5750000000000013e-05
42,15,0.212371121477315,0.19275442806602155,0.22213382666439424,0.0566100537446063,0.051472623194119244,0.0602406784293069,0.2454845091106259,0.22899437808810616,0.25878250712770157,0.3176790161132812,0.27969901555820964,0.4164235842596624,0.2719863823481968,0.2501433129821505,0.2913945615291595,2.1404630011522583e-05,2.1404630011522583e-05,2.1404630011522583e-05
43,15,0.2092508762184471,0.1895026575150999,0.21669012399042575,0.055240344832356,0.04982770663103295,0.05921446770054485,0.2382475187468403,0.22671909146239966,0.25484622941493723,0.3379553909301758,0.27148262087819597,0.41993151839738035,0.2758913338184356,0.23706031910010744,0.29070647060871124,1.7378034985236535e-05,1.7378034985236535e-05,1.7378034985236535e-05
44,15,0.2031259177333096,0.1938083267010177,0.21536292266657145,0.0557212708532171,0.049233608972978904,0.0576666212943685,0.2363011230591872,0.2316968661816498,0.25010998118375555,0.3282088050842285,0.27544253622778125,0.43527626938180825,0.2683427035808563,0.23510024164404186,0.30068445631435936,1.3714331138868997e-05,1.3714331138868997e-05,1.3714331138868997e-05
45,15,0.2082333168790713,0.18756955592369734,0.217013848386148,0.0558513365800037,0.04848935174905685,0.0565970454012657,0.2389890233247318,0.2265586015000703,0.25358777275311817,0.3419482612609863,0.28100225055779765,0.45430209562950524,0.2643652856349945,0.23499982697623115,0.29277842385428293,1.0453658778440109e-05,1.0453658778440109e-05,1.0453658778440109e-05
46,15,0.2042819327228225,0.18335708500808912,0.21010382641039305,0.0545944467894333,0.047278243930836655,0.0575776152250788,0.2385892777802721,0.2221988013868591,0.25097128515804645,0.3199988899230957,0.27614174409776404,0.4421773173145412,0.2701153755187988,0.23759077489376065,0.30299514744962963,7.631742512670284e-06,7.631742512670284e-06,7.631742512670284e-06
47,15,0.205698348775757,0.1830193227961739,0.21252954603499308,0.0542994857541817,0.048685451674143496,0.05758314700790135,0.2335220038277562,0.2294184881113535,0.2530835317911896,0.3343055038452148,0.275971040536393,0.43627410475740724,0.2682439684867859,0.24247193336486816,0.2930189328534263,5.279499846691251e-06,5.279499846691251e-06,5.279499846691251e-06
48,15,0.2035992739769575,0.18002363887678496,0.20724614126069069,0.0536209672780716,0.04751221075032885,0.0565262724728464,0.2319451205465269,0.22188705671206965,0.2480399232652581,0.3288506469726562,0.2748524811368426,0.4456495049073524,0.2717950940132141,0.2411333897284099,0.2949113483939852,3.4227024433899e-06,3.4227024433899e-06,3.4227024433899e-06
49,15,0.2050121779601058,0.18051258807144926,0.21067971988708545,0.0534007567826766,0.0470380625485929,0.0557823298721633,0.2339167153642552,0.22590181053129355,0.25313240714088636,0.3315362854003906,0.27615040466744023,0.44572972366490315,0.2723626792430877,0.23995058238506314,0.29095101143632607,2.0816937636766182e-06,2.0816937636766182e-06,2.0816937636766182e-06
50,15,0.1972471620817385,0.18144448747513658,0.20488344852856794,0.053364125823468,0.0480982160708657,0.05671647504014975,0.2324232664661977,0.2212115846855074,0.24420126734769745,0.3310311126708984,0.275303088110079,0.4346801108920697,0.2710676789283752,0.23953408002853388,0.2960144920008523,1.2711661792704663e-06,1.2711661792704663e-06,1.2711661792704663e-06
51,15,0.2255376137081702,0.2121648029449347,0.23799346969661628,0.0595243604565652,0.0536935901736464,0.06368766138149905,0.2610834785342392,0.24230669780596695,0.2696806832754548,0.3104022674560547,0.26210944487006405,0.391198488609078,0.2680495381355285,0.23145418720585953,0.29956413805484766,0.0001,0.0001,0.0001
52,15,0.2254214263071875,0.21787650497698213,0.24119835615832336,0.0596493926551089,0.05437084867581325,0.06328276278271866,0.2625967712695416,0.24449788832663621,0.28183239793062553,0.3233852729797363,0.2858580694954649,0.3645568406999725,0.2991344247545515,0.25229552388191223,0.3193224178893226,9.99321619703514e-05,9.99321619703514e-05,9.99321619703514e-05
53,15,0.2167620367660254,0.21519529780464103,0.2478601840552265,0.0621506296106483,0.057103457307887046,0.065504726071585,0.2622658309125973,0.2353532950100391,0.2823760060145873,0.3383403968811035,0.28550203111283623,0.42481626345447654,0.2879374708448137,0.2580946832895279,0.3200267553329468,9.972883382072954e-05,9.972883382072954e-05,9.972883382072954e-05
54,15,0.2276734067488086,0.20946728781036622,0.242051120118207,0.0578628101923471,0.05331002814837715,0.06271391992065795,0.2560393290520298,0.24572546370265655,0.27331813980514374,0.3473586170943742,0.2573539151743091,0.4410483512878418,0.2630374729633331,0.22724440693855286,0.3309190422296524,9.939057285945931e-05,9.939057285945931e-05,9.939057285945931e-05
55,15,0.2233054930321533,0.20852030017037482,0.25615098491028254,0.0602340983369375,0.0528604813618975,0.06419558382957476,0.2610440908657855,0.2448577546060589,0.27807983167729294,0.3379332886528723,0.29247969755315856,0.4151586639281787,0.257247120141983,0.23964165151119232,0.31791807711124415,9.89183062363234e-05,9.89183062363234e-05,9.89183062363234e-05
56,15,0.2226379023265278,0.20956758504060236,0.23310312414494422,0.0562156112736253,0.05287322693152835,0.0625129408678424,0.2553599386384189,0.2378072028419883,0.2711978569619507,0.3135286254882812,0.27746927981311253,0.4354982874466439,0.2664870619773865,0.250259165252958,0.34562861919403076,9.831332840130888e-05,9.831332840130888e-05,9.831332840130888e-05
57,15,0.2217529307463267,0.20780105462858356,0.23271174288367297,0.0552458838834767,0.05321293990367415,0.05982007926982655,0.2552925839574978,0.24035949324761718,0.26701251014881106,0.3274485473632813,0.2897961680743329,0.4479662632000676,0.2640897631645202,0.22950293123722076,0.3200503268412181,9.757729755661012e-05,9.757729755661012e-05,9.757729755661012e-05
58,15,0.2104375558425724,0.20471240347050684,0.2190657431564227,0.0558439421313809,0.0506052736880646,0.0594212801080658,0.2503562056634911,0.2318451119642475,0.26382089564221245,0.3340903854370117,0.2853926992356043,0.4803591138896751,0.2806360721588135,0.25876203817980625,0.3370977746588843,9.671223111161148e-05,9.671223111161148e-05,9.671223111161148e-05
59,15,0.2139585547474072,0.20341254502628175,0.22874245608169244,0.0546531915025725,0.04889885412392865,0.0596014745881991,0.254002868627151,0.2413513081262263,0.26711107376921817,0.3701263585041479,0.2762616014378359,0.44953502784807653,0.2887768745422363,0.258325919508934,0.31638482638767784,9.572050015330874e-05,9.572050015330874e-05,9.572050015330874e-05
60,15,0.2132536459338757,0.20495458921460147,0.2195064590420362,0.0549866780513894,0.050158530833930695,0.0590807054297197,0.2512600994881083,0.2380972812314081,0.25902462274961646,0.3427881164550781,0.2623581991304433,0.43193793150590654,0.2778400012425014,0.23080754067216602,0.3301970064640045,9.46048229473242e-05,9.46048229473242e-05,9.46048229473242e-05
61,15,0.2070448489201718,0.1990123639131263,0.2176487249811429,0.0529566983200386,0.04769380122035685,0.05689481424091215,0.2511243483140355,0.23715411308070533,0.2565571266249653,0.3521583480834961,0.24931992668076125,0.445766246540248,0.2751937806606293,0.21952775120735166,0.3148881494998932,9.336825748732972e-05,9.336825748732972e-05,9.336825748732972e-05
62,15,0.2042653137335916,0.1918020224391225,0.21414915781678545,0.0507892184165757,0.04541073933489185,0.0562380976197304,0.2423193365289825,0.22677758343923696,0.26017647536094,0.3113209953308105,0.25476469650457867,0.41204263254539253,0.257563829421997,0.25148429402283257,0.2814123183488846,9.20141931132985e-05,9.20141931132985e-05,9.20141931132985e-05
63,15,0.1989206234251014,0.19114147297565415,0.2137422127903636,0.0521878629557754,0.0448583556010721,0.05627931201722475,0.241515828615823,0.2293101425086269,0.25591806128501493,0.3462894020080566,0.2544862446303296,0.4593860494897362,0.2810698577335903,0.2528119151081357,0.3210495007889611,9.05463412215599e-05,9.05463412215599e-05,9.05463412215599e-05
64,15,0.1998661000360057,0.18991972624353015,0.20672736570216244,0.0490522601172487,0.04407085704783195,0.053679310103428496,0.2393372448737104,0.2263583179963913,0.25230947638562684,0.310088511594792,0.26070224417568316,0.4300686413708479,0.2547610402107239,0.23970401287078855,0.2965735324791499,8.896872509212006e-05,8.896872509212006e-05,8.896872509212006e-05
65,15,0.201564799503199,0.18811773142154886,0.2041478003549182,0.0478580117881595,0.044615888425847,0.05324401844458465,0.2382299516657743,0.2318304607086541,0.2522797674065247,0.3106117324829101,0.2709056668482702,0.4512483785765174,0.2653602957725525,0.2539345473051071,0.31185920536518097,8.728566886113102e-05,8.728566886113102e-05,8.728566886113102e-05
66,15,0.1983803084625036,0.1831027345452353,0.20182916977064286,0.049086341991245,0.042884213414140906,0.05134337323405425,0.2325949393931935,0.2230988875450016,0.2486520217244427,0.3132482299804687,0.2675464131183717,0.39230105774223323,0.2582545621054513,0.22850134968757624,0.3151069836957114,8.55017856687341e-05,8.55017856687341e-05,8.55017856687341e-05
67,15,0.1892463905078482,0.18526501363430725,0.2049832930757565,0.046796274317885,0.04194289687469735,0.0520377336042444,0.2394153749618619,0.22542566576601047,0.24817464753921215,0.3312279337460233,0.2798563931283201,0.38522423198188793,0.2693594694137573,0.2381204217672348,0.28804305195808405,8.362196501476348e-05,8.362196501476348e-05,8.362196501476348e-05
68,14,0.1908499044227055,0.1792605749728751,0.1997423701441916,0.04928323706835835,0.044545102436166,0.051712428362737324,0.23227659710178705,0.2160117754513014,0.24241803389965796,0.3455259742736816,0.27809062518245925,0.43907569891525283,0.2538619722638811,0.22232600301504132,0.3028668165206909,8.165135935696696e-05,8.165135935696696e-05,8.165135935696696e-05
69,13,0.180786459702445,0.1763623037039068,0.1894746010825169,0.0453153319805175,0.0435521693277265,0.048680836960071,0.2270889816888441,0.2187278897884769,0.2362287371591608,0.3563178634643554,0.2420912767442408,0.3986194368744741,0.2525585293769836,0.2217154204845428,0.2824880736214774,7.959536998847742e-05,7.959536998847742e-05,7.959536998847742e-05
70,13,0.1804707181788915,0.1743725453141703,0.1870477536439499,0.0465601360948474,0.0410491201812365,0.0491932371594182,0.227816878357306,0.2097409288687522,0.2398820767965031,0.3261163711547851,0.2604049973689001,0.4480829819756357,0.2719879746437073,0.2264551520347595,0.279848711831229,7.745963223324384e-05,7.745963223324384e-05,7.745963223324384e-05
71,13,0.1807454124276096,0.1724624089071746,0.1862492040141983,0.0453899825080248,0.0417994062771416,0.0482779593519565,0.2323908081098501,0.2108051291354301,0.2356473607395838,0.2879923515319824,0.2495069456455429,0.4118128778662528,0.2571795284748077,0.2376799583435058,0.279233591897147,7.525e-05,7.525e-05,7.525e-05
72,13,0.1773902237258183,0.1746790132237555,0.1872585239270464,0.0437227322607319,0.0416009250826151,0.0494537564938685,0.2243013487840684,0.2105649512017791,0.2408842239043979,0.3212506561279297,0.2602944198830387,0.4640174566841337,0.2546820938587188,0.2294360995292663,0.2917309829166957,7.297252973710757e-05,7.297252973710757e-05,7.297252973710757e-05
73,13,0.1809753301333747,0.1665998501506931,0.1965229454329639,0.0432800990286987,0.039419247369681,0.0469491558381878,0.2280628591126113,0.2127641817832512,0.2400088481860831,0.36815559718828,0.2522696502155465,0.4212592147117437,0.2465143884931291,0.2298774719238281,0.2734290531703404,7.063346383225212e-05,7.063346383225212e-05,7.063346383225212e-05
74,13,0.174764473220376,0.1689983299496052,0.1856567407024034,0.0435685882712807,0.0407436516766172,0.0455258107352969,0.2272266359917055,0.2084156433832772,0.2343526374236559,0.3224545909512427,0.2704012068566258,0.4004004152114209,0.2552387373788016,0.2224994897842407,0.2686317988804408,6.823921350249237e-05,6.823921350249237e-05,6.823921350249237e-05
75,13,0.1755101398079102,0.1741641201537187,0.1825594667225482,0.0425523717927739,0.0384077791202966,0.0464904278333451,0.2281695979249422,0.2088667426670792,0.2351595109610625,0.4079845292227609,0.2686860513906201,0.4390575605569426,0.256272554397583,0.2372357547283172,0.2618359923362732,6.57963412215599e-05,6.57963412215599e-05,6.57963412215599e-05
76,13,0.1719644644724099,0.1698081767272842,0.1804026323976779,0.0400373295953591,0.0386620406113411,0.045196063004709,0.2235848095844204,0.2048321164659959,0.232208815045399,0.3349904251098632,0.2622433139573195,0.4291331733624959,0.2342237404414585,0.2247881889343261,0.2884927093982696,6.331154273257477e-05,6.331154273257477e-05,6.331154273257477e-05
77,13,0.1682833089005379,0.1635550197691825,0.1759705203506884,0.0409908150245382,0.0380900091009992,0.0441862664239477,0.2229219174732594,0.2098999199988388,0.2301783759095584,0.3533486897499194,0.2577454055805064,0.3986494960975013,0.260140985250473,0.2405433058738708,0.2710074016026088,6.079162869547908e-05,6.079162869547908e-05,6.079162869547908e-05
78,13,0.1678976957900662,0.1645630213017573,0.1752198490714953,0.0404602083823947,0.0364713123861735,0.042937873746473,0.2197999089819366,0.202367804617161,0.2308796640250374,0.2938417701721191,0.2486139361379164,0.3939814747105933,0.2443814575672149,0.2231434881687164,0.262467086315155,5.824350601949144e-05,5.824350601949144e-05,5.824350601949144e-05
79,11,0.166660664202713,0.1642940808971443,0.1727155264785356,0.0425500334860902,0.0391340960613384,0.043010744525789554,0.2106084232886765,0.2012672672628443,0.22830519826547457,0.3906755674453008,0.26281070614009305,0.4330282756195136,0.2504455149173736,0.21995757520198822,0.2777084474052701,5.567415893174885e-05,5.567415893174885e-05,5.567415893174885e-05
80,11,0.163291965825696,0.15692311254710875,0.16740107212485633,0.0388493954188334,0.03874916286653155,0.0418652083891687,0.2100968606341557,0.20188293896217918,0.2233910107858459,0.3470373708148335,0.25002780919039513,0.42904575644125087,0.2563055753707886,0.22480418000902444,0.272657036781311,5.309062983402572e-05,5.309062983402572e-05,5.309062983402572e-05
81,11,0.1608913802723474,0.1555908797163339,0.17269262650933048,0.0394258489368167,0.03613526564873405,0.04140447944677665,0.2065424782180839,0.20025347312330885,0.22659775011161565,0.3828777194947235,0.2702841338902806,0.42976358060952957,0.2431338131427765,0.22983264710221965,0.27145898129258833,5.0500000000000015e-05,5.0500000000000015e-05,5.0500000000000015e-05
82,11,0.1601183259948067,0.1504792387112101,0.17005591331148057,0.0382627387735051,0.03640798559968935,0.04139344941543145,0.2031768948455418,0.19911466526411437,0.22604598423852446,0.3643888677341465,0.25977799141081626,0.40696787047033134,0.2399997413158416,0.2127927924905504,0.2644698321819305,4.790937016597429e-05,4.790937016597429e-05,4.790937016597429e-05
83,11,0.1607130083728866,0.15661860077876444,0.17081815428792246,0.039236047377904,0.036100851530714545,0.04050507411450945,0.2091866438695667,0.20294235376411685,0.22323687319215896,0.3693463915870303,0.2488205977172473,0.4459126698602106,0.265745460987091,0.23906139816556654,0.28210496689592085,4.532584106825116e-05,4.532584106825116e-05,4.532584106825116e-05
84,11,0.1574049739458439,0.15359812571992115,0.1708163347139393,0.0388821950543296,0.0346839542982819,0.039846559066606904,0.205731233751421,0.19785931076532598,0.22495390777155225,0.3602455245828048,0.2558886756466955,0.44701546553062044,0.2424004759107317,0.22595700621604914,0.25928307005337303,4.275649398050857e-05,4.275649398050857e-05,4.275649398050857e-05
85,11,0.156209103566691,0.14969602302891033,0.170158096376641,0.0385967270921862,0.03463839088274995,0.0396488727281534,0.2036139802400923,0.19554139676073545,0.22796766892086945,0.4079357851647327,0.24810441078678253,0.4434765757855256,0.2447425127029419,0.2215554501329149,0.26784002780914307,4.020837130452091e-05,4.020837130452091e-05,4.020837130452091e-05
86,11,0.1556595052502604,0.1507035880107775,0.1617391590000123,0.0371356656115964,0.03347041541067155,0.038987491465284296,0.2067814093771625,0.199459310071547,0.21763863558289098,0.4066470881237144,0.25102129697059494,0.45509749572848757,0.2504766583442688,0.22462509146758486,0.25933919634137836,3.768845726742523e-05,3.768845726742523e-05,3.768845726742523e-05
87,11,0.1613586986320489,0.14810588518400997,0.1636704182066006,0.0368913764085557,0.0327239785198388,0.0402171837234796,0.2027914012230554,0.1999683317473963,0.2213610357443887,0.3395349279722634,0.25573984671521643,0.4337724006666899,0.2497405409812927,0.22543516755104065,0.2634552887507847,3.5203658778440106e-05,3.5203658778440106e-05,3.5203658778440106e-05
88,11,0.1565055588622553,0.14918438198345454,0.16057334879732166,0.0362068489764404,0.0333527890228692,0.038355808269710454,0.2046692703420526,0.19738275412880546,0.2195040593497297,0.3824709409627143,0.24648100862432054,0.4183473017783228,0.242917388677597,0.20545624196529383,0.2721962460449763,3.276078649750764e-05,3.276078649750764e-05,3.276078649750764e-05
89,11,0.1529440924084299,0.1500255965180891,0.16481394675792815,0.0354524676817801,0.03277018730371215,0.03896415922500805,0.2070695829418103,0.19641328266763236,0.2182046975512599,0.3820040424004741,0.25062763543046135,0.4515639434423842,0.2452268898487091,0.21615822826113015,0.2670430902923856,3.0366536167747906e-05,3.0366536167747906e-05,3.0366536167747906e-05
90,11,0.1535200972391557,0.14734524255072445,0.1623849938356518,0.0355871476999014,0.0323010435706721,0.03793165895901205,0.203110739430657,0.19729628240525765,0.2198276438081429,0.3837557995438179,0.25182022941911186,0.4465086431081175,0.2445805753980364,0.2250885814428329,0.2692318196807588,2.802747026289244e-05,2.802747026289244e-05,2.802747026289244e-05
91,10,0.14941426158370363,0.14339698790372377,0.15519431259648533,0.036689198431539644,0.0323865803226446,0.037679971508099805,0.20035360451519385,0.19311079256743158,0.20961805737105293,0.3858621585144685,0.2674891522818208,0.4325377513858474,0.24194997336183272,0.21679329765694483,0.2571028886096818,2.5750000000000013e-05,2.5750000000000013e-05,2.5750000000000013e-05
92,10,0.14534901191197297,0.14244278746234304,0.15523526048541617,0.0351645203911011,0.03157923464241982,0.03741007436310155,0.19858930388071355,0.18989139353466988,0.2114031454448404,0.3684920221732172,0.2509784390011414,0.4641143676462731,0.2451044874531882,0.22990012168884275,0.2546241804957389,2.3540367766756174e-05,2.3540367766756174e-05,2.3540367766756174e-05
93,10,0.14726100050187907,0.14427811302184257,0.154846322510226,0.0351294956452236,0.03091648253764745,0.03764711855901377,0.2001029146925688,0.191552664730824,0.2099883073162156,0.38021455465889187,0.25658691699229824,0.45552240998395654,0.2462023262466703,0.23018930107355118,0.2611430883407593,2.1404630011522583e-05,2.1404630011522583e-05,2.1404630011522583e-05
94,10,0.14714519058228165,0.14203285991947373,0.15907786560603915,0.035218864300227304,0.0307571265984434,0.0368492699991215,0.19831532720811265,0.19148399375531802,0.2134477320864545,0.38477472662265644,0.2612684133578217,0.42969253045536426,0.2370062917470932,0.2190398648381233,0.25765497343880783,1.9348640643033057e-05,1.9348640643033057e-05,1.9348640643033057e-05
95,10,0.15055809160055733,0.13971291444966794,0.15504447850485306,0.03530628605821315,0.030337201618726273,0.036690647821866804,0.19715540856954972,0.19524208403607268,0.21102193016188064,0.3776502046870235,0.25165268506903,0.44096983505380594,0.23377542197704315,0.21911177784204483,0.25514027050563265,1.7378034985236535e-05,1.7378034985236535e-05,1.7378034985236535e-05
96,10,0.14523181815505648,0.13973905781900775,0.15535214191065896,0.034447672233487506,0.030337556927992525,0.035613822435668775,0.19477027418775175,0.1896699574804453,0.2126857359732456,0.38851664285459125,0.26677180712469994,0.46988789273917564,0.24135003983974454,0.2293906041554042,0.24621100936617168,1.54982143312659e-05,1.54982143312659e-05,1.54982143312659e-05
97,10,0.14602809303778963,0.14144499217403564,0.15503060037214333,0.034450184569372,0.030150811463432077,0.035049052681045446,0.19703681677130597,0.19154558406747155,0.213148744699829,0.3971329149877774,0.25474313902397117,0.4784330731768396,0.24044748714991976,0.22840026021003723,0.2577909124749047,1.3714331138868997e-05,1.3714331138868997e-05,1.3714331138868997e-05
98,10,0.14867784119553218,0.13917072164835026,0.15811133220962997,0.0341487381802132,0.030759461383461226,0.0360405176756987,0.1955888625223965,0.19177149340747568,0.21636524113325847,0.38232144327258744,0.2579020091670035,0.4568064206258219,0.2387493188892092,0.2298884966543742,0.26309674233198166,1.2031274907879942e-05,1.2031274907879942e-05,1.2031274907879942e-05
99,10,0.14551195061782474,0.1377018303831348,0.15040681800123182,0.03440499243256595,0.030112015863854102,0.035476137870866974,0.19659324776587175,0.19158401437769404,0.2072119699280486,0.386570194102865,0.2659031351933596,0.454134909542752,0.23586776426860265,0.2221811264753341,0.25685677358082365,1.0453658778440109e-05,1.0453658778440109e-05,1.0453658778440109e-05
100,10,0.14650197347111105,0.1387985911863034,0.15278602628587068,0.033929288011056796,0.0292922990292914,0.03542280080105413,0.1981183668085811,0.1930994958701354,0.20937505848192325,0.3911028172354629,0.25527052414988083,0.4609513140311584,0.23602412641048431,0.2217077932187489,0.25422998837062294,8.985806886701515e-06,8.985806886701515e-06,8.985806886701515e-06
101,10,0.14726770020795954,0.1367431278541057,0.15219681770246996,0.0337951871571229,0.0294941140655542,0.03525805384616661,0.19506601919252387,0.19377991984562454,0.20986300167466462,0.3802035765790464,0.26379158748231785,0.46729499739923147,0.234918400645256,0.21697804970400666,0.2500192352703639,7.631742512670284e-06,7.631742512670284e-06,7.631742512670284e-06
102,10,0.1438477294935283,0.13832019368101617,0.1554795027572154,0.03386220245395325,0.0295484116949492,0.035245861334362805,0.1971184817989867,0.1898722166283502,0.21164875309828776,0.38777060894211,0.26372856673777434,0.45987056053605757,0.23417609291417257,0.2221712917089462,0.2541843035391399,6.395177052675795e-06,6.395177052675795e-06,6.395177052675795e-06
103,10,0.1454551738323459,0.1384357352654379,0.15077512636552542,0.0324574621023679,0.0298673289410527,0.03503576879966577,0.1975489844079792,0.19437645381563223,0.20929507160014477,0.38313003737533075,0.26293419824258574,0.45474155709919634,0.2271317350012915,0.2187177985906601,0.2500097836766924,5.279499846691251e-06,5.279499846691251e-06,5.279499846691251e-06
104,10,0.14157092694343704,0.13794002709222686,0.1504808048850316,0.0333927835592855,0.02868580007363505,0.0355299013365392,0.19635482502675866,0.18767914645042794,0.20808827019600365,0.389172663324299,0.26238794226063666,0.4553160871108615,0.22636209854057848,0.21491839310952593,0.25191326013633186,4.287768888388514e-06,4.287768888388514e-06,4.287768888388514e-06
105,10,0.144562666600495,0.1383998323271218,0.15307383846162229,0.0333628010057882,0.0301263074491233,0.035530514903659355,0.19675382456338186,0.1896190640551852,0.20970763330551784,0.3855000706606133,0.25680747001280435,0.45663467922481366,0.2261659332684108,0.21832642597811555,0.25194793726716713,3.4227024433899e-06,3.4227024433899e-06,3.4227024433899e-06
106,10,0.14552373052534975,0.1396642729120144,0.15048727365638043,0.033094544555733046,0.0288086262027308,0.03463930102408395,0.1984814194029499,0.1928323270441597,0.20559373185905705,0.3855270803436752,0.25982753799041175,0.4574463684566952,0.2246471643447876,0.21795995533466336,0.2532934972218105,2.6866715986911185e-06,2.6866715986911185e-06,2.6866715986911185e-06
107,10,0.1398526428639821,0.1374392804733898,0.1472573845574538,0.0328067211695321,0.0290081548083501,0.035364805744279124,0.1960262621974958,0.18497867463474565,0.20502475506496276,0.3887267849374054,0.26311774117883774,0.4599474802749526,0.2311961970158985,0.22142183993543896,0.25518395006656647,2.0816937636766182e-06,2.0816937636766182e-06,2.0816937636766182e-06
108,10,0.14240807418614526,0.1392184637136177,0.14544112967358808,0.032704738046252554,0.029064551294041424,0.03454673199964722,0.19582132892792345,0.18844484347645843,0.20336279114722558,0.3848797361452054,0.2587975348590732,0.46614770921101856,0.2247676104307174,0.22062653835330687,0.257644698023796,1.609427140540686e-06,1.609427140540686e-06,1.609427140540686e-06
109,10,0.14143162661989875,0.13691376251366666,0.15181466979281277,0.03308583557356565,0.02928894378275065,0.034379158584844846,0.19523376395737635,0.18936321621224708,0.20959800907951212,0.3848634650672921,0.25932589510672466,0.4641333564534621,0.2261729048831122,0.21996151975222988,0.2565863920109612,1.2711661792704663e-06,1.2711661792704663e-06,1.2711661792704663e-06
110,10,0.14126147104587616,0.13600381493094174,0.15006932509556722,0.033480161742252254,0.028957624806853148,0.03487847610354,0.1955637632552503,0.1890027698201016,0.20889404499803485,0.38417900387498893,0.259641866698655,0.4645297559146472,0.22674661236149923,0.21994338503905703,0.25449047556945253,1.0678380296485951e-06,1.0678380296485951e-06,1.0678380296485951e-06
111,10,0.16019305056041944,0.1465653169192984,0.16697172637361646,0.0369860411955047,0.0317679084227557,0.0384630914530334,0.20259351305336504,0.19668643203395014,0.21998058086629113,0.4024756097318326,0.2859864225837268,0.5096333506627468,0.26122118532657623,0.22035708171980714,0.2808389833995274,0.0001,0.0001,0.0001
112,10,0.15673641391713922,0.15289150903522467,0.17914877174733054,0.038146112510197255,0.03464599315209802,0.04037456084468345,0.20683170771845086,0.19965203560172506,0.2292802331892126,0.35911034822934884,0.2620412543175314,0.434175855693627,0.26452540499823435,0.2375212311744689,0.3000080755778721,9.998303758629009e-05,9.998303758629009e-05,9.998303758629009e-05
113,9,0.1614134414345109,0.1540913619559343,0.1696573631641145,0.0372565738686568,0.0364654921201508,0.0384598106465332,0.2093592438324745,0.2013593352741851,0.2225235952763243,0.3632111781723343,0.2502053275001847,0.4519922519443043,0.2627391517162323,0.2507355894361223,0.295860937663487,9.99321619703514e-05,9.99321619703514e-05,9.99321619703514e-05
114,9,0.1613201012929839,0.152113512944636,0.1671955255395055,0.0365114095058717,0.0340745506973522,0.0408448599187267,0.2049791965153149,0.2017343398347261,0.2210415191777267,0.3377891384221919,0.2287778712383866,0.459785221687055,0.249102383852005,0.2379626205989292,0.271948903799057,9.984740801978984e-05,9.984740801978984e-05,9.984740801978984e-05
115,9,0.1549160362128004,0.1533258811662744,0.1728543545782632,0.0362407918201075,0.0332964699734096,0.0405472216109609,0.207187396264622,0.2001572461483666,0.2314890753164043,0.3779604464010279,0.2743882056205503,0.4269308969956036,0.2724139349801199,0.2531357705593109,0.277858167886734,9.972883382072954e-05,9.972883382072954e-05,9.972883382072954e-05
116,9,0.1581753115767125,0.1522662562100455,0.1672721079808829,0.0362514975162687,0.0354807477007111,0.0395643006100176,0.2016285905320174,0.1977871948679637,0.2224624067499298,0.3298221415987574,0.2797938694729107,0.4847882314113815,0.2552073001861572,0.2024723887443542,0.3117867410182953,9.957652063800364e-05,9.957652063800364e-05,9.957652063800364e-05
117,9,0.1603117844683707,0.1494300175418672,0.1698498041418938,0.0355996663415369,0.0328431564675969,0.0380741751440451,0.2058464920783695,0.1992403336249043,0.2229796129907802,0.3612676210709716,0.2410271405078368,0.4093864056491113,0.235082745552063,0.2122675010136195,0.2664966881275177,9.939057285945931e-05,9.939057285945931e-05,9.939057285945931e-05
118,8,0.1558517115358533,0.1543086810855976,0.17441074474357052,0.0376217383711299,0.033030748991181275,0.0390213642506599,0.20808059678089008,0.20341467311988815,0.2175347938617089,0.32075435336889085,0.2625930831406785,0.397414836112579,0.23098226530211308,0.2068502232432365,0.24891133819307595,9.917111792441576e-05,9.917111792441576e-05,9.917111792441576e-05
119,7,0.1577413773891115,0.15592462708273336,0.1685001920791973,0.0371865027883664,0.03205068475893555,0.03829377173628925,0.2070641245280502,0.2012431064427932,0.21915590822975817,0.3699885893237683,0.26840657507452004,0.4381281297204238,0.2477632462978363,0.2215660512447357,0.2667169868946075,9.89183062363234e-05,9.89183062363234e-05,9.89183062363234e-05
120,7,0.1572230913395355,0.15010603772094633,0.16435286318899667,0.034643456294456,0.033288091294180644,0.03887424759477135,0.2027034518588825,0.20208648760545234,0.2098238673853971,0.383624645562663,0.24880047091617497,0.4642895432422025,0.228780061006546,0.21508577040263582,0.27436164021492004,9.8632311059685e-05,9.8632311059685e-05,9.8632311059685e-05
121,7,0.1558639301992807,0.15356153891354746,0.16015770425019665,0.0347474823609282,0.032822842937777846,0.0366054524368528,0.2101945644114551,0.19556758327570023,0.2157621015023527,0.3662279922172741,0.27091061925657395,0.3977246722877158,0.2230012714862823,0.22282010316848755,0.2500974833965301,9.831332840130888e-05,9.831332840130888e-05,9.831332840130888e-05
122,7,0.1547209311636515,0.15309494680124336,0.16745228821093233,0.0364147583202758,0.03145764397936155,0.03734656530724025,0.211057645558379,0.19440438675649968,0.22314968093530752,0.3476185840889729,0.24610672149221735,0.3722763761201438,0.2342373984200614,0.2115673571825027,0.28998175902026035,9.796157687597556e-05,9.796157687597556e-05,9.796157687597556e-05
123,7,0.1470961444511983,0.14629365018243,0.1589339897228107,0.0341386118730258,0.0293719477141519,0.0371102906063015,0.200002544788859,0.19291054596224227,0.2172348780166273,0.3667780009087006,0.27254034892050794,0.38858582991962287,0.2308229804039001,0.21600846520492006,0.2544482073613575,9.757729755661012e-05,9.757729755661012e-05,9.757729755661012e-05
124,7,0.1507047213351906,0.14712774248135735,0.1584665010321637,0.0354195191395617,0.0300753544536387,0.0355664760037078,0.1984153216000644,0.19178033912118994,0.21477105306330374,0.3648799260457356,0.2573200934904267,0.45891917029092477,0.2378334999084472,0.22211669385433191,0.250436606151717,9.716075380906284e-05,9.716075380906284e-05,9.716075380906284e-05
125,7,0.1551449130729548,0.15315545574936257,0.1627903076376861,0.0354506003364318,0.0313085814378759,0.03581849499920525,0.2090275074302784,0.2003040376179876,0.2132125784932039,0.4086990594071803,0.2523112505172332,0.42329686457705423,0.2461347239358084,0.22621468986783705,0.26818485558032984,9.671223111161148e-05,9.671223111161148e-05,9.671223111161148e-05
126,7,0.1506063753186758,0.14372353581138775,0.16482263690933385,0.034270573446694,0.03022157966496095,0.0358919059906673,0.2042174610605558,0.19362314410174503,0.21384023707415245,0.3449576532061842,0.2719145341502388,0.44460538244194625,0.2354662077767508,0.21723580360412595,0.25506803180490223,9.623203685930868e-05,9.623203685930868e-05,9.623203685930868e-05
127,7,0.1451487824412313,0.1402907549728285,0.15635402688614086,0.0317821621875195,0.0280334853318831,0.035200258751438354,0.1979780805836437,0.18971111400213306,0.21753065638753283,0.3597454554746845,0.2711505883260754,0.40486581697812507,0.2144567966461181,0.207981988787651,0.23785851682935438,9.572050015330874e-05,9.572050015330874e-05,9.572050015330874e-05
128,7,0.1467016471008027,0.14126473277145635,0.15303212079855816,0.0327003707222129,0.028045117454605202,0.03476012083704455,0.1990929455030969,0.189377890831033,0.2138594023734442,0.3726937446087301,0.27291321050594425,0.42054315368466466,0.245523601770401,0.23749269545078275,0.26103871209280827,9.517797157531812e-05,9.517797157531812e-05,9.517797157531812e-05
129,7,0.1407740684210555,0.1405407147112127,0.1523104480659072,0.0313659338689751,0.0284687858273471,0.0343458106436869,0.1988805654593382,0.19082950286056535,0.20862041082201482,0.331619232595957,0.26913565498891645,0.39770322334598845,0.2427414655685424,0.2024535238742828,0.24514855657305035,9.46048229473242e-05,9.46048229473242e-05,9.46048229473242e-05
130,7,0.1473098096818913,0.14592984979259688,0.1580090008439661,0.0336714104793455,0.02909367053784525,0.03469735334556945,0.2040508985020207,0.1958269858192685,0.21246882875590678,0.3660706216974776,0.250684947057991,0.4172107500095304,0.2224432528018951,0.20987860858440394,0.23727902344294954,9.400144707676729e-05,9.400144707676729e-05,9.400144707676729e-05
131,7,0.1456480163442296,0.13986217478038132,0.15352997417130776,0.0304979525526137,0.0281988113333076,0.032777970774600054,0.2054696415370566,0.18639069362191615,0.2125109954535053,0.3067042196575853,0.2611028777091154,0.38422538324675237,0.2202614247798919,0.21864207514694756,0.23644417524337763,9.336825748732972e-05,9.336825748732972e-05,9.336825748732972e-05
132,7,0.1408006184339942,0.13597703282474338,0.15490300411943436,0.031280151026582,0.027944272307726448,0.0316561085089033,0.1964541086266654,0.18947231389830937,0.2098857578846791,0.3021392515991481,0.2682768634474205,0.38045664509533506,0.250192642211914,0.21668421796389986,0.26055863073893953,9.270568813552756e-05,9.270568813552756e-05,9.270568813552756e-05
133,7,0.1447477293952068,0.1441463818766197,0.15154722090906642,0.0316642844797437,0.02790298355662285,0.03295603526172905,0.2030006631634742,0.19109245159242605,0.21053769678892986,0.3579855445743531,0.27272613335053664,0.40375739606643957,0.237355500459671,0.21973673999309534,0.25175387518746506,9.20141931132985e-05,9.20141931132985e-05,9.20141931132985e-05
134,7,0.1439723209969362,0.14152656557418586,0.15232757849657969,0.0307782810109361,0.027101158206682602,0.032913306559418,0.203293881074867,0.18914460197667238,0.21010391199626122,0.3389465985768129,0.27178843544808573,0.36146143742177966,0.2114219665527343,0.20188038051128387,0.2358298940317971,9.129424633678978e-05,9.129424633678978e-05,9.129424633678978e-05
135,7,0.1412780631615114,0.13948517453843723,0.1460295863964643,0.030462029090508,0.02484113903890205,0.03172909815244125,0.1960159260207617,0.18972055007734695,0.2118935365302938,0.3192600855399604,0.2533192883937265,0.393005166206909,0.2262478555951799,0.21261118352413175,0.2518279999494552,9.05463412215599e-05,9.05463412215599e-05,9.05463412215599e-05
136,7,0.1354839336421661,0.13461433783338922,0.1494174141570343,0.0297260724584226,0.0254166280059284,0.0311588709404682,0.1978118821005126,0.1830634894553303,0.2125388766686624,0.3942452427556744,0.2597381670661213,0.42463235390410725,0.2571302652359009,0.24587021768093104,0.28957849315234596,8.977099034441615e-05,8.977099034441615e-05,8.977099034441615e-05
137,7,0.1412308866554369,0.13893504070547086,0.14579099483333563,0.0282184999495063,0.0251660131542739,0.03189771964004645,0.2003220696478566,0.1871579351371746,0.20547248636126506,0.3571558991407899,0.2971975445564819,0.42857927390610717,0.2101148962974548,0.20313701033592219,0.2316689150674002,8.896872509212006e-05,8.896872509212006e-05,8.896872509212006e-05
138,7,0.1427730091426829,0.13553275968301937,0.15070635566107024,0.0289387544273335,0.0250245568043915,0.03149479990322665,0.1953718481301462,0.1911865695656288,0.20642757324211095,0.335809874508204,0.2519316094307946,0.37006137167760567,0.2311925888061523,0.2036868780851364,0.2384233921766281,8.814009529720155e-05,8.814009529720155e-05,8.814009529720155e-05
139,7,0.1408505915338419,0.13770791715082914,0.14455193792612187,0.0298042966933472,0.025022278324554052,0.030964093685880448,0.193730971080707,0.18948976582927735,0.20365353441768552,0.3523889417004083,0.28722906952430055,0.38724940348569203,0.229390412569046,0.20978130400180817,0.25917165619986393,8.728566886113102e-05,8.728566886113102e-05,8.728566886113102e-05
140,7,0.1396271922414458,0.13539361266635605,0.1536277017264801,0.029285219345759,0.025746187997461097,0.0299893006126249,0.1987469687200937,0.1913307790395375,0.2078952975108247,0.3245828508142617,0.2608689420179087,0.35679688326940184,0.253083199262619,0.2016382217407226,0.2827794445412499,8.640603136510824e-05,8.640603136510824e-05,8.640603136510824e-05
141,7,0.1422549583057108,0.1380221283053932,0.14804491548193366,0.0289297983809808,0.024165551108694748,0.03160551914738965,0.1982520231815904,0.19139210205453133,0.20839676954087633,0.3693559198812525,0.2528471208898782,0.39329916192579634,0.2337355017662048,0.21514068543910975,0.2570679230349404,8.55017856687341e-05,8.55017856687341e-05,8.55017856687341e-05
142,7,0.1392228521993212,0.1320069989677263,0.14361149143110552,0.0283027703371324,0.025612252169189997,0.02897544199228195,0.2019670436097416,0.1815048526900514,0.20535350449765088,0.3621881380429695,0.2548838939637539,0.41068439547009644,0.2345607280731201,0.20883226394653315,0.2570705605404717,8.457355149684082e-05,8.457355149684082e-05,8.457355149684082e-05
143,7,0.1346945271341159,0.13029808520390612,0.1397960021144072,0.0277492801392015,0.023638845107368953,0.028796937877890498,0.1939642364247626,0.18484259597132197,0.2004182957867777,0.3482769805595592,0.25828427964184125,0.42285729061857547,0.2370293481009347,0.2261070907115936,0.25646286138466423,8.362196501476348e-05,8.362196501476348e-05,8.362196501476348e-05
144,7,0.1304042321516885,0.1289922482412597,0.1436908556790252,0.0273709670200236,0.0242001486308464,0.029261031481052698,0.1926028409162624,0.18080388022642352,0.2050689453773233,0.3458254735995236,0.2524517286069299,0.39036993278089416,0.264470100402832,0.21919803534235272,0.27254270017147064,8.26476783923441e-05,8.26476783923441e-05,8.26476783923441e-05
145,7,0.1345345745606246,0.1327839731253235,0.14095346986508506,0.0273314853360866,0.0223791452067096,0.029284958726021,0.1977091801193158,0.1830831443881108,0.20865897065660186,0.3548724759588738,0.2720310232298381,0.41534727197944915,0.2315813601016998,0.22763107717037195,0.24045563808509274,8.165135935696696e-05,8.165135935696696e-05,8.165135935696696e-05
146,7,0.1350059786480843,0.1304350832728898,0.1418834273987194,0.0273360687918528,0.022746988172478798,0.0276517981374081,0.1937753851689286,0.18676608307892695,0.20276731016303912,0.3393411224466621,0.2710213600220936,0.4065801717118171,0.2076678872108459,0.20267188549041745,0.2324859606368201,8.063369073593168e-05,8.063369073593168e-05,8.063369073593168e-05
147,7,0.1323504266019708,0.13057806269512856,0.1466204694822716,0.0270318203983805,0.02259104843396425,0.02820838001672905,0.1947957734816038,0.1884184037261562,0.20843629711214764,0.3465868737610472,0.25303728053761304,0.3880896721435412,0.238663945879255,0.19948896765708918,0.25951236699308666,7.959536998847742e-05,7.959536998847742e-05,7.959536998847742e-05
148,7,0.1327217904186311,0.1302497068400292,0.14092427371601196,0.0248148719794878,0.0225946135786512,0.0282405525532945,0.1931317572334769,0.18484031530800935,0.20292907885808345,0.3221072221251157,0.2750746242393717,0.37075760303805694,0.2250082790851593,0.21305145536150244,0.2516866475343704,7.853710872777923e-05,7.853710872777923e-05,7.853710872777923e-05
149,7,0.1363293105615254,0.13185854622234117,0.14239290496043294,0.0265963224527182,0.02136478452765905,0.0275754067544793,0.1936068939786593,0.18877610515783455,0.20261769451047407,0.3454530743401444,0.26303003991437346,0.39432664725471567,0.2267028987407684,0.2216025441884994,0.26056049551282606,7.745963223324384e-05,7.745963223324384e-05,7.745963223324384e-05
150,7,0.1319053701303446,0.1294041143268713,0.14013444782078466,0.024784818285117,0.02236954109775495,0.027883019536465152,0.1980085706724127,0.18062657188552125,0.2056678365000986,0.3685153911544107,0.26540820955533906,0.42395891797888124,0.2373313903808593,0.2229600995779037,0.2489891882453646,7.636367895343946e-05,7.636367895343946e-05,7.636367895343946e-05
151,7,0.1357751273321812,0.12862637092667314,0.14091694082435535,0.025136035033919,0.02079791921091815,0.02724878934498045,0.1958055067235434,0.1861602785769581,0.20747740925598063,0.3156069531657239,0.25091722313903014,0.38242390764883644,0.2208462059497833,0.19194002023765017,0.22924888134002686,7.525e-05,7.525e-05,7.525e-05
152,7,0.1312666159836814,0.1278307136000453,0.13904400494584934,0.0246846161141127,0.02142255725204005,0.027129872819872,0.193043098028381,0.18104787447173892,0.2082510739510809,0.3233250710919318,0.26534280221009676,0.40566420579176804,0.2334173023700714,0.21852622713361464,0.2444539325577872,7.411935863285063e-05,7.411935863285063e-05,7.411935863285063e-05
153,7,0.1286806955488369,0.12713275292646686,0.1363072582077593,0.0234938238916005,0.02070645550131795,0.026850680363984802,0.1937393750860197,0.1803141672471914,0.20087366852586452,0.4026769012839823,0.24541839807058605,0.4092423658148533,0.2416831254959106,0.21220880746841425,0.24786138534545896,7.297252973710757e-05,7.297252973710757e-05,7.297252973710757e-05
154,7,0.130793410146922,0.1267815658819382,0.1348561653925635,0.0241523602018247,0.020141757323210552,0.02623400130179855,0.1972589723595289,0.1800093841141577,0.2039743639124784,0.379375356904428,0.2642088137113682,0.3975286663304663,0.2293319106101989,0.20847098529338837,0.2547252348491123,7.181029929201061e-05,7.181029929201061e-05,7.181029929201061e-05
155,7,0.1303030002619973,0.12606099485885092,0.13791690979365978,0.0246520380543541,0.02082889344638465,0.0256270959672635,0.1921661439752658,0.18509086434891436,0.20072759539148594,0.4001167514923535,0.2565951104619092,0.42068290393613894,0.2464828831808907,0.19342254102230066,0.24729096889495844,7.063346383225212e-05,7.063346383225212e-05,7.063346383225212e-05
156,7,0.132599601527288,0.13116036164320627,0.1395506584190786,0.024710240585628,0.02060543534835355,0.02583783954399305,0.1944975143933948,0.1848131997775947,0.2047320243543298,0.368687047778834,0.2653173679417776,0.4038256773618932,0.2314732074737548,0.2075618505477905,0.24451147658484318,6.944282990207195e-05,6.944282990207195e-05,6.944282990207195e-05
157,7,0.130530813011637,0.12828409373898103,0.13530965526451916,0.0239191184144447,0.0197324492494543,0.025147539518289103,0.1957607475623679,0.18283379049758916,0.2015888482356017,0.3694714486004902,0.2804981886966146,0.41469195805250736,0.2311920438494001,0.21583291888236994,0.24662891456059038,6.823921350249237e-05,6.823921350249237e-05,6.823921350249237e-05
158,7,0.1273780529025568,0.1266102283302635,0.13480068522143723,0.0241788457326185,0.019425749302915102,0.024875171013123053,0.1934561675267802,0.18174729200312456,0.2012765826708387,0.3478172556770468,0.267909873051429,0.4052531867064247,0.2305988924843924,0.2175078988075256,0.2680331532444272,6.702343953207165e-05,6.702343953207165e-05,6.702343953207165e-05
159,7,0.1271009280079573,0.1255344419342423,0.13567630757226834,0.0237878978429182,0.0192248946372316,0.0248173194150121,0.1940227509759645,0.1828422298121326,0.20026437132866334,0.3483365128602696,0.2829536570439926,0.40455642807919323,0.2429024491991315,0.20027153193950648,0.2436932623386383,6.57963412215599e-05,6.57963412215599e-05,6.57963412215599e-05
160,7,0.1324142086694446,0.12644124173339283,0.1365174454427242,0.0232957762016248,0.0196740633214485,0.02578307848269555,0.1940714862095717,0.1862990552124114,0.19936104801886423,0.3081403739692628,0.24577621733166688,0.405649351783237,0.2247762084007263,0.2085640281438827,0.2352840730122157,6.455875956284418e-05,6.455875956284418e-05,6.455875956284418e-05
161,7,0.1264411890601022,0.12314591167210814,0.13206623185370153,0.0231465653030231,0.019385508158646002,0.024229607191948548,0.1901285219698362,0.1819345468691237,0.19683230843372757,0.3179726157077523,0.25625369194638303,0.40903022799288435,0.2320584654808044,0.2084463834762573,0.24080485531261986,6.331154273257477e-05,6.331154273257477e-05,6.331154273257477e-05
162,7,0.1290508104620334,0.12541564748424425,0.1340326142601782,0.023325829614471,0.01933927305194745,0.0250872213259234,0.1964935293532429,0.18005076391206684,0.19989477338342498,0.4116339086826193,0.25810440463208806,0.4303537326001645,0.2369763255119323,0.22925951225416996,0.2458607575723103,6.205554551086733e-05,6.205554551086733e-05,6.205554551086733e-05
163,7,0.1275206174616172,0.1252207854183256,0.1328521034410864,0.0227191051703948,0.019116045797038503,0.0245707590126404,0.1952591164818627,0.18018520999248078,0.19978495440235283,0.356625981505131,0.2548891598235571,0.39855454908564486,0.2241248488426208,0.2194227150508335,0.2514877021312713,6.079162869547908e-05,6.079162869547908e-05,6.079162869547908e-05
164,7,0.1262936747922629,0.1241707752131348,0.13299731744772214,0.0226595843020951,0.018566361139629048,0.0246524242251716,0.1915588895829279,0.1792918922926294,0.20286868146121345,0.3555939770484155,0.27020365171297067,0.39352655858582297,0.2395261355808803,0.20611821115016934,0.24963254587990893,5.9520658511861305e-05,5.9520658511861305e-05,5.9520658511861305e-05
165,7,0.1225027949508338,0.1204378330105278,0.13036760336110553,0.0219417381082352,0.0177780658928762,0.0235773603118329,0.1892329468857237,0.17631113919411476,0.19820365524485256,0.297695132981107,0.2467800247272805,0.41353050894119414,0.2342615127563476,0.22220644354820246,0.2398476387773241,5.824350601949144e-05,5.824350601949144e-05,5.824350601949144e-05
166,7,0.1218737572148683,0.12007797677037166,0.1313313281793158,0.0219392666596467,0.017815081653262052,0.0226846484906041,0.1909377847151807,0.17660638533519524,0.1997644866860872,0.367532914923143,0.2706508637371536,0.3700211964629547,0.2205847203731537,0.21016414463520044,0.2508215223039899,5.696104651489256e-05,5.696104651489256e-05,5.696104651489256e-05
167,7,0.1220219163239701,0.12058629820971155,0.12905644986669124,0.0215584340624786,0.018121575649796648,0.0229477042468143,0.1906431810956371,0.17727225178260164,0.20279698218570905,0.3681269336248421,0.25301796460197057,0.3958984303183994,0.2425664961338043,0.2337900251150131,0.26093912124633784,5.567415893174885e-05,5.567415893174885e-05,5.567415893174885e-05
168,7,0.1231529945637645,0.1223562218501084,0.13201559896234993,0.0208348525108635,0.01788332063599495,0.0233006231635743,0.1906725375396722,0.1812184283702989,0.1979092053006761,0.3615695851981838,0.2752798390266452,0.40069155784076305,0.2214739620685577,0.20677118003368375,0.2474747832332338,5.438372523852833e-05,5.438372523852833e-05,5.438372523852833e-05
169,7,0.1256922074806284,0.1213993488449151,0.13175535328417695,0.0209921223352055,0.018325161011004648,0.0238288829024296,0.1893998992170188,0.17910851341768808,0.2009294598765181,0.3121908315656457,0.27862561490377646,0.37075728541064756,0.231607586145401,0.19616216421127314,0.2419701027018683,5.309062983402572e-05,5.309062983402572e-05,5.309062983402572e-05
170,7,0.1220193743156628,0.1200629936737521,0.1308452727276068,0.0209801007874035,0.017689500849143502,0.0229574441304184,0.1894908212187701,0.1782654820301411,0.19945549890820263,0.3746268540653807,0.2641686335865646,0.40058329599112236,0.2237590253353119,0.21799211204051966,0.2550513765641621,5.179575894123972e-05,5.179575894123972e-05,5.179575894123972e-05
171,7,0.1247190107918531,0.11958949153622556,0.13061033478309836,0.0215655676398576,0.0170393047862645,0.022557163905673097,0.1895494526621351,0.1788707591580171,0.19884023939545895,0.3651041276959221,0.2571440045460384,0.3855053203578539,0.2179291546344757,0.2098073661327362,0.24357824666159494,5.0500000000000015e-05,5.0500000000000015e-05,5.0500000000000015e-05
172,7,0.1215579671226753,0.12012440888068365,0.1277820994024588,0.0212806024259653,0.0171112768223109,0.02340595773789495,0.1903635976136163,0.1781942004792929,0.1948687596307469,0.3189325892384002,0.30125427421945783,0.380620996289343,0.2233865559101104,0.21757613548210686,0.23367482849529808,4.9204241058760286e-05,4.9204241058760286e-05,4.9204241058760286e-05
173,7,0.1270723889021817,0.1200974545128944,0.12977193783944357,0.0208860022230286,0.01719653730450165,0.022209250021182403,0.1968095491446309,0.17708340748123205,0.2036026571312501,0.3479020434492582,0.25569337508107837,0.39844681627858647,0.2352252687726702,0.2070336043834686,0.2414082139730453,4.790937016597429e-05,4.790937016597429e-05,4.790937016597429e-05
174,7,0.1221705126086731,0.121403842394988,0.1306399991011819,0.0203582524258139,0.017248603162043852,0.0220836362685281,0.1905994535673936,0.1789016034748726,0.1996693139080356,0.3833127528726064,0.2500513190440081,0.42760773946887487,0.2285737097263336,0.21601505577564234,0.25375410488673616,4.661627476147168e-05,4.661627476147168e-05,4.661627476147168e-05
175,7,0.1207559073641765,0.11970279940932091,0.12787074396165396,0.0207479410331781,0.0168248887806061,0.0218330065626487,0.1891445211529532,0.1778963980230589,0.19723413594807654,0.3499173431565463,0.2433148394109016,0.3829044685807339,0.2250606119632721,0.21502451598644257,0.24787000247410362,4.532584106825116e-05,4.532584106825116e-05,4.532584106825116e-05
176,7,0.1218379363155742,0.1197128807990881,0.12743548689811335,0.0203788991729435,0.01633936927871785,0.0219252722841967,0.1904010266598079,0.1775067299473474,0.19708846773828226,0.3796029666465514,0.24450898649738206,0.4228133826505075,0.2473969757556915,0.22698782171521864,0.2511177722896848,4.403895348510746e-05,4.403895348510746e-05,4.403895348510746e-05
177,6,0.12306630138426365,0.12204732908915158,0.12475742009987187,0.02085613622207365,0.017409271953959277,0.021820544558192573,0.1882794499085313,0.17975283586968432,0.19316608887030579,0.3553309775930174,0.27582295382714606,0.375430297613936,0.2003752142190933,0.19671596586704246,0.23198129875319343,4.275649398050857e-05,4.275649398050857e-05,4.275649398050857e-05
178,6,0.11998837380384265,0.11916007487688858,0.12316929341436264,0.020941356293568948,0.017299089077064227,0.022096761093036252,0.18479932241464203,0.17761012993635106,0.18972163893477928,0.40357314127756244,0.29207449614398306,0.43401892689507404,0.2284131518432072,0.21372865885496137,0.2440093500273568,4.147934148813871e-05,4.147934148813871e-05,4.147934148813871e-05
179,6,0.1222862981469329,0.12042197723626598,0.12327124493774447,0.0200796431447714,0.016856261067938798,0.021171006842918175,0.1856596129972872,0.17930163469276864,0.19301104906682254,0.3732075788914035,0.2933231025390442,0.4071199676127133,0.22183004447392052,0.21602305344172884,0.23156246436493733,4.020837130452091e-05,4.020837130452091e-05,4.020837130452091e-05
180,6,0.12138935066937864,0.11534148237139297,0.12312347706280423,0.0199956600546103,0.0170769237384526,0.0207233637561514,0.18549531080564646,0.17440555553706538,0.19313164697861218,0.37569160266044,0.28681725353812376,0.3933865756027458,0.22313605248928065,0.20225003361701963,0.22822401672601694,3.894445448913269e-05,3.894445448913269e-05,3.894445448913269e-05
181,6,0.11813238687901355,0.11722086912744492,0.12125842374219598,0.0201230992371566,0.017007642736358325,0.020954950126248026,0.18269824559653725,0.1753780596442717,0.19209200317910563,0.37591458132628713,0.27676601723160993,0.41246683321204813,0.23002364592892782,0.21706447005271912,0.24583272316626137,3.768845726742523e-05,3.768845726742523e-05,3.768845726742523e-05
182,6,0.12030987615692175,0.11750142625246605,0.1228842279207666,0.02042834643562615,0.017175578445245174,0.020655281576597975,0.18500168745411172,0.1758996634523143,0.19328912980708907,0.36823533777382683,0.28016784139623613,0.4116128244801349,0.22269454598426813,0.20744735002517695,0.24650724551507402,3.644124043715583e-05,3.644124043715583e-05,3.644124043715583e-05
183,5,0.119928166998258,0.1171735192801286,0.120197695112641,0.0193055057456235,0.0156752318788646,0.0197019386440777,0.1910678312007706,0.1760664776831813,0.1913041485580633,0.3409853984879233,0.255955980163621,0.3874522712935641,0.2313988506793975,0.222562551498413,0.237558228628976,3.5203658778440106e-05,3.5203658778440106e-05,3.5203658778440106e-05
184,5,0.1209678744251404,0.1158699143828532,0.1263228387955112,0.0193743625809626,0.016369154333594,0.0205213350975503,0.1921733945508298,0.1744551118888838,0.1963421444630636,0.3777853637306661,0.2650962649954406,0.3978557528583446,0.2286328375339508,0.2236669063568115,0.2379436492919922,3.397656046792834e-05,3.397656046792834e-05,3.397656046792834e-05
185,4,0.12024994567398525,0.11862292138318932,0.12443974706910421,0.02024263912658015,0.018603708181644273,0.02085651568025355,0.18497458787336035,0.17791430224617044,0.19436926002464316,0.3679561902782318,0.3353173131819702,0.3907132979626973,0.2185948491096496,0.20941779762506482,0.23254361003637308,3.276078649750764e-05,3.276078649750764e-05,3.276078649750764e-05
186,4,0.11709339832911825,0.11604978169702475,0.12037998210234552,0.019406459382645097,0.0178986286173606,0.020093579131633423,0.18239177539872045,0.1753219110082658,0.19153166807362265,0.38297963250783185,0.3335921492765123,0.4083086503456946,0.2195975482463836,0.20866436511278147,0.2307712276067052,3.1557170097928055e-05,3.1557170097928055e-05,3.1557170097928055e-05
187,4,0.1181261955788244,0.11547867760522296,0.12347765433907067,0.0196648730637803,0.0181412500192928,0.020401198418416498,0.18353558087083474,0.17846008261210675,0.19075836292023524,0.3781835387045991,0.31834164825119465,0.4215468164554088,0.22322152554988856,0.21593023091554636,0.23664837862764082,3.0366536167747906e-05,3.0366536167747906e-05,3.0366536167747906e-05
188,4,0.11900782882561466,0.11500403818613818,0.12675055311479827,0.01936020004204575,0.017476425125176123,0.020593495801989974,0.18473153501331074,0.17471285628544417,0.197738830613638,0.38921584639438356,0.34643969522702983,0.4103898059588105,0.20968048274517054,0.20561016350984573,0.21079349411385392,2.9189700707989405e-05,2.9189700707989405e-05,2.9189700707989405e-05
189,4,0.11745742464549111,0.11282468727595041,0.1252272872523877,0.01865701609404065,0.017803281292136427,0.01938683766419045,0.18263680580142266,0.1727021198870322,0.19554767770316733,0.40372909026288506,0.345384344766151,0.43722215713562773,0.2212900838681629,0.2128165023667471,0.23255417495965952,2.802747026289244e-05,2.802747026289244e-05,2.802747026289244e-05
190,4,0.11897342211883036,0.1162721342087996,0.12461679232327443,0.0195273326559283,0.0177242751963575,0.0204698496187559,0.1840897371519607,0.17512329597752835,0.19599233922454412,0.36432074866817643,0.3168924647522683,0.3960646097719757,0.21237225830554962,0.20718799531459808,0.21879073445286065,2.6880641367149382e-05,2.6880641367149382e-05,2.6880641367149382e-05
191,4,0.1178806080807175,0.11585899512815451,0.1216917659494956,0.01914135310045965,0.0175513091436726,0.019920452511157826,0.18312879053183365,0.17505058708726728,0.19310218048376307,0.38324070003209587,0.33050136967773924,0.41798148071594005,0.21906033158302302,0.2098078802227973,0.2372637454952512,2.5750000000000013e-05,2.5750000000000013e-05,2.5750000000000013e-05
192,4,0.1162644923102206,0.11520297801603277,0.12106567787012948,0.018518354097194552,0.017181455838913624,0.019419967535613026,0.18263792004339505,0.17550303567665737,0.19274447158340294,0.3977166024817449,0.33323303790470754,0.43985806831485685,0.22605878114700315,0.21684414893388745,0.23294448746102195,2.4636321046560534e-05,2.4636321046560534e-05,2.4636321046560534e-05
193,4,0.1171734353127438,0.11703482466333047,0.12101758248767308,0.0189255685897409,0.017736680571357775,0.0193573957871561,0.18303944466133198,0.17722956215396443,0.19215211779253988,0.3847270099031569,0.33236298026503297,0.4223769909323709,0.22012081742286682,0.21389811486005783,0.22614040651491707,2.3540367766756174e-05,2.3540367766756174e-05,2.3540367766756174e-05
194,4,0.1154303351245579,0.1144771031701449,0.11996387030999622,0.0184809386415934,0.017026245347317774,0.019321296642871424,0.18106999785843886,0.17414762315738072,0.19169645203517208,0.3976993399733061,0.3306644902443015,0.4420819865876192,0.2315484434366226,0.22201851010322568,0.23866708363805497,2.2462891272220767e-05,2.2462891272220767e-05,2.2462891272220767e-05
195,4,0.11635049722100049,0.11531693562318453,0.11959762779896002,0.0184825677473772,0.017264616119034324,0.019205553164942227,0.1823716307252851,0.1763539730926389,0.1902601876737612,0.4088941861360703,0.3507815335329205,0.4354919757598695,0.23244613834789818,0.22680516434567316,0.23475304991006848,2.1404630011522583e-05,2.1404630011522583e-05,2.1404630011522583e-05
196,4,0.11653071648104249,0.11337106863465576,0.12112715999889156,0.018314766587921902,0.0169199555733218,0.0192545339484559,0.18218941296205082,0.173338691790724,0.19267005822710215,0.3709917076402328,0.3250374160881555,0.4069179086639125,0.21363317966461182,0.21032937616109848,0.22274363785982126,2.036630926406833e-05,2.036630926406833e-05,2.036630926406833e-05
197,4,0.12039702876200985,0.11796980599257453,0.12253855625505038,0.01855717967501685,0.017193871049285575,0.01927873114532485,0.1866659372856195,0.17836919295976367,0.19422083146168384,0.3752297242242971,0.3244127147974152,0.41082197494124456,0.21974709630012512,0.215925358235836,0.22457368884767803,1.9348640643033057e-05,1.9348640643033057e-05,1.9348640643033057e-05
198,4,0.11766971116660199,0.11507999131649149,0.12254838851694132,0.0184506263505333,0.016851330159012776,0.019569208306450876,0.18313443645868976,0.17500650047967847,0.1938262861029429,0.3842194235161134,0.331079232587976,0.41928893623412367,0.21644744277000424,0.2103123962879181,0.22628033161163325,1.8352321607655915e-05,1.8352321607655915e-05,1.8352321607655915e-05
199,4,0.11733087009814175,0.11494043809549985,0.12115355468735828,0.018351946649696402,0.0169611397961674,0.019212443450955227,0.18314404854105848,0.1750008913578698,0.19273570285048675,0.3861071472020112,0.32461036061779414,0.4259261413074076,0.21748985350131986,0.20927988737821576,0.22647658629076817,1.7378034985236535e-05,1.7378034985236535e-05,1.7378034985236535e-05
200,4,0.1174308471014903,0.1137631295153933,0.12337331360759775,0.01850871418427625,0.017230085137310776,0.0191285507885554,0.1832246786973005,0.17384734889901585,0.19489078944007776,0.3982403373401426,0.3438279369093045,0.4278286123494601,0.22637964785099024,0.20800242573022834,0.24322959887129916,1.642644850315917e-05,1.642644850315917e-05,1.642644850315917e-05
